transaction_id,user_id,product_id,channel,quantity,amount,discount,transaction_date
839239f8-9155-4adb-8b42-2815a484c7e2,0405e266-5a01-46aa-8949-ead219b74ace,2341a1b6-ca76-4973-ad2e-4a906f9fd51d,mobile,2,235.2,3.6,2025-06-16T13:51:20.948621
cf6f5b3a-c916-4305-8fd5-466d3add8d35,00e32ae3-176f-46d2-894c-5504a1bdace4,17c1c99f-c424-420e-8868-5ab21bafe8e5,mobile,1,142.26,4.19,2025-08-22T13:51:20.948681
538fcfda-d5fb-4e7e-929b-90441e2a2ee7,4ec84b5f-b09d-47ae-b377-aa007382cd8e,a0de6626-305c-473f-946f-bec5e72fa2b2,mobile,1,367.56,9.99,2025-09-18T13:51:20.948720
874eb949-2515-4cd2-8f80-9fcf47ca0a45,4829a140-3157-48b9-87d5-344eb58b6325,053f89ae-21b6-4267-baf4-f4be573d366f,mobile,2,142.3,3.08,2025-12-07T13:51:20.948750
7a8a5536-67f0-494e-9d2c-1094eec6d634,48fb6021-8054-4fbb-8b47-87326c61c00b,1308f602-c166-4cdc-868a-0b4938053d4d,mobile,1,32.44,9.58,2025-08-29T13:51:20.948764
f8faabea-9526-4fb4-b83d-217d4e8e5cd7,03cd349e-dd04-4d46-a08f-6b40026ac251,168e2ef5-ab86-444e-ad38-6cbe82465e6a,store,5,450.3,10.87,2025-04-26T13:51:20.948778
527df052-530e-45da-829a-15f11818f780,3226488b-4d5b-4e5c-b1a2-eb3197174b97,321b80eb-c6e9-42e0-a6f5-86598247acd3,mobile,5,1464.45,18.29,2025-06-15T13:51:20.948793
0da070cf-6f37-4223-aaf3-f40e700f1dda,a2db16fd-ba72-4f0b-9305-a8b470f9b0fa,bff07f43-24a8-4d20-b9e9-6cac1ecce307,mobile,3,180.21,12.25,2026-01-20T13:51:20.948807
3725a647-0aa3-41c6-967d-ce360d962f8a,439867bf-aa4f-4697-aaf1-3b9e12b22379,f6df0b45-6106-42d3-8c75-195d0ad4baee,web,3,1166.37,0.21,2025-09-07T13:51:20.948821
3e529040-2364-4d4c-a843-15ceb4f789b3,400b741d-0ca0-45d6-8523-573617fee653,6eae25b5-bfd1-445a-b0d8-86e5ef9604a3,mobile,5,2395.1,11.61,2025-07-24T13:51:20.948834
f0d061e8-ba09-48ed-a61a-215b27d241f9,045d4675-4ee0-49ec-a9b1-1d1db855e831,6eae25b5-bfd1-445a-b0d8-86e5ef9604a3,store,4,1916.08,9.26,2025-10-06T13:51:20.948848
a9ba1da5-35ca-47e3-8b6c-7fccd66b9e52,1a02c0cc-fc75-4896-95e3-13aa5ba34d35,bdea1b76-1208-4a2f-b2e1-1aa8a5626500,web,2,616.92,9.66,2025-10-21T13:51:20.948861
0cb27e97-6a0b-4bef-a2e9-d78eba9c809a,b237f9d5-60b3-45de-bbeb-f64d46377e62,e68cd9b3-0f66-4719-b9c8-10a5e0acfc32,mobile,1,429.1,2.83,2026-02-15T13:51:20.948877
3c34b1c5-b616-4870-9e8f-cbfdfe5dae40,a1674076-3038-4d42-97bd-ba83e6a52720,457d9d38-588b-41ff-8c67-d7258b51a8e6,mobile,4,1665.6,9.66,2025-12-31T13:51:20.948896
b951f0b6-6077-4451-a8ac-5e476fe7558c,59734e6c-879e-4a68-86e6-a30c9e01f2a6,08cb9e44-2170-4369-9ab2-a47e52847e6c,store,4,468.48,6.38,2025-04-24T13:51:20.948918
4bddbd06-adc2-4ce0-b641-fee02697a17d,eeba25c3-bc51-40f2-ad4f-d841787e2823,944989d7-0474-4130-959f-c793bf62259e,store,1,119.36,12.96,2026-04-04T13:51:20.948931
9a66d406-6811-4bd9-b2ce-cf074cc8ff24,d6de87d1-6cf1-400d-8b1d-d8af4573a316,9c0e36b8-29dc-48d8-9869-8d952c29dbdb,web,2,597.46,11.04,2025-07-25T13:51:20.948944
f0dc19d0-4722-4c23-860a-f56c696f9cb1,02e42010-f231-4ab6-bf73-8efa9d7e8f75,17c1c99f-c424-420e-8868-5ab21bafe8e5,web,4,569.04,15.96,2025-08-22T13:51:20.948961
73a83bfd-10a5-462a-9e60-2a5f0d43c400,71dd238d-4040-4247-9b73-eff211153a97,24665074-3a11-4fcf-82f7-1d50a0b2580f,mobile,2,763.62,8.64,2025-05-23T13:51:20.948990
a0dc77f4-445e-4fc4-9262-3778496e599f,65907001-78fd-4e76-8be5-e9a095386e1d,ad1fb5ee-a91c-4991-9341-e395d2beecef,store,4,1408.32,7.78,2025-06-16T13:51:20.949017
d4a00335-74be-459b-82b4-add9da6fe450,9b66b8f5-ba94-4ffa-9d5d-1385fe996de7,56ad6e1f-0691-4acd-a3de-c8da072e3963,mobile,2,292.3,16.17,2025-11-24T13:51:20.949031
83a5c656-2146-44cf-9f48-df1299b0d633,ed6a095f-27ce-4cef-91ef-c21286d7ce21,2341a1b6-ca76-4973-ad2e-4a906f9fd51d,web,1,117.6,7.32,2025-07-15T13:51:20.949045
f6c402e0-e721-4ac2-9d13-99c896e70244,1234b85a-6c0e-42b9-8953-1aa40eca3434,7df8e284-e832-44a7-94ef-f17a4e5da9d6,mobile,1,89.69,17.25,2025-12-02T13:51:20.949058
efd68b25-8c28-4331-97c0-8f54fc37eed4,a18309c4-a283-406a-9f8a-e402aa32ac66,905f2110-caca-46ad-b1fc-61c3fda110f1,mobile,5,243.0,7.85,2025-09-29T13:51:20.949071
239023c7-e552-4f76-8664-1c7861e6e2f4,0405e266-5a01-46aa-8949-ead219b74ace,6c37ac7c-22fb-489b-9e12-ba964446997b,mobile,3,1331.58,3.45,2025-08-24T13:51:20.949085
295b34b9-0cf5-45ed-a585-61e8483d71cb,2c8ea884-611e-4c1c-8bfc-fb572f76ea57,053f89ae-21b6-4267-baf4-f4be573d366f,web,5,355.75,13.44,2025-06-17T13:51:20.949098
2fe526d4-c899-4755-91aa-c0008a7039f6,de68630e-da9e-45bb-9038-1aeb89f735f1,28de6b67-c5da-4fd9-9ae6-64f199eb885d,web,2,609.96,3.66,2025-11-10T13:51:20.949111
0f74e619-49aa-457c-8f27-4e1ef70e11da,608deb86-6661-4f77-bb41-aecc5e51f64a,08f682e0-0949-4d7f-9c1a-36bb48342221,store,5,1077.75,11.93,2025-09-29T13:51:20.949124
69d1aed3-cbb4-40a1-9f0b-ad036183bbe5,045d4675-4ee0-49ec-a9b1-1d1db855e831,1308f602-c166-4cdc-868a-0b4938053d4d,store,4,129.76,12.71,2026-01-10T13:51:20.949138
5847f17a-5ddb-437f-84cc-1dca2380659f,608deb86-6661-4f77-bb41-aecc5e51f64a,24665074-3a11-4fcf-82f7-1d50a0b2580f,store,5,1909.05,5.78,2026-01-20T13:51:20.949151
8977a578-ca46-48a7-8556-5b6b26621721,637c0f84-207d-48a7-a962-320e19bc238f,905f2110-caca-46ad-b1fc-61c3fda110f1,web,4,194.4,17.31,2025-06-02T13:51:20.949166
3192aee0-3581-468f-ac14-96061942ce02,67da80eb-8c00-4328-9bd2-9b409e254a97,79634690-8c5c-4240-8205-82b10c85c886,web,4,1293.24,16.3,2026-02-05T13:51:20.949186
f378e394-3c00-42c1-bf3d-5729ec28faf6,47305be8-cd55-4cfd-9661-fe36f5f81ce5,17c1c99f-c424-420e-8868-5ab21bafe8e5,store,5,711.3,8.18,2025-05-16T13:51:20.949210
caf0c854-990e-41d1-b680-13e0374d6750,78d4e439-fa45-4a8f-9594-3c1461777872,e68cd9b3-0f66-4719-b9c8-10a5e0acfc32,web,4,1716.4,1.65,2025-08-08T13:51:20.949249
aa9c5799-5b1c-4de9-8c3c-2738d72a3290,4c3b7dd1-c7ed-48ad-a424-3974280ffa05,6eae25b5-bfd1-445a-b0d8-86e5ef9604a3,store,3,1437.06,4.5,2026-03-30T13:51:20.949272
93685f2f-0cc2-4b6d-80e0-7b9963a9f60a,5b57c74e-573c-4427-abd3-d81ce726c936,9c0e36b8-29dc-48d8-9869-8d952c29dbdb,mobile,4,1194.92,15.45,2025-06-30T13:51:20.949286
8f4b6391-b2c8-4e81-92c7-3dd7865061ae,17b5440a-a8df-4fd5-997a-0921ee427014,17c1c99f-c424-420e-8868-5ab21bafe8e5,mobile,5,711.3,2.28,2026-02-17T13:51:20.949300
a3d87417-0fc6-4dfc-989a-cf2a53476cbe,96478114-3e95-4c71-adc2-4d8618801e09,168e2ef5-ab86-444e-ad38-6cbe82465e6a,web,3,270.18,15.2,2025-07-12T13:51:20.949314
6b82cafd-c387-438c-9d34-e20ad5047ae2,81c9fc48-3729-4936-b13b-53365da461ff,168e2ef5-ab86-444e-ad38-6cbe82465e6a,web,2,180.12,14.72,2025-09-10T13:51:20.949328
33499d5d-14f8-477a-a7f0-6e8ffe7d69db,fbce644f-c034-451d-a9da-e01919623f87,bff07f43-24a8-4d20-b9e9-6cac1ecce307,store,3,180.21,5.26,2026-03-30T13:51:20.949349
0b2482cc-3cb7-4204-829a-e64bc277ba8a,01345167-d5c6-442f-9e36-7a5740ee4bcf,1890b36f-a137-41e5-b5ed-1d9d565c4bd0,web,4,102.24,4.2,2026-02-14T13:51:20.949371
b5ad3f34-0733-4f4c-af27-2691316ab284,0aecb8b1-e5bf-4a41-88ed-1559a7e7a3a1,6c37ac7c-22fb-489b-9e12-ba964446997b,store,5,2219.3,3.32,2025-05-27T13:51:20.949385
826bce6b-a9f7-4a18-8cec-72f8c16ba3e7,45aafc55-589b-4421-813b-4d61aa30747f,56ad6e1f-0691-4acd-a3de-c8da072e3963,mobile,2,292.3,7.02,2026-03-16T13:51:20.949398
6965c1e7-ad3a-4a33-a4af-5406a642678b,e28f4770-6966-405d-a263-775367525a66,168e2ef5-ab86-444e-ad38-6cbe82465e6a,mobile,2,180.12,5.85,2025-11-01T13:51:20.949411
61ab2476-a0a2-4118-9196-34c9f22a5c75,51b8c361-d3b7-4bfc-a0c5-c15b2fc0a697,a47d64f7-a098-44b9-8c64-05a8c978779f,web,5,1529.1,2.71,2025-05-03T13:51:20.949425
99516d01-0b2e-4304-bbaf-d32f30df9999,0187210b-941d-4bad-b587-443bb52be2a0,e68cd9b3-0f66-4719-b9c8-10a5e0acfc32,mobile,1,429.1,2.54,2025-11-25T13:51:20.949438
b23345fe-4cb0-410a-8a49-cf2bab1ca3d9,0128dff7-59f2-4242-8cbc-aa2fd07f13b8,542e404c-f975-45bf-b793-249b8d15665d,mobile,2,214.84,6.44,2026-01-31T13:51:20.949452
e240192d-a51c-4a4e-b763-fb86bc9dfcb1,fd6dddea-61e9-40b1-9ccc-6fa3d1499f25,f6df0b45-6106-42d3-8c75-195d0ad4baee,mobile,4,1555.16,12.65,2026-02-02T13:51:20.949466
55b8bcb1-ae4a-4792-88ff-b466c68b0573,f6449f19-458b-444b-b1c6-fdab5901ee7d,e68cd9b3-0f66-4719-b9c8-10a5e0acfc32,web,4,1716.4,12.67,2025-08-27T13:51:20.949479
4fff4fbd-394f-4bb5-b750-16fa919f187d,c28076f1-629d-4e62-9dae-bd317892740b,1890b36f-a137-41e5-b5ed-1d9d565c4bd0,mobile,4,102.24,5.56,2025-07-26T13:51:20.949494
6c5fcb29-3de0-4f2e-aec6-8cac916e57bb,4169a5b1-d3ce-4a9a-9d4e-f35c958725e4,321b80eb-c6e9-42e0-a6f5-86598247acd3,store,4,1171.56,11.64,2025-08-09T13:51:20.949507
9eb9cabe-2d4c-46cb-9890-c2aed523461b,3e0f0892-3271-4349-a4d6-c5b43dd208f5,1890b36f-a137-41e5-b5ed-1d9d565c4bd0,mobile,4,102.24,13.95,2025-05-25T13:51:20.949545
806e767f-f8e4-42e6-aa6d-961355484014,2a6c32ce-d70a-4305-a174-d980455e126f,d5ee97fe-7203-4277-a432-29e8207ec8be,web,5,262.95,19.36,2025-09-24T13:51:20.949560
4347d5aa-814a-45f9-b7f0-869245a85a1c,54e0fdd2-0846-4239-b960-d6e6580496ae,56ad6e1f-0691-4acd-a3de-c8da072e3963,store,4,584.6,16.57,2025-11-29T13:51:20.949573
cfbe41f6-0982-4a16-aa21-6e50f2148181,897ea419-5205-4856-81b1-ab4a07c658a1,17c1c99f-c424-420e-8868-5ab21bafe8e5,mobile,5,711.3,17.05,2026-02-08T13:51:20.949587
7bf33b09-2f79-4672-a594-b8be70979129,706c92b2-4312-41a5-af08-065360ef288d,457d9d38-588b-41ff-8c67-d7258b51a8e6,web,1,416.4,12.52,2026-03-23T13:51:20.949600
ece689bd-6003-4857-8b1b-7a00da109fb0,b0b5d801-ca6b-405b-820c-269c6367bf13,7df8e284-e832-44a7-94ef-f17a4e5da9d6,web,1,89.69,8.83,2026-02-11T13:51:20.949614
f552f5a0-7183-48c0-8d31-39ac28048294,448a6e6d-f8d5-4ebc-bf46-f25be1b499c3,e19c753d-318c-4edb-b565-fc406c99c72c,web,2,392.5,17.64,2025-04-28T13:51:20.949627
1c236323-ddaa-410a-b458-acde07d38603,26c7cb26-7ff0-42e0-be22-ca8bac43dfda,9c0e36b8-29dc-48d8-9869-8d952c29dbdb,mobile,3,896.19,7.21,2026-02-27T13:51:20.949641
709bd3be-42b7-461f-a1dd-7a5e7246e09b,1c13764a-936b-493a-8635-7e1a3faff27d,321b80eb-c6e9-42e0-a6f5-86598247acd3,store,2,585.78,12.51,2026-03-20T13:51:20.949654
6fb9a309-eb4e-495f-81e0-85538b76909f,9c8a22ec-7e5f-474b-8e85-d6b34aea9e24,6eae25b5-bfd1-445a-b0d8-86e5ef9604a3,web,4,1916.08,14.07,2025-05-15T13:51:20.949667
3a95bceb-2f48-4149-a08a-95034c27cf58,448a6e6d-f8d5-4ebc-bf46-f25be1b499c3,56ad6e1f-0691-4acd-a3de-c8da072e3963,web,4,584.6,11.87,2026-03-07T13:51:20.949686
ecde760d-1138-4f29-b5d1-729e03e33f91,de68fb7c-314a-441e-8f92-23d7f49a490a,f1f6542b-4b3f-4e65-8d9a-766c8d57ad72,mobile,1,321.48,6.87,2026-04-11T13:51:20.949718
a3cc8610-0292-4c30-a97f-4eaff3dd58df,c201751d-3703-40ae-8b50-ef3cb48ddcf8,e19c753d-318c-4edb-b565-fc406c99c72c,web,2,392.5,4.58,2025-08-14T13:51:20.949758
8f5a6236-3613-4939-a640-2d15fe78b1c0,c2dc8b95-1cde-4bed-a268-3df956803335,08cb9e44-2170-4369-9ab2-a47e52847e6c,store,1,117.12,17.62,2025-11-06T13:51:20.949793
a15ff61d-2b70-4c65-8937-54989914496d,f81bcfa1-39d2-47e8-8236-8071706a6271,1308f602-c166-4cdc-868a-0b4938053d4d,mobile,2,64.88,2.86,2025-05-22T13:51:20.949823
abb64971-f933-4f76-9207-02230b2f0f63,82c6b92a-eacb-45ed-b8c3-430b0d490459,2341a1b6-ca76-4973-ad2e-4a906f9fd51d,mobile,1,117.6,3.28,2025-06-07T13:51:20.949854
6c5e677f-8c32-40ed-9a69-c2b2e6145791,3c0ec3bc-82a6-49b7-bc9b-7911b3f741a6,56ad6e1f-0691-4acd-a3de-c8da072e3963,mobile,2,292.3,13.73,2025-09-17T13:51:20.949883
139fc5ac-74aa-40bc-b84c-5e4417091a5e,6ca7f72e-570e-4750-8520-e4fb1d8434d1,56ad6e1f-0691-4acd-a3de-c8da072e3963,web,1,146.15,15.05,2026-02-23T13:51:20.949907
cd975ff6-2c66-41a8-9240-8554579d25a7,ac9d43e7-e4a4-4d8f-b14c-e805d4976edf,1308f602-c166-4cdc-868a-0b4938053d4d,store,3,97.32,15.82,2025-09-08T13:51:20.949921
43f1befd-ccd8-4b45-a135-0cc7f23f03ec,fd6dddea-61e9-40b1-9ccc-6fa3d1499f25,a47d64f7-a098-44b9-8c64-05a8c978779f,mobile,1,305.82,12.02,2025-12-09T13:51:20.949934
1fd27f0f-1a14-4980-b716-7c0da64b7f18,ebcca014-8ee1-48b0-8f73-19d476e0b3a8,a0de6626-305c-473f-946f-bec5e72fa2b2,store,1,367.56,4.11,2025-05-13T13:51:20.949947
db5f82a0-2352-433e-a85c-c9c4ffc0dbef,6e1cf5e7-7914-4d62-b2b0-b64a0772ac65,bdea1b76-1208-4a2f-b2e1-1aa8a5626500,store,2,616.92,12.92,2025-09-27T13:51:20.949961
e1bfcd34-7ece-4ba4-be6c-4b257d7df956,cd1b11ec-0996-4be8-8902-195674a27e17,bff07f43-24a8-4d20-b9e9-6cac1ecce307,web,4,240.28,4.82,2025-09-30T13:51:20.949974
6c516374-8658-4360-81d9-43debd8945ca,fcce4cc1-7186-4f54-85f6-10e497d9899f,d5ee97fe-7203-4277-a432-29e8207ec8be,store,5,262.95,18.68,2026-04-09T13:51:20.949989
e7bc0f35-71af-46de-b217-471ef9b8e17f,0af417b2-c439-4d9b-a97b-9e76de6515ea,1308f602-c166-4cdc-868a-0b4938053d4d,store,5,162.2,10.93,2025-09-12T13:51:20.950006
d9b75b7e-7bad-44af-9f01-630b1b1281f8,d8485234-37db-4394-ae90-cbf6891d00c3,0e9c5cdb-187a-4121-93cd-cd24adc53bc4,mobile,1,112.65,1.35,2026-04-07T13:51:20.950020
29aa9cab-a2fe-48eb-a32a-d59d2e3625df,3446f091-304c-48ee-8228-02b3d1c875dc,56ad6e1f-0691-4acd-a3de-c8da072e3963,store,1,146.15,10.13,2026-03-16T13:51:20.950034
10cdcf7e-4ad4-497f-b026-0760b6f4b9d6,f6449f19-458b-444b-b1c6-fdab5901ee7d,bdea1b76-1208-4a2f-b2e1-1aa8a5626500,mobile,4,1233.84,8.05,2025-09-11T13:51:20.950047
35e64f93-d79e-4f0a-b598-114942a41dcd,a8448f61-5b18-4c98-82b9-083ed705ce61,168e2ef5-ab86-444e-ad38-6cbe82465e6a,web,5,450.3,5.55,2025-06-04T13:51:20.950061
3005163b-4fdb-4ab8-a9e9-634a5aa4c22b,16e7deb1-5e07-4f9f-b198-5181d24733dd,1890b36f-a137-41e5-b5ed-1d9d565c4bd0,web,5,127.8,10.73,2026-01-01T13:51:20.950074
8d78dbe1-0f63-4207-a707-365040db5d77,6b1fe901-5849-41af-9f5a-20e3dd30b27e,d5ee97fe-7203-4277-a432-29e8207ec8be,store,3,157.77,14.6,2025-04-23T13:51:20.950086
c6299d05-1392-4257-9b19-59c143e10fd8,a177a8f2-78cc-4b69-8423-50b9e3c5cb7e,bff07f43-24a8-4d20-b9e9-6cac1ecce307,web,1,60.07,18.49,2025-12-11T13:51:20.950099
8a8e5ea5-4831-4342-90e9-ab0c5b8a0853,26073014-9b38-40c7-bdc5-0108e886fb39,7df8e284-e832-44a7-94ef-f17a4e5da9d6,web,5,448.45,6.19,2025-06-08T13:51:20.950113
e59c639d-02f9-4dd1-910a-36c5229aae86,3a0a8104-2429-4838-b9fb-61c66c54643d,24665074-3a11-4fcf-82f7-1d50a0b2580f,mobile,1,381.81,2.74,2026-04-09T13:51:20.950126
0dece6f8-353a-4b33-b511-0d427668dcff,540330b2-5f16-49dc-872a-7e8b69278d22,9c0e36b8-29dc-48d8-9869-8d952c29dbdb,mobile,4,1194.92,10.34,2025-10-20T13:51:20.950139
9d2c8423-fb62-401f-a2be-c35c303e07a3,f5f484ec-b164-4ceb-bb25-b1a7bd322661,11d7b21d-825c-442e-8c20-a64d4de4dd3c,web,2,114.76,15.0,2025-10-07T13:51:20.950152
9ffabfef-9e85-4db7-9df6-2e9ad264e8e6,fcde5f6e-e6d6-4d2d-b864-ca5cfe08fe46,a47d64f7-a098-44b9-8c64-05a8c978779f,store,1,305.82,16.14,2026-03-31T13:51:20.950166
6add8081-9d22-4743-93eb-9e6b992aa352,616ee21c-1141-485b-98f2-fdb0e48d66c0,1791a541-fe39-430b-9626-a24acd85e08e,mobile,1,271.72,19.5,2025-12-02T13:51:20.950179
56013f23-43ed-4dbb-a2dd-b960fc908b2e,f6449f19-458b-444b-b1c6-fdab5901ee7d,d5ee97fe-7203-4277-a432-29e8207ec8be,mobile,4,210.36,7.2,2025-08-25T13:51:20.950194
f1aed3ba-f06a-4b35-8afa-db73347db976,10a2df5c-33d0-4125-922e-bf481cd31fd5,2341a1b6-ca76-4973-ad2e-4a906f9fd51d,web,2,235.2,5.1,2025-10-09T13:51:20.950207
a33095fc-8560-4c42-9e21-f9282226f9bd,083e8a6f-8f77-46a2-9c02-e6aed9548dfb,2341a1b6-ca76-4973-ad2e-4a906f9fd51d,mobile,1,117.6,10.18,2025-12-20T13:51:20.950221
663d2758-14e8-4f82-b138-6b4eca8c3e9d,1bf5ec6f-1fb7-41ba-8561-83bd4b958e3f,79634690-8c5c-4240-8205-82b10c85c886,store,2,646.62,7.28,2026-03-23T13:51:20.950233
0fa8717c-72e5-49c0-a624-4254a2833a6c,39d21055-64ab-4312-b0c0-d7ddc3e6fe12,08f682e0-0949-4d7f-9c1a-36bb48342221,mobile,2,431.1,16.06,2026-03-28T13:51:20.950248
5da55779-5d18-4a54-ace6-c0359b71fa7a,63c5d37e-dcd5-4139-8a69-7e16620a0f45,e68cd9b3-0f66-4719-b9c8-10a5e0acfc32,web,2,858.2,8.33,2025-11-02T13:51:20.950265
41b69722-b0b3-46ed-801f-f905aff7f3f6,de09c21b-2790-4f59-98f6-c678497d35f8,905f2110-caca-46ad-b1fc-61c3fda110f1,mobile,3,145.8,7.46,2026-03-07T13:51:20.950283
a867bab7-1799-427b-a6c9-a629f9abdc68,f556570a-83d4-4f36-bcdc-aa50e4af7c10,69b6bb4a-cfaa-4878-91ae-e146f31c1955,mobile,2,683.14,19.63,2025-12-22T13:51:20.950314
f4d00e3c-7104-4249-8122-fd676f95f5c6,f65d479b-25d8-4802-84c9-42567ffe5a6e,f6df0b45-6106-42d3-8c75-195d0ad4baee,store,1,388.79,15.47,2025-08-20T13:51:20.950337
429cfc98-2295-4870-ab06-421ddc5f7d90,a1674076-3038-4d42-97bd-ba83e6a52720,905f2110-caca-46ad-b1fc-61c3fda110f1,store,1,48.6,0.16,2025-07-06T13:51:20.950351
e63eea00-542c-4bd3-bf73-b4e9e28b8e19,039c9b20-dd1e-4d98-ac25-be384c76f160,a0de6626-305c-473f-946f-bec5e72fa2b2,mobile,5,1837.8,12.45,2025-11-11T13:51:20.950364
3cd1146b-acef-4ec5-8a01-f3d7c2b8eeb7,9d57b2f2-8959-4ba6-a225-7aae14a7ca35,321b80eb-c6e9-42e0-a6f5-86598247acd3,web,5,1464.45,14.65,2025-08-06T13:51:20.950377
4c6b2100-1cbf-4db7-8471-3f30cb1b333a,a297e636-369b-47d2-b6d9-e19bf136f198,bff07f43-24a8-4d20-b9e9-6cac1ecce307,store,2,120.14,0.48,2026-04-12T13:51:20.950390
f34904fc-ea87-47fd-81b7-17eef4c597ff,c69c213c-78e1-4bab-9a52-334bd420ad6d,6c37ac7c-22fb-489b-9e12-ba964446997b,web,1,443.86,15.18,2025-10-26T13:51:20.950404
dd6ddace-7dbe-4691-8044-dd60b99fd7ea,dd438a1f-d050-4e92-8063-444c9b52b2e1,053f89ae-21b6-4267-baf4-f4be573d366f,mobile,1,71.15,19.66,2025-12-31T13:51:20.950418
2f1f0fa3-9681-4948-a306-24e74a17d77f,d5327b4f-92bb-47e0-8591-523fd0425dda,ca3df109-0f94-4c65-bb50-5e247fa97614,mobile,1,353.88,5.6,2026-02-02T13:51:20.950431
bed1f63a-8794-47ce-bb14-17fae909935c,1bf5ec6f-1fb7-41ba-8561-83bd4b958e3f,6eae25b5-bfd1-445a-b0d8-86e5ef9604a3,mobile,5,2395.1,17.91,2025-09-16T13:51:20.950444
3e145eb4-e9a2-4487-bc14-2e33349b4de9,f034c227-4c36-4efd-aaf6-21c60e1aa1f6,1890b36f-a137-41e5-b5ed-1d9d565c4bd0,mobile,5,127.8,2.67,2026-02-26T13:51:20.950456
0bc40edc-a6de-45cc-9683-70e455aa3166,eb42c702-fa41-44fc-bdd9-249a90c13937,f6df0b45-6106-42d3-8c75-195d0ad4baee,mobile,1,388.79,1.25,2025-06-16T13:51:20.950469
1c9125be-1a5f-45ce-aa74-ed9c09b76919,66008cc3-2699-4807-9a2a-082a6a036e54,542e404c-f975-45bf-b793-249b8d15665d,store,2,214.84,17.02,2025-11-17T13:51:20.950482
53914ad0-084d-4c7e-9328-38ba15979ccb,1a545b76-5860-41b1-baaa-3e68e201641e,f6df0b45-6106-42d3-8c75-195d0ad4baee,store,3,1166.37,5.44,2025-11-04T13:51:20.950495
ca48942f-9cb2-49da-a660-f1f9510c7b0a,d7b7e2da-9059-4d56-ae4f-90db25a23b66,ad1fb5ee-a91c-4991-9341-e395d2beecef,web,2,704.16,3.11,2025-06-20T13:51:20.950508
deaf7307-426b-4d1c-9370-f7ad656b3179,2d085040-be9a-497e-812b-d0c170b17e58,f1f6542b-4b3f-4e65-8d9a-766c8d57ad72,store,4,1285.92,2.41,2025-11-06T13:51:20.950538
68d42679-0a42-4f55-9375-f14088f7d743,181f6def-75b2-4650-8010-6b2d2c405278,56ad6e1f-0691-4acd-a3de-c8da072e3963,store,4,584.6,5.3,2025-11-09T13:51:20.950562
12a012a8-108c-43da-8b86-f29d4ed8d1e3,c201751d-3703-40ae-8b50-ef3cb48ddcf8,1890b36f-a137-41e5-b5ed-1d9d565c4bd0,store,2,51.12,16.53,2025-04-29T13:51:20.950580
2311ad22-84fc-4ae0-a066-de1494d3b00b,b3b9c473-d479-4061-9770-ea72c7a0d95c,944989d7-0474-4130-959f-c793bf62259e,web,2,238.72,1.82,2025-10-30T13:51:20.950601
49ddc932-867d-4db5-880b-0d838d34ea23,5b737127-dd4b-42d2-8e51-24ce5e175dba,6c37ac7c-22fb-489b-9e12-ba964446997b,web,4,1775.44,13.54,2025-07-27T13:51:20.950616
adaa5c4e-6fb3-468d-a087-2a99b287cd6d,8731ca65-1e1e-4850-a464-1901c9b19bd4,24665074-3a11-4fcf-82f7-1d50a0b2580f,store,1,381.81,11.12,2025-09-20T13:51:20.950629
506aef95-b0b5-45de-877a-38776611649c,ef8b891a-8f31-48c0-87ec-dd90e192da22,bff07f43-24a8-4d20-b9e9-6cac1ecce307,web,1,60.07,16.08,2025-08-22T13:51:20.950642
49b26631-55a4-4e2a-b349-9c2b0d76e7ba,45aafc55-589b-4421-813b-4d61aa30747f,28de6b67-c5da-4fd9-9ae6-64f199eb885d,web,1,304.98,2.61,2026-03-15T13:51:20.950655
036459e3-2a00-4e5c-a90b-9f30df4d03b4,f5f484ec-b164-4ceb-bb25-b1a7bd322661,f6df0b45-6106-42d3-8c75-195d0ad4baee,mobile,3,1166.37,18.75,2025-04-29T13:51:20.950668
75580aac-e0e9-454a-aab2-b526de3cfec2,ae5fe4b9-a9aa-4f59-b42b-46e5f2468402,11d7b21d-825c-442e-8c20-a64d4de4dd3c,web,1,57.38,3.96,2026-04-04T13:51:20.950681
b38d3f87-8841-430c-9879-2d40dd3ee9fc,325a16f2-810b-43e0-b3fa-e2d5e3c13093,f1f6542b-4b3f-4e65-8d9a-766c8d57ad72,store,2,642.96,2.45,2026-02-27T13:51:20.950695
f1cfd5c7-6e47-4d85-bc2d-c46f71e00a9e,0f4e0175-34a6-491e-bf85-2bbc0c78acd4,7df8e284-e832-44a7-94ef-f17a4e5da9d6,mobile,1,89.69,8.66,2026-01-19T13:51:20.950708
21568ee1-fb32-4a0a-b0e2-0a553e52506e,739dee87-b56f-4b08-a7f9-6c85d6818fe3,f6df0b45-6106-42d3-8c75-195d0ad4baee,store,4,1555.16,13.66,2026-03-31T13:51:20.950721
3e2966bf-167e-4f07-ad15-440dcb1adfa9,d8485234-37db-4394-ae90-cbf6891d00c3,6c37ac7c-22fb-489b-9e12-ba964446997b,store,2,887.72,5.6,2026-01-10T13:51:20.950734
751ae1c0-653b-47d4-bbb2-66ea613d8a67,81444fcd-e4cb-4181-9eb5-0f0c87ce0dd7,08f682e0-0949-4d7f-9c1a-36bb48342221,mobile,1,215.55,12.34,2025-06-05T13:51:20.950747
21a067e7-d4f3-4722-9d2f-b037142b8b40,8d828bfe-e76a-4489-8c2c-8660db2e545a,a0de6626-305c-473f-946f-bec5e72fa2b2,mobile,4,1470.24,9.58,2025-09-17T13:51:20.950769
1e9869b4-dcc4-4009-8d92-0ebbeafda6b9,2ec98caa-fbcb-44c8-9be4-a2b9a927b42d,a47d64f7-a098-44b9-8c64-05a8c978779f,store,4,1223.28,3.99,2026-02-04T13:51:20.950796
d340738b-3607-4182-bf41-24bfdee77039,81444fcd-e4cb-4181-9eb5-0f0c87ce0dd7,1791a541-fe39-430b-9626-a24acd85e08e,mobile,2,543.44,15.9,2025-05-28T13:51:20.950810
90b1b4cb-545d-491c-a562-3d0ac15c5c41,8040cbdd-63a5-4643-98aa-2a7670be6024,6c37ac7c-22fb-489b-9e12-ba964446997b,store,4,1775.44,6.88,2025-07-11T13:51:20.950823
154c01b1-1265-4450-a40c-cae708826718,cfa50b22-dd88-4144-a163-40e5f68f236a,bdea1b76-1208-4a2f-b2e1-1aa8a5626500,store,3,925.38,3.6,2025-09-29T13:51:20.950842
78b0c33e-5b7c-4288-97a4-3009fd250076,b6bae32c-417a-4606-ab1f-a80de57064d7,6eae25b5-bfd1-445a-b0d8-86e5ef9604a3,web,1,479.02,16.17,2025-11-23T13:51:20.950870
5308a268-4a70-4966-8c41-4907005eace6,7a2c8513-4c58-41e2-a436-bd6a6a91e982,1791a541-fe39-430b-9626-a24acd85e08e,web,3,815.16,19.48,2025-06-20T13:51:20.950884
ccaf14ac-c1e8-4a83-ab97-5052645e1fff,b2f52649-2de7-4158-96f1-800ae16d25f0,bff07f43-24a8-4d20-b9e9-6cac1ecce307,mobile,2,120.14,16.33,2025-11-30T13:51:20.950900
b1d0d128-3823-4dfc-ab28-d14a840d1c4a,abb8399d-d557-4b20-a585-bdc3cbf9c14d,69b6bb4a-cfaa-4878-91ae-e146f31c1955,store,2,683.14,7.1,2025-06-25T13:51:20.950913
dfca5228-921e-4ee9-9b26-bf2dbc4e85c6,e599d142-71ea-4ee4-8680-b02ba12c7bd9,24665074-3a11-4fcf-82f7-1d50a0b2580f,mobile,2,763.62,6.36,2025-12-15T13:51:20.950926
06ce628f-5615-4405-a5be-074093ea154b,0aecb8b1-e5bf-4a41-88ed-1559a7e7a3a1,6c37ac7c-22fb-489b-9e12-ba964446997b,mobile,5,2219.3,14.01,2026-04-01T13:51:20.950939
d11cc9ad-12f8-42e6-a6df-49bc4f868d06,1ad8fec9-6f2f-465b-85b5-6d9a98406fce,2341a1b6-ca76-4973-ad2e-4a906f9fd51d,mobile,5,588.0,18.97,2026-02-02T13:51:20.950953
fc4f25f6-e9da-4c0e-889b-6c32d7c906ac,b0b5d801-ca6b-405b-820c-269c6367bf13,ca3df109-0f94-4c65-bb50-5e247fa97614,web,5,1769.4,9.81,2025-11-08T13:51:20.950970
b86d2efb-5744-4d85-8e3c-4cec1dee6b99,8ccd0f15-fc71-4c67-ad0e-2f8a0beac395,69b6bb4a-cfaa-4878-91ae-e146f31c1955,web,2,683.14,0.4,2025-06-11T13:51:20.950983
29d91ed6-516a-4bec-9270-c1bbdde346c6,46a28351-96db-49e2-8f94-2a1ff20a0c8d,79634690-8c5c-4240-8205-82b10c85c886,web,3,969.93,16.13,2025-06-05T13:51:20.951000
e62fe5b2-acd0-47d1-a700-16da2c371898,6fe8c4f8-6f02-4706-b398-6c3d0653b820,24665074-3a11-4fcf-82f7-1d50a0b2580f,web,3,1145.43,2.95,2026-03-16T13:51:20.951016
9c77fcf7-0209-4e03-83b6-5e286be1cda6,9b66b8f5-ba94-4ffa-9d5d-1385fe996de7,08f682e0-0949-4d7f-9c1a-36bb48342221,store,1,215.55,19.21,2025-07-20T13:51:20.951029
7c9bb1e3-e58a-4cef-83ef-0b084a59168b,a7b1d04c-20b3-4043-8752-459a280b14a5,f6df0b45-6106-42d3-8c75-195d0ad4baee,store,5,1943.95,6.04,2026-02-23T13:51:20.951043
d968eeba-3811-4af4-8753-32215a4de0e4,e0218eae-26bc-40f7-820b-69b7e7a384a5,9c0e36b8-29dc-48d8-9869-8d952c29dbdb,store,4,1194.92,12.98,2025-05-23T13:51:20.951055
dcc7ee17-a0e3-443f-80fc-6d6a235bb0f2,a221350b-2da3-45e2-b548-7a7cef3f240c,17c1c99f-c424-420e-8868-5ab21bafe8e5,web,5,711.3,13.31,2025-10-15T13:51:20.951069
56df064b-46e9-466e-bd6e-a738d2d7b19c,05936011-9e61-41c0-bc67-638eee4f08eb,24665074-3a11-4fcf-82f7-1d50a0b2580f,mobile,4,1527.24,13.77,2025-11-09T13:51:20.951082
e400ce1a-02cc-499d-a241-713caa5ff56f,28bda88c-ec35-4327-97b4-3646020d3493,24665074-3a11-4fcf-82f7-1d50a0b2580f,mobile,1,381.81,7.83,2025-04-21T13:51:20.951095
51b50354-9098-4f98-a0c4-02f484015fa6,80a6b929-e1f9-4b9b-b8ea-5c1b93b29273,2341a1b6-ca76-4973-ad2e-4a906f9fd51d,mobile,1,117.6,6.36,2026-01-12T13:51:20.951108
34681612-28b6-4b3d-9a76-8c1a92d55d87,97ef2d8d-9dfa-469c-9ff4-e4f4cfc6f847,6eae25b5-bfd1-445a-b0d8-86e5ef9604a3,store,5,2395.1,2.81,2026-02-21T13:51:20.951121
3ea94e54-2f0f-48f8-b41e-993ea13bd40b,ae5747f6-5be4-4adc-a70e-6a7af4e70c23,d5ee97fe-7203-4277-a432-29e8207ec8be,store,2,105.18,3.36,2025-10-20T13:51:20.951134
520f503a-dee5-42bf-9edf-932a8c9787ed,2ad030d1-08d6-45dc-9145-6bb5dbf72900,1890b36f-a137-41e5-b5ed-1d9d565c4bd0,web,3,76.68,5.3,2025-08-30T13:51:20.951146
a816cd30-29bf-4787-878a-aa77ea7acd79,5b737127-dd4b-42d2-8e51-24ce5e175dba,d5ee97fe-7203-4277-a432-29e8207ec8be,web,3,157.77,14.41,2025-12-05T13:51:20.951161
86ec7a01-91fb-45bb-8f30-c0e8d3226bc4,bbf4fb26-a349-4c99-9c94-8531baf2a4e2,1308f602-c166-4cdc-868a-0b4938053d4d,web,4,129.76,17.69,2025-09-13T13:51:20.951175
2b2d8e85-8562-4762-be90-e74b423c6c75,77a1f19a-1cff-43c5-b777-99dc030e28ab,1308f602-c166-4cdc-868a-0b4938053d4d,store,3,97.32,2.03,2025-07-10T13:51:20.951188
ff31cd56-58bb-41eb-9d4f-cb8c1cec4e85,da991ae8-4eeb-4b2d-821b-05b27c818222,2341a1b6-ca76-4973-ad2e-4a906f9fd51d,store,2,235.2,1.47,2026-01-22T13:51:20.951201
84ad739d-fd18-4c41-b6b0-ec0a67ecc428,a177a8f2-78cc-4b69-8423-50b9e3c5cb7e,944989d7-0474-4130-959f-c793bf62259e,store,3,358.08,5.22,2026-04-05T13:51:20.951214
dd830930-ebee-4e2d-93e6-62726c4b1781,fd777368-7e59-48b1-b85b-1619bc87c5dc,d5ee97fe-7203-4277-a432-29e8207ec8be,store,3,157.77,3.22,2026-01-18T13:51:20.951226
16209dc9-e57d-41bc-87f4-89b0b157eaeb,d7b7e2da-9059-4d56-ae4f-90db25a23b66,17c1c99f-c424-420e-8868-5ab21bafe8e5,mobile,1,142.26,19.71,2025-10-24T13:51:20.951239
70847ee5-3acf-4c1d-bcce-96e4e8519a2e,980e4b8c-94c3-4334-bcf6-5106b7ec56c1,0e9c5cdb-187a-4121-93cd-cd24adc53bc4,mobile,1,112.65,3.3,2025-09-07T13:51:20.951254
afb39451-d645-4a70-a8ec-ceb254b3fe01,4ed250ce-f2f6-4095-b960-f4cc057f1d8f,e19c753d-318c-4edb-b565-fc406c99c72c,web,2,392.5,6.62,2026-03-19T13:51:20.951267
c1ed414f-8bee-4053-88a2-86a818c2f7c6,370e7bb7-6236-43ce-95ca-1a960f6b7194,ad1fb5ee-a91c-4991-9341-e395d2beecef,mobile,4,1408.32,14.44,2025-04-24T13:51:20.951280
3078d27a-db94-4e2a-a11c-e33ed7ec30df,b1b3cebd-4a2a-433a-8058-12a34df6a3b3,168e2ef5-ab86-444e-ad38-6cbe82465e6a,store,3,270.18,5.95,2025-05-12T13:51:20.951293
495de6e1-5108-480c-82e5-a56b77091ed7,acd34a34-250e-4096-9b7d-6f794c95fa49,69b6bb4a-cfaa-4878-91ae-e146f31c1955,mobile,4,1366.28,16.8,2025-06-27T13:51:20.951306
82e4d3da-fd85-474a-89f4-4cba476f5e67,c852846f-39ad-4f90-a373-f27b686cbd6b,69b6bb4a-cfaa-4878-91ae-e146f31c1955,store,3,1024.71,1.75,2026-04-14T13:51:20.951318
fd4a71ca-a0aa-4c9d-918c-20f74798b8c2,f5f484ec-b164-4ceb-bb25-b1a7bd322661,0e9c5cdb-187a-4121-93cd-cd24adc53bc4,web,2,225.3,4.14,2026-02-25T13:51:20.951331
ac06e7e5-ff4d-4dc5-8a37-e70eba0153cf,fcce4cc1-7186-4f54-85f6-10e497d9899f,a0de6626-305c-473f-946f-bec5e72fa2b2,web,1,367.56,6.17,2025-08-16T13:51:20.951346
81324903-8b9c-4f96-bbff-d5f6994c0192,617476de-8ec5-4f6e-860d-7c8277a7c4b1,0e9c5cdb-187a-4121-93cd-cd24adc53bc4,store,4,450.6,1.82,2025-05-12T13:51:20.951372
bbe94866-1215-48b2-8515-f05e522daea3,853320e2-2a2e-4c3f-adc1-dda36244a5bf,1308f602-c166-4cdc-868a-0b4938053d4d,store,2,64.88,7.39,2025-10-08T13:51:20.951402
e6c2231b-9617-4ac8-be8e-fa822d6f3f99,6f391870-9416-4da1-a5a1-4a2f0be76e0e,944989d7-0474-4130-959f-c793bf62259e,store,3,358.08,5.27,2025-09-02T13:51:20.951415
ec7abf1d-4024-4cfa-af02-512a448bcbde,b0b5d801-ca6b-405b-820c-269c6367bf13,a47d64f7-a098-44b9-8c64-05a8c978779f,web,5,1529.1,15.04,2026-03-15T13:51:20.951428
2023aeec-1399-41dc-9007-76087bdd5931,268931fe-8542-4672-96bb-6177eaab9ebb,08cb9e44-2170-4369-9ab2-a47e52847e6c,store,1,117.12,16.16,2025-05-08T13:51:20.951441
aa853a6e-2d15-496b-84ce-10a9f89873ac,029bb607-5a35-4265-a4d3-cf749e6ea3f3,6eae25b5-bfd1-445a-b0d8-86e5ef9604a3,store,5,2395.1,16.37,2026-03-15T13:51:20.951458
a7dd43b9-d94d-4c36-bbc2-fe132c5bcf9a,d5327b4f-92bb-47e0-8591-523fd0425dda,168e2ef5-ab86-444e-ad38-6cbe82465e6a,web,4,360.24,9.53,2025-06-26T13:51:20.951473
a27e6a49-a7f4-4d3e-9f00-321a1f82e9bb,d8a407c5-77a8-4d42-8b41-ca20287cf760,f6df0b45-6106-42d3-8c75-195d0ad4baee,mobile,1,388.79,18.01,2025-08-01T13:51:20.951486
f56f5b16-35ba-4396-84df-47df465cedba,0d2f63ba-8ff2-4772-8251-bd07c040e63e,2341a1b6-ca76-4973-ad2e-4a906f9fd51d,web,5,588.0,18.99,2026-01-30T13:51:20.951500
3b1f1cbe-6939-420f-85c1-7e9d8a60023a,c8d10fb3-b0d6-4395-abbf-fd46d3f2dd82,24665074-3a11-4fcf-82f7-1d50a0b2580f,web,2,763.62,2.52,2025-12-28T13:51:20.951536
f616defd-2fb3-4022-8d8e-bf3145455a81,48fb6021-8054-4fbb-8b47-87326c61c00b,1890b36f-a137-41e5-b5ed-1d9d565c4bd0,mobile,4,102.24,2.96,2026-01-02T13:51:20.951575
f1d27e1d-c0ac-427e-9b29-1dc568282d8e,4220b0ed-148d-4a5e-ac8f-7593460ab12d,11d7b21d-825c-442e-8c20-a64d4de4dd3c,web,3,172.14,7.76,2026-03-12T13:51:20.951597
18e4ef36-8b2c-4fca-bc43-dd18a3c7f73a,617476de-8ec5-4f6e-860d-7c8277a7c4b1,17c1c99f-c424-420e-8868-5ab21bafe8e5,mobile,3,426.78,9.16,2025-11-25T13:51:20.951616
cd11c068-3208-4176-a377-c84fe9076433,fcde5f6e-e6d6-4d2d-b864-ca5cfe08fe46,79634690-8c5c-4240-8205-82b10c85c886,mobile,5,1616.55,15.63,2025-06-19T13:51:20.951629
86372e18-8d73-4b2e-8858-5914fc6d64f8,5811146f-e353-4d97-be9b-134b231bf480,e68cd9b3-0f66-4719-b9c8-10a5e0acfc32,mobile,2,858.2,11.76,2026-01-30T13:51:20.951642
26cd9b2e-0654-4f4a-9b45-585297c97c26,1317509d-d5f2-4937-b745-e8344d4b202a,08cb9e44-2170-4369-9ab2-a47e52847e6c,web,1,117.12,15.71,2025-07-01T13:51:20.951655
bbf2e425-1d6b-4558-bb35-b496818fb74f,3e0f0892-3271-4349-a4d6-c5b43dd208f5,168e2ef5-ab86-444e-ad38-6cbe82465e6a,store,3,270.18,7.66,2025-09-17T13:51:20.951668
bf7010d0-1fcb-4303-ad58-c8e57409dd96,cd0f116b-8b06-4970-a39d-a895155e5d42,2341a1b6-ca76-4973-ad2e-4a906f9fd51d,web,5,588.0,3.44,2025-08-16T13:51:20.951682
a9a44188-edb2-4d1e-a334-7ae81a210303,0a3c7b2d-e015-4c8e-aa15-0904eea35e94,08f682e0-0949-4d7f-9c1a-36bb48342221,mobile,5,1077.75,13.87,2025-06-08T13:51:20.951694
daa6d467-a711-4ac7-8493-be2640d613ae,64fd2fb3-4de5-4dec-b89a-7ad24fb60fbf,f6df0b45-6106-42d3-8c75-195d0ad4baee,web,3,1166.37,0.99,2025-04-27T13:51:20.951707
4229da7d-eae7-4388-91fa-296ec7f9e17e,59734e6c-879e-4a68-86e6-a30c9e01f2a6,a47d64f7-a098-44b9-8c64-05a8c978779f,store,3,917.46,16.35,2026-04-05T13:51:20.951721
cdb57373-cfed-4cc2-b3ae-912fbbcf3777,0ffa2fd2-7b2b-4401-b033-eccfd8ef021c,053f89ae-21b6-4267-baf4-f4be573d366f,mobile,3,213.45,13.7,2025-08-07T13:51:20.951733
671d01bd-d273-4fb9-b5b5-4a5db7ad099f,370f0855-85f1-477f-8f8e-0f1980e8cfc6,6eae25b5-bfd1-445a-b0d8-86e5ef9604a3,mobile,2,958.04,8.86,2025-11-13T13:51:20.951746
8db1e1a3-1c4c-475e-b82c-61fc8de9d139,54e0fdd2-0846-4239-b960-d6e6580496ae,905f2110-caca-46ad-b1fc-61c3fda110f1,mobile,3,145.8,12.91,2025-09-14T13:51:20.951762
601806a2-e585-423d-8049-9296a6620f9d,486e7590-a65d-4b51-90c2-c0656ce8f42e,f1f6542b-4b3f-4e65-8d9a-766c8d57ad72,mobile,2,642.96,9.69,2025-09-19T13:51:20.951780
83db95b5-dd9c-48dd-8baa-6fab83152c0b,ce9ec809-07f0-4c7d-bac2-93ca4b323b9d,321b80eb-c6e9-42e0-a6f5-86598247acd3,web,1,292.89,1.31,2025-07-26T13:51:20.951794
434ac707-3d68-4d95-a6a7-c3368babf2a7,0a9d7983-6f35-4787-b27b-e0aca049aff4,bdea1b76-1208-4a2f-b2e1-1aa8a5626500,mobile,4,1233.84,17.59,2026-02-05T13:51:20.951807
79ca0aed-eda3-4ef0-8c07-cd514c0669cc,65907001-78fd-4e76-8be5-e9a095386e1d,24665074-3a11-4fcf-82f7-1d50a0b2580f,web,2,763.62,4.99,2026-01-03T13:51:20.951820
11f7dc77-64c0-4820-9921-d801450f4f17,893a1913-8bbc-4c49-821a-1dc2aff85261,69b6bb4a-cfaa-4878-91ae-e146f31c1955,web,3,1024.71,5.48,2025-04-20T13:51:20.951836
feaaffc2-a40d-4e68-a971-63c201c314f2,f5f484ec-b164-4ceb-bb25-b1a7bd322661,7df8e284-e832-44a7-94ef-f17a4e5da9d6,mobile,5,448.45,18.46,2025-09-24T13:51:20.951863
408727dc-6b7f-4ec2-a3f3-0decef908136,6f9ef49f-8364-495a-bb6c-b6ffa243e355,cbf743b9-e903-4a26-825c-7bde33e1d82c,store,2,746.7,11.88,2025-10-07T13:51:20.951887
339b7f62-2b3e-4fd8-9e58-0dd444b21793,fe8004db-ae57-4bee-a0a8-df5308934a24,0e9c5cdb-187a-4121-93cd-cd24adc53bc4,store,5,563.25,6.88,2025-07-07T13:51:20.951906
0a968a5f-05a3-42ad-b9e1-ee32c5800c2f,b0b5d801-ca6b-405b-820c-269c6367bf13,11d7b21d-825c-442e-8c20-a64d4de4dd3c,web,1,57.38,7.73,2025-11-21T13:51:20.951935
7d2d506e-2de2-497a-b3ab-b08f027b8ad0,f147feb5-d760-42b9-978a-4c7d74aa903a,2341a1b6-ca76-4973-ad2e-4a906f9fd51d,mobile,2,235.2,4.5,2025-12-23T13:51:20.951962
d79d660f-d70c-4539-81c2-9e9cb559240b,bdb77e2b-5d39-41d7-8683-b92222eebcd7,a47d64f7-a098-44b9-8c64-05a8c978779f,web,4,1223.28,17.29,2025-07-27T13:51:20.951978
6304a9be-5dd9-43ca-b052-7c2a044a566c,5f9a2f01-073f-4576-a173-61c06b068554,79634690-8c5c-4240-8205-82b10c85c886,mobile,4,1293.24,3.46,2026-02-07T13:51:20.951991
38ea0667-9be6-4ed5-9e15-f3fa60e756ea,efea988a-5ab4-4061-a010-1c03b054328b,79634690-8c5c-4240-8205-82b10c85c886,mobile,2,646.62,16.1,2025-12-07T13:51:20.952009
747855fb-badc-4659-8732-e4ece5b9f837,ac9e9fa2-9a9f-4abb-bf77-bce10aeed1be,a47d64f7-a098-44b9-8c64-05a8c978779f,store,4,1223.28,9.18,2025-10-05T13:51:20.952022
aa4e755e-2dac-426e-be00-9c1e32fa2895,3b8720b7-1934-40c2-a4b6-c15492ac2d17,7df8e284-e832-44a7-94ef-f17a4e5da9d6,mobile,3,269.07,16.49,2025-05-04T13:51:20.952041
162d1802-96ec-40fc-9e6d-26d819706bd1,617476de-8ec5-4f6e-860d-7c8277a7c4b1,08cb9e44-2170-4369-9ab2-a47e52847e6c,mobile,1,117.12,19.33,2025-07-28T13:51:20.952062
d323fc5a-89e1-4075-bcbb-65055cd37d3b,e599d142-71ea-4ee4-8680-b02ba12c7bd9,321b80eb-c6e9-42e0-a6f5-86598247acd3,mobile,5,1464.45,12.18,2025-05-19T13:51:20.952076
841bfbf1-c717-4372-a77c-4d08be264c41,c8bc6461-f15e-48de-b1ae-15a4fb815418,08cb9e44-2170-4369-9ab2-a47e52847e6c,store,4,468.48,19.77,2026-03-14T13:51:20.952090
fb1dfbe0-910c-401d-b374-5fcb1ac30035,a8448f61-5b18-4c98-82b9-083ed705ce61,905f2110-caca-46ad-b1fc-61c3fda110f1,mobile,3,145.8,14.22,2025-12-03T13:51:20.952103
c121984d-b8cb-4a0a-a1be-122e610fda75,29dc093f-722e-4320-8b1c-a48df552bdf8,053f89ae-21b6-4267-baf4-f4be573d366f,mobile,2,142.3,15.31,2026-01-29T13:51:20.952116
31547912-4ba2-4a01-86c5-6ad9d124e59c,ab9746c7-803a-4cf1-9ab2-b32655c44619,69b6bb4a-cfaa-4878-91ae-e146f31c1955,mobile,5,1707.85,6.39,2025-09-21T13:51:20.952132
2df2b935-c8e9-4488-a778-62f8173a2aa7,45aafc55-589b-4421-813b-4d61aa30747f,cbf743b9-e903-4a26-825c-7bde33e1d82c,store,4,1493.4,18.14,2025-11-15T13:51:20.952144
b0a20ea8-ea0e-4496-a47d-c57289c3a8b3,a712e0dd-13e1-4baa-80c6-cd2b2204d7bb,1308f602-c166-4cdc-868a-0b4938053d4d,mobile,1,32.44,19.9,2025-06-21T13:51:20.952157
b3bd0e12-56e2-4748-9ce3-4b65c652d935,05936011-9e61-41c0-bc67-638eee4f08eb,ad1fb5ee-a91c-4991-9341-e395d2beecef,web,3,1056.24,13.73,2025-04-15T13:51:20.952169
762d9768-8abb-4360-821a-5fb9c5368a64,fcce4cc1-7186-4f54-85f6-10e497d9899f,0e9c5cdb-187a-4121-93cd-cd24adc53bc4,store,3,337.95,16.91,2025-07-30T13:51:20.952183
8c311b1b-0655-4f85-b1fb-6c42d92856f5,539ff2c6-6954-426f-8aac-ef6ce054bfab,17c1c99f-c424-420e-8868-5ab21bafe8e5,web,2,284.52,9.42,2025-11-16T13:51:20.952197
9880f63c-1dea-4614-a4aa-00ff1fabd2cf,3a0a8104-2429-4838-b9fb-61c66c54643d,11d7b21d-825c-442e-8c20-a64d4de4dd3c,mobile,5,286.9,17.99,2026-01-12T13:51:20.952212
b43c58e3-3ec2-489e-8932-ceceb3f36f36,d2d0328c-6454-4cfc-8e07-f86be9061924,1890b36f-a137-41e5-b5ed-1d9d565c4bd0,web,2,51.12,14.88,2025-10-16T13:51:20.952225
00926d7b-5d71-4d53-ad42-d995bfc3d67c,0cfd5607-d58f-4d81-9835-b178d717b015,e68cd9b3-0f66-4719-b9c8-10a5e0acfc32,store,3,1287.3,11.71,2025-10-07T13:51:20.952238
8da1c9f2-316b-429e-9d38-9dcaf9c70da5,9d57b2f2-8959-4ba6-a225-7aae14a7ca35,28de6b67-c5da-4fd9-9ae6-64f199eb885d,mobile,4,1219.92,11.67,2026-03-19T13:51:20.952253
10a8992c-3a78-4302-9404-a6697c44ac25,8e2a7aa8-8e6c-4b41-9ba3-9577be455dc7,d5ee97fe-7203-4277-a432-29e8207ec8be,mobile,4,210.36,2.4,2026-01-06T13:51:20.952266
1666d4d6-4149-4b49-a611-30c4056133ed,6f9ef49f-8364-495a-bb6c-b6ffa243e355,1308f602-c166-4cdc-868a-0b4938053d4d,store,5,162.2,1.08,2025-11-14T13:51:20.952279
5a4bde57-b058-467f-addc-44fe1d3b014e,d4dc5799-8bb8-4688-96ac-4e344d8a351b,08f682e0-0949-4d7f-9c1a-36bb48342221,store,2,431.1,8.18,2026-01-03T13:51:20.952292
29a5af87-2a5d-4500-86b5-ef66e212b3b6,89052c15-2c75-45bd-b849-25d7912e366c,7df8e284-e832-44a7-94ef-f17a4e5da9d6,mobile,2,179.38,3.61,2025-11-05T13:51:20.952305
2a2e467d-39b6-474a-aff3-b9af64c048d8,4ef4042a-f263-4a37-919f-f91e554b9949,ca3df109-0f94-4c65-bb50-5e247fa97614,web,3,1061.64,6.27,2025-05-27T13:51:20.952320
a794752b-fad1-4238-801a-9c6e1fecfaf7,3e180188-758e-4f82-bfe5-3ce6dbd03f62,79634690-8c5c-4240-8205-82b10c85c886,web,4,1293.24,15.22,2025-11-26T13:51:20.952332
b3005a54-0dca-4d10-80af-213d94bda62f,b3f884c2-631e-4f50-8ebb-a704e4cd049d,2341a1b6-ca76-4973-ad2e-4a906f9fd51d,web,2,235.2,2.59,2025-08-08T13:51:20.952347
7e662482-dc4d-4247-9137-0838dfe0687d,c49ee3c5-aa37-4df0-bed9-2497197ddbb3,e19c753d-318c-4edb-b565-fc406c99c72c,store,4,785.0,7.67,2025-09-08T13:51:20.952370
7dfdc1af-688c-44df-8019-861c33ebc2b9,64fd2fb3-4de5-4dec-b89a-7ad24fb60fbf,168e2ef5-ab86-444e-ad38-6cbe82465e6a,web,2,180.12,17.84,2025-10-06T13:51:20.952409
b28e7e99-4309-4a22-b497-b539d09a6b0e,228052e8-635e-4302-ace6-72ead42c8602,1791a541-fe39-430b-9626-a24acd85e08e,mobile,2,543.44,0.08,2026-04-06T13:51:20.952446
25f7d63e-87ef-49c5-9409-aea586128d9b,207fbd9f-e63c-4a9c-b32d-dd00c57794da,bff07f43-24a8-4d20-b9e9-6cac1ecce307,store,2,120.14,6.24,2025-04-25T13:51:20.952478
77aa3a88-ebee-44e8-a72e-3106fce6e2ab,083e8a6f-8f77-46a2-9c02-e6aed9548dfb,1308f602-c166-4cdc-868a-0b4938053d4d,store,5,162.2,3.34,2025-06-18T13:51:20.952537
bfb946a9-0311-4a2f-8ad3-0941d115f7d3,f5f484ec-b164-4ceb-bb25-b1a7bd322661,944989d7-0474-4130-959f-c793bf62259e,store,3,358.08,14.56,2025-11-18T13:51:20.952564
d91f41fa-8afe-4cdd-815e-52c3e2862d31,4b581a14-30d2-46dc-933e-c3d4fb4a84ea,1791a541-fe39-430b-9626-a24acd85e08e,mobile,3,815.16,19.91,2025-09-05T13:51:20.952589
ed48e733-f5b6-424c-b7d4-fcf2af41fb05,c965e9c5-69cf-4549-9341-be2f2bdff784,ca3df109-0f94-4c65-bb50-5e247fa97614,web,3,1061.64,18.96,2026-01-09T13:51:20.952602
c2a1af14-9ae3-4904-b0be-45a5ee2e3299,d44fe8d0-8697-478a-b561-5412b92c3cdd,f6df0b45-6106-42d3-8c75-195d0ad4baee,web,1,388.79,14.54,2025-12-20T13:51:20.952615
131a5e4f-6c3f-418c-98ad-983c79cae98a,0af417b2-c439-4d9b-a97b-9e76de6515ea,56ad6e1f-0691-4acd-a3de-c8da072e3963,mobile,1,146.15,3.38,2025-06-18T13:51:20.952628
3c37c949-56ee-4a52-a2b4-5b7014130a34,52b779bf-b219-4f6a-bf6d-facce6fa6900,944989d7-0474-4130-959f-c793bf62259e,store,4,477.44,15.42,2025-05-23T13:51:20.952640
aa1cd28e-6e7d-4f1e-bc6f-3e42f922fa4c,02653886-b18f-49d1-befb-1360de21e764,69b6bb4a-cfaa-4878-91ae-e146f31c1955,mobile,5,1707.85,2.16,2026-03-22T13:51:20.952653
c74196e3-2a44-4f37-adbb-9b45bcfb0cd0,b0b5d801-ca6b-405b-820c-269c6367bf13,cbf743b9-e903-4a26-825c-7bde33e1d82c,web,1,373.35,8.34,2025-04-27T13:51:20.952669
42b1623e-333b-42f6-8980-83da41b8ab1a,eb136255-db39-4861-8dc4-15cb1a767613,28de6b67-c5da-4fd9-9ae6-64f199eb885d,store,5,1524.9,14.04,2025-12-07T13:51:20.952682
afff0a89-8829-4eaa-9d3f-439225fd45a8,bdb77e2b-5d39-41d7-8683-b92222eebcd7,79634690-8c5c-4240-8205-82b10c85c886,mobile,3,969.93,2.02,2025-09-12T13:51:20.952694
0adc9f45-424b-4b9d-9c5d-526f46b9ea53,f3ab7cce-0457-400d-bf61-d02b31de7dd9,a47d64f7-a098-44b9-8c64-05a8c978779f,mobile,5,1529.1,2.74,2025-06-09T13:51:20.952711
70e36a35-755b-41a5-b1b8-356cad0e1046,d71e8f1d-919c-4e14-a319-147952812e42,08cb9e44-2170-4369-9ab2-a47e52847e6c,web,5,585.6,5.65,2025-06-03T13:51:20.952724
aa93c7c3-3a3f-476e-859f-bf269e61eab6,cd1b11ec-0996-4be8-8902-195674a27e17,08cb9e44-2170-4369-9ab2-a47e52847e6c,mobile,4,468.48,3.99,2026-01-04T13:51:20.952737
cc5b93b0-7928-437a-b2a8-83481666cac1,3446f091-304c-48ee-8228-02b3d1c875dc,1791a541-fe39-430b-9626-a24acd85e08e,mobile,2,543.44,8.2,2025-10-14T13:51:20.952751
d00f6747-d988-4f94-b05c-509052459379,7ccb849f-e106-4134-8160-f987f717c7de,944989d7-0474-4130-959f-c793bf62259e,web,5,596.8,13.76,2025-08-04T13:51:20.952763
8c86b132-e35a-4872-ae9e-c638bc1130c8,83f4d053-1157-4bf6-ba2d-e0c7bd42c0be,457d9d38-588b-41ff-8c67-d7258b51a8e6,web,2,832.8,13.43,2026-04-14T13:51:20.952777
22861bcd-16f1-4835-b04e-35ac1c0544ba,57e6db98-be89-47c5-87f3-a3ff20643236,28de6b67-c5da-4fd9-9ae6-64f199eb885d,store,5,1524.9,2.98,2025-05-08T13:51:20.952790
573dedb4-e133-48e0-bf63-65dda4fcc6b9,8ccd0f15-fc71-4c67-ad0e-2f8a0beac395,bdea1b76-1208-4a2f-b2e1-1aa8a5626500,store,1,308.46,12.89,2026-02-23T13:51:20.952806
590b32d0-65f6-4240-86d6-04870b1f220a,893a1913-8bbc-4c49-821a-1dc2aff85261,a0de6626-305c-473f-946f-bec5e72fa2b2,web,3,1102.68,2.0,2025-08-21T13:51:20.952820
11ab6bb0-4989-4154-b7e6-7960fec06910,a221350b-2da3-45e2-b548-7a7cef3f240c,944989d7-0474-4130-959f-c793bf62259e,mobile,3,358.08,6.25,2025-10-13T13:51:20.952833
127aace8-ecb3-455e-b13b-1e7e07e01f38,2433a03f-64b2-4957-94be-f7b57ce9effc,28de6b67-c5da-4fd9-9ae6-64f199eb885d,web,1,304.98,17.04,2026-03-23T13:51:20.952845
9ad78d00-0c07-440b-bda4-1de6f6f4e42d,66008cc3-2699-4807-9a2a-082a6a036e54,9c0e36b8-29dc-48d8-9869-8d952c29dbdb,store,3,896.19,19.1,2025-10-14T13:51:20.952861
0e144c94-ccad-44f2-8388-80b76ce23c28,32ffa999-0fab-4f21-8377-940aa0f754eb,1890b36f-a137-41e5-b5ed-1d9d565c4bd0,web,3,76.68,2.28,2025-10-22T13:51:20.952876
146c3b80-cfe1-40eb-aa63-9b4e38805025,bd37825a-25ad-4b2f-969e-c624e095feb8,7df8e284-e832-44a7-94ef-f17a4e5da9d6,mobile,3,269.07,17.01,2025-09-30T13:51:20.952890
c5b39144-e089-402c-83bf-bfdb95bd242a,0d2f63ba-8ff2-4772-8251-bd07c040e63e,e68cd9b3-0f66-4719-b9c8-10a5e0acfc32,web,2,858.2,13.92,2026-02-17T13:51:20.952903
07956c42-a3bb-4b03-b242-07ebd5800dec,dd267d37-2603-4b70-afe3-80c93850b1f7,9c0e36b8-29dc-48d8-9869-8d952c29dbdb,mobile,1,298.73,9.65,2025-09-14T13:51:20.952922
70240ca1-e64c-44a9-ad3d-4e362fad01ba,89052c15-2c75-45bd-b849-25d7912e366c,f1f6542b-4b3f-4e65-8d9a-766c8d57ad72,store,2,642.96,15.58,2025-06-07T13:51:20.952951
2752bd61-c5c1-4919-8c7a-d45bebf44459,00824cc7-caaa-457e-9328-c8b8556afc23,cbf743b9-e903-4a26-825c-7bde33e1d82c,store,2,746.7,2.26,2025-08-11T13:51:20.952964
9ffe5781-0a92-46cd-ae02-398b4bd9f27a,312c0f57-1c60-4283-ae57-d81c0a0b7cdd,f1f6542b-4b3f-4e65-8d9a-766c8d57ad72,store,1,321.48,13.1,2026-03-14T13:51:20.952983
8beb80b3-f4af-42eb-b40e-27dd504aa304,ce2cc2b4-d6d0-413b-9a29-38c333953cb9,1791a541-fe39-430b-9626-a24acd85e08e,web,5,1358.6,19.56,2025-06-30T13:51:20.953011
47fe7057-2f48-4c13-ba1d-400fdc2589ad,b1e46fa8-728f-4df2-8c6c-eada87873a60,457d9d38-588b-41ff-8c67-d7258b51a8e6,mobile,5,2082.0,14.01,2025-07-22T13:51:20.953025
96d60755-161f-4df6-b0af-2078721f17f1,f4a16aad-10c8-456d-a7e3-f8f2fd704455,e19c753d-318c-4edb-b565-fc406c99c72c,store,2,392.5,13.27,2025-08-12T13:51:20.953039
4a9df527-e64d-4dbb-abc3-2cc02cfd7eda,a22427fa-587c-4ef8-ac58-a71016ef9984,1308f602-c166-4cdc-868a-0b4938053d4d,mobile,2,64.88,1.09,2025-07-04T13:51:20.953052
cf433927-5955-4747-a355-3935d555188d,def31f26-998a-4ab5-805e-1a02aac4ed26,9c0e36b8-29dc-48d8-9869-8d952c29dbdb,store,5,1493.65,17.39,2025-08-18T13:51:20.953066
9fb48650-1846-409d-8925-bb15105c519e,d7b7e2da-9059-4d56-ae4f-90db25a23b66,ca3df109-0f94-4c65-bb50-5e247fa97614,store,3,1061.64,19.4,2025-12-13T13:51:20.953079
02eb45eb-85e9-4c52-9222-1614d73a7b28,03e7d570-d942-42d5-972f-7ff8aca4fe7e,bdea1b76-1208-4a2f-b2e1-1aa8a5626500,mobile,2,616.92,7.57,2025-07-08T13:51:20.953103
b0f890cd-47d0-4637-9d7d-f1b46bbbfb41,e4452209-799a-467e-91ee-0fec8aec1d5b,bff07f43-24a8-4d20-b9e9-6cac1ecce307,store,1,60.07,16.03,2025-08-23T13:51:20.953136
b7cc407f-afdc-4dd6-9517-0dc4f4706a9b,c8d10fb3-b0d6-4395-abbf-fd46d3f2dd82,1890b36f-a137-41e5-b5ed-1d9d565c4bd0,store,4,102.24,2.37,2025-08-30T13:51:20.953161
8613546a-f2c0-4e85-866d-c4b87aa84036,675701f2-8821-48a1-b6cd-c7205873c1e2,cbf743b9-e903-4a26-825c-7bde33e1d82c,store,1,373.35,0.72,2025-09-21T13:51:20.953190
b74fd1f4-0248-4057-855d-84b16ff4af4c,ef8b891a-8f31-48c0-87ec-dd90e192da22,79634690-8c5c-4240-8205-82b10c85c886,mobile,1,323.31,12.75,2025-06-10T13:51:20.953217
3930c535-e5c5-4354-8890-16e2df44727b,4ed250ce-f2f6-4095-b960-f4cc057f1d8f,bdea1b76-1208-4a2f-b2e1-1aa8a5626500,mobile,5,1542.3,13.43,2025-12-31T13:51:20.953247
b73de76d-1e8b-4c30-8afc-64b7904ae018,5e641a6b-eeb5-414b-809f-987cfa2b1224,457d9d38-588b-41ff-8c67-d7258b51a8e6,web,3,1249.2,16.89,2026-03-19T13:51:20.953275
bc70df48-bfdb-4fe7-8ee9-4831499d72c5,02e42010-f231-4ab6-bf73-8efa9d7e8f75,17c1c99f-c424-420e-8868-5ab21bafe8e5,store,5,711.3,14.33,2025-06-12T13:51:20.953292
65081643-be87-4b64-a81c-526f0c092666,8de4ba42-f9cc-4561-9d63-a626e4997a50,f1f6542b-4b3f-4e65-8d9a-766c8d57ad72,mobile,1,321.48,4.43,2026-02-25T13:51:20.953323
32de77dc-74be-4f26-aabb-67d9a45094e8,6fe8c4f8-6f02-4706-b398-6c3d0653b820,6c37ac7c-22fb-489b-9e12-ba964446997b,mobile,3,1331.58,7.48,2025-07-09T13:51:20.953352
b7c3c109-3719-4d6f-a91f-1ed627f93e5b,706a122a-0673-42d0-ab4d-15b133b4527f,944989d7-0474-4130-959f-c793bf62259e,web,2,238.72,16.44,2025-08-06T13:51:20.953377
04ffedc5-84da-4d1c-88c8-bbbb5a6cc090,78ef8c5e-d740-4e3d-aa65-2c822c418b3c,e68cd9b3-0f66-4719-b9c8-10a5e0acfc32,mobile,1,429.1,3.92,2025-12-06T13:51:20.953390
25ae0ebd-1fb8-4e7a-a053-b4eab2713b26,c201751d-3703-40ae-8b50-ef3cb48ddcf8,f6df0b45-6106-42d3-8c75-195d0ad4baee,web,2,777.58,14.34,2025-08-24T13:51:20.953405
fdac8042-f6f1-4f92-a5e0-87ef7667708d,a2db16fd-ba72-4f0b-9305-a8b470f9b0fa,e68cd9b3-0f66-4719-b9c8-10a5e0acfc32,mobile,1,429.1,11.78,2025-05-26T13:51:20.953418
cd91abbe-4875-4e06-9c36-2bbcac773d4a,72383042-728e-4d20-b0bc-201a92009198,f1f6542b-4b3f-4e65-8d9a-766c8d57ad72,mobile,4,1285.92,19.12,2025-05-13T13:51:20.953431
c9592b43-fd41-4314-8c0f-e7444c5ab9a1,ef8225e3-4aeb-459c-8242-fae62541926d,ca3df109-0f94-4c65-bb50-5e247fa97614,mobile,1,353.88,0.97,2025-07-18T13:51:20.953445
86cc45bd-7ca6-4e2c-b9cb-d8ca4bc6693d,aa2d2b25-ba43-40c2-9f6d-c4ba45a3fb67,e19c753d-318c-4edb-b565-fc406c99c72c,mobile,5,981.25,15.62,2025-08-11T13:51:20.953458
f4b8b4e1-cd45-4501-bb2d-55d1696aec0c,48186108-5140-477d-8d9c-59cf0f3db172,24665074-3a11-4fcf-82f7-1d50a0b2580f,mobile,5,1909.05,16.3,2026-01-17T13:51:20.953471
fd06fa47-9fe0-4dc7-adc0-75406eb05d5d,fd777368-7e59-48b1-b85b-1619bc87c5dc,1308f602-c166-4cdc-868a-0b4938053d4d,store,5,162.2,10.08,2025-06-09T13:51:20.953485
ce0220f8-4e7f-4f45-bc41-7f885a7e248c,b404a8e7-16e4-4439-a553-4fc2473a176b,e68cd9b3-0f66-4719-b9c8-10a5e0acfc32,web,5,2145.5,5.47,2025-04-26T13:51:20.953499
bfab0f5e-10d9-43ad-b1ea-3eb9a306efe6,47305be8-cd55-4cfd-9661-fe36f5f81ce5,457d9d38-588b-41ff-8c67-d7258b51a8e6,web,3,1249.2,2.76,2025-08-27T13:51:20.953527
7187e3a8-27bd-4ad0-969e-7a41d3a2ac62,eb411509-29e2-4223-b53d-22fb38b6fbcf,bdea1b76-1208-4a2f-b2e1-1aa8a5626500,mobile,3,925.38,17.21,2025-04-21T13:51:20.953562
e4f8eb86-cfcf-4b60-8f5f-4da2c022c6c4,1b23ba1c-10e6-4969-af23-0bc504b3ce59,17c1c99f-c424-420e-8868-5ab21bafe8e5,web,2,284.52,12.48,2026-01-03T13:51:20.953587
9aeedbab-3983-4c30-a1f2-174329b15b6f,7d28fc06-382b-4f4f-9e91-26fffddc8356,6c37ac7c-22fb-489b-9e12-ba964446997b,mobile,2,887.72,19.5,2025-04-17T13:51:20.953600
3046a8b9-20e7-45aa-b7a3-0a7b4a463525,327977bd-0cc0-4e37-a898-be7b1668b132,bdea1b76-1208-4a2f-b2e1-1aa8a5626500,mobile,5,1542.3,6.45,2025-04-25T13:51:20.953614
5627f88e-d8de-43fd-a323-98b92af2725f,26073014-9b38-40c7-bdc5-0108e886fb39,6c37ac7c-22fb-489b-9e12-ba964446997b,mobile,5,2219.3,11.41,2025-08-13T13:51:20.953631
d163ad96-be44-4d75-8ad9-245d008f29d6,268931fe-8542-4672-96bb-6177eaab9ebb,e68cd9b3-0f66-4719-b9c8-10a5e0acfc32,store,5,2145.5,16.17,2025-11-20T13:51:20.953646
6403898f-5b9d-4cb5-a23a-b1f1f8b17877,be029ce5-cd24-42ad-8779-03ff5f9f714b,08cb9e44-2170-4369-9ab2-a47e52847e6c,web,1,117.12,1.06,2025-10-02T13:51:20.953659
e1efcaeb-7db8-456e-894b-360a06d1d42e,f4898991-6e86-4b9c-a7fe-2cff54efe3ea,ad1fb5ee-a91c-4991-9341-e395d2beecef,store,3,1056.24,13.67,2026-01-23T13:51:20.953672
f5a02a37-1b8d-440f-9bb9-e1883fd720eb,ed724f87-0665-460b-a58e-8e84c942f5a5,69b6bb4a-cfaa-4878-91ae-e146f31c1955,mobile,3,1024.71,0.65,2026-01-01T13:51:20.953685
70366267-e58a-4954-8f85-d1ea65733f75,1b83c826-b10a-4344-9e73-15b5b96a5b58,f1f6542b-4b3f-4e65-8d9a-766c8d57ad72,mobile,1,321.48,14.79,2025-06-04T13:51:20.953698
47c30180-133a-4562-91c9-e5bb4bea7c5c,3a9aea0a-65d8-411d-a515-5239f165ec5d,6eae25b5-bfd1-445a-b0d8-86e5ef9604a3,web,5,2395.1,10.22,2025-09-28T13:51:20.953711
3aedaf51-04cc-456a-a9ea-14597823fce2,2389a3ab-c7d9-4780-ab1f-1c558d6f7d54,a0de6626-305c-473f-946f-bec5e72fa2b2,store,1,367.56,8.33,2025-10-02T13:51:20.953724
7319c1bb-c396-403d-99d9-5bf459603d19,706c92b2-4312-41a5-af08-065360ef288d,905f2110-caca-46ad-b1fc-61c3fda110f1,web,5,243.0,14.87,2026-03-19T13:51:20.953738
550bc64d-d073-4564-8dd7-b4a56841dae0,c59d268a-6f92-4a9c-9055-5dc476e1c531,f1f6542b-4b3f-4e65-8d9a-766c8d57ad72,mobile,2,642.96,14.19,2025-05-26T13:51:20.953751
75e5b0a1-08d7-4577-8117-e36dd2bcb3db,6951a992-1ef4-4e7f-af9b-4a2989cadc35,168e2ef5-ab86-444e-ad38-6cbe82465e6a,mobile,5,450.3,19.29,2026-01-05T13:51:20.953764
90bbc944-408e-478f-a398-76222512900f,89d1cd9f-53a3-4cb9-8d4c-783ca398d230,f1f6542b-4b3f-4e65-8d9a-766c8d57ad72,web,2,642.96,3.74,2025-05-01T13:51:20.953780
6dab9388-c5cb-4736-a413-bd2fc3cf6002,d8485234-37db-4394-ae90-cbf6891d00c3,bdea1b76-1208-4a2f-b2e1-1aa8a5626500,web,1,308.46,8.57,2025-10-04T13:51:20.953793
3db44b77-1bbe-445b-aefe-33abf610726a,4d822340-7e45-4eb3-a279-41f8e82e1084,11d7b21d-825c-442e-8c20-a64d4de4dd3c,mobile,2,114.76,16.92,2026-01-23T13:51:20.953807
b1573ed1-bebd-494f-95e9-c9cccc44feae,dfd52764-d937-4a04-bde4-5a02eae154af,457d9d38-588b-41ff-8c67-d7258b51a8e6,web,4,1665.6,0.8,2025-04-17T13:51:20.953820
5a1442e1-4664-497a-9229-e2b586ae524a,27cdacc1-7d04-4490-b295-5991e94f9f5e,905f2110-caca-46ad-b1fc-61c3fda110f1,mobile,5,243.0,12.31,2026-03-20T13:51:20.953835
ff88c8b9-5466-4151-8bed-77caf947eed1,cb79bd3b-830a-4465-b220-93a205d659c7,053f89ae-21b6-4267-baf4-f4be573d366f,mobile,4,284.6,7.16,2025-06-26T13:51:20.953849
814bcd8c-5711-47b1-b8db-5e96bfea0563,cd1b11ec-0996-4be8-8902-195674a27e17,905f2110-caca-46ad-b1fc-61c3fda110f1,web,5,243.0,10.41,2025-12-24T13:51:20.953863
d33530d2-b00b-439f-ab46-c3194768b0ba,a7a9f9a9-f115-48e8-b2ee-1d075fc3402c,bdea1b76-1208-4a2f-b2e1-1aa8a5626500,mobile,2,616.92,10.74,2025-09-15T13:51:20.953876
34fec39a-abdb-4d8f-9524-356788895b4c,d211948e-8e58-4cae-862a-3e11e5fe3f2d,6c37ac7c-22fb-489b-9e12-ba964446997b,mobile,2,887.72,6.64,2025-12-27T13:51:20.953890
5c7415f6-79e3-4c64-9e6f-e94792169c6b,ed10b742-1bb9-4089-81b1-75d4bac59b90,a0de6626-305c-473f-946f-bec5e72fa2b2,mobile,2,735.12,9.5,2025-06-03T13:51:20.953903
a46bdf62-5b66-4623-93a3-809f0ca72738,56753df8-73b2-4c85-bad5-0476a1357785,79634690-8c5c-4240-8205-82b10c85c886,store,1,323.31,8.91,2025-05-08T13:51:20.953916
9fcc4d90-bc9f-4def-b13a-257ab666afd0,d3dcaad1-9e4d-4862-b064-aa7e02b5f7a7,bff07f43-24a8-4d20-b9e9-6cac1ecce307,store,1,60.07,7.63,2025-05-01T13:51:20.953929
e166f072-843b-474d-bec7-6b8df5e46d1e,2389a3ab-c7d9-4780-ab1f-1c558d6f7d54,28de6b67-c5da-4fd9-9ae6-64f199eb885d,mobile,4,1219.92,14.48,2025-12-05T13:51:20.953942
88849653-683c-4401-97d1-e466b98a5272,d010c452-9bd9-44e7-b595-21b37cd41c07,1791a541-fe39-430b-9626-a24acd85e08e,mobile,3,815.16,8.91,2025-07-26T13:51:20.953955
244130ad-ed4a-4376-adec-f17ee3edaeb1,1bf5ec6f-1fb7-41ba-8561-83bd4b958e3f,a0de6626-305c-473f-946f-bec5e72fa2b2,mobile,2,735.12,1.65,2025-11-02T13:51:20.953972
086d3110-3e55-43ca-888a-808593fb2380,acd34a34-250e-4096-9b7d-6f794c95fa49,9c0e36b8-29dc-48d8-9869-8d952c29dbdb,web,5,1493.65,12.54,2025-07-16T13:51:20.953991
3111c6df-7e47-40e7-acce-b33ce57d2f19,94d0b5a3-a86a-4abe-816b-c62b05ebe72f,56ad6e1f-0691-4acd-a3de-c8da072e3963,web,4,584.6,10.76,2026-02-21T13:51:20.954026
4bea3650-3a57-4a95-b788-dcd2367a2dd9,9b88430b-2b81-4613-aaae-c095517cd2e4,e19c753d-318c-4edb-b565-fc406c99c72c,web,1,196.25,0.48,2025-04-29T13:51:20.954045
ddbb6a31-899f-4933-9724-380f2a87171e,c0f89555-5fe2-4ced-8b60-e35e96e39987,457d9d38-588b-41ff-8c67-d7258b51a8e6,web,1,416.4,1.09,2026-03-02T13:51:20.954074
92b324a9-335c-4324-aee2-10371157581f,edcd837f-7b30-4f33-b321-66343954be91,11d7b21d-825c-442e-8c20-a64d4de4dd3c,mobile,5,286.9,16.43,2026-03-10T13:51:20.954099
8528d840-9622-4082-8f0f-ed29fb1d6a8b,48186108-5140-477d-8d9c-59cf0f3db172,11d7b21d-825c-442e-8c20-a64d4de4dd3c,store,4,229.52,12.6,2025-09-29T13:51:20.954112
d398aa30-db52-41b4-b55c-64c852d63891,d644d7f1-f084-4ec8-a9ef-a0f40649a17b,905f2110-caca-46ad-b1fc-61c3fda110f1,mobile,1,48.6,2.37,2025-09-28T13:51:20.954125
ed8b8337-beb7-4f57-b3c4-16f3aee9ada3,01af8a00-d406-447f-b3dd-975ce21b49ec,d5ee97fe-7203-4277-a432-29e8207ec8be,mobile,5,262.95,16.97,2026-03-23T13:51:20.954138
5caa8d84-0820-4ba6-9b16-82c0b15be6b4,181f6def-75b2-4650-8010-6b2d2c405278,bdea1b76-1208-4a2f-b2e1-1aa8a5626500,mobile,1,308.46,6.03,2025-11-18T13:51:20.954152
fb969bde-1f26-440e-862d-3b800b3caf4e,2ec98caa-fbcb-44c8-9be4-a2b9a927b42d,a0de6626-305c-473f-946f-bec5e72fa2b2,store,4,1470.24,16.44,2025-10-02T13:51:20.954168
5521c4a1-8c73-42fa-9a86-f8ce2bef1043,4c3b7dd1-c7ed-48ad-a424-3974280ffa05,0e9c5cdb-187a-4121-93cd-cd24adc53bc4,web,2,225.3,2.73,2025-07-16T13:51:20.954182
7f56979d-4777-4ea3-a02b-2ce199418425,6b1fe901-5849-41af-9f5a-20e3dd30b27e,168e2ef5-ab86-444e-ad38-6cbe82465e6a,web,3,270.18,5.96,2025-05-26T13:51:20.954195
3e7afb02-a55b-4591-b718-05d0514250ef,6599b145-76bf-4688-84ea-5549a07fc0b1,321b80eb-c6e9-42e0-a6f5-86598247acd3,mobile,1,292.89,2.83,2025-07-06T13:51:20.954214
a09622b1-c946-4d6d-8212-701d5c23eb6e,736e89ee-fcda-459e-a2e7-ecbf43f4404b,79634690-8c5c-4240-8205-82b10c85c886,store,5,1616.55,10.74,2025-06-14T13:51:20.954231
1d7f1637-59e7-488d-8e43-020ea37bec7a,dbefa4ac-a450-4b00-adf5-b7bcf634fb24,1890b36f-a137-41e5-b5ed-1d9d565c4bd0,mobile,3,76.68,14.83,2025-12-29T13:51:20.954245
3976b8fa-7dee-4974-8d34-b206ac74d837,9c8a22ec-7e5f-474b-8e85-d6b34aea9e24,6c37ac7c-22fb-489b-9e12-ba964446997b,mobile,2,887.72,17.03,2025-09-16T13:51:20.954260
c826cf7a-50dd-45f4-ae20-1b14ece20cf1,4f8976eb-b7a7-407e-a978-81c6b0ca8ebc,9c0e36b8-29dc-48d8-9869-8d952c29dbdb,mobile,2,597.46,16.69,2025-12-23T13:51:20.954272
7cdaa472-67a3-4182-a1ce-066ecea53534,7093f3f7-0a13-433d-ac30-374888d8fff3,28de6b67-c5da-4fd9-9ae6-64f199eb885d,mobile,2,609.96,17.05,2025-05-07T13:51:20.954285
f6352367-7819-45d4-8286-46009fcc3495,2a6c32ce-d70a-4305-a174-d980455e126f,17c1c99f-c424-420e-8868-5ab21bafe8e5,mobile,4,569.04,1.46,2025-05-20T13:51:20.954299
d6739f3f-37d6-4c3f-a83f-2765ac192294,d47e0aed-9987-4dbc-8089-1f6faacdaacf,d5ee97fe-7203-4277-a432-29e8207ec8be,web,3,157.77,14.51,2026-02-24T13:51:20.954311
a0ac8068-e526-4404-af79-3c0a234167b6,7854426f-3ba2-4c07-8849-e06fc12c1b12,457d9d38-588b-41ff-8c67-d7258b51a8e6,mobile,3,1249.2,13.11,2026-02-09T13:51:20.954324
857a5151-643e-4dee-99d9-186503af8889,b2f52649-2de7-4158-96f1-800ae16d25f0,a0de6626-305c-473f-946f-bec5e72fa2b2,web,5,1837.8,6.36,2026-03-11T13:51:20.954337
1e1e0134-9468-4434-8918-7fe9053d0634,1730f2ee-7c94-409e-87b9-9e4384fc7de1,457d9d38-588b-41ff-8c67-d7258b51a8e6,store,5,2082.0,13.87,2025-05-13T13:51:20.954350
9d55604b-dfe3-472f-a9a5-488b6e7d876e,c852846f-39ad-4f90-a373-f27b686cbd6b,2341a1b6-ca76-4973-ad2e-4a906f9fd51d,store,5,588.0,19.17,2025-10-11T13:51:20.954364
048ddc03-e90e-4867-ae8e-d0b8d1f47b6b,b3f884c2-631e-4f50-8ebb-a704e4cd049d,79634690-8c5c-4240-8205-82b10c85c886,web,3,969.93,14.24,2025-12-10T13:51:20.954377
eeec7d9a-d01b-427f-8718-2006e8851808,a22427fa-587c-4ef8-ac58-a71016ef9984,e19c753d-318c-4edb-b565-fc406c99c72c,web,3,588.75,13.59,2025-10-13T13:51:20.954390
6d500336-c93d-479a-90a7-d2c4cc6b6b43,02e42010-f231-4ab6-bf73-8efa9d7e8f75,0e9c5cdb-187a-4121-93cd-cd24adc53bc4,store,4,450.6,15.5,2025-08-30T13:51:20.954406
a51ea656-9691-45f3-8572-5a285c4b375c,7854426f-3ba2-4c07-8849-e06fc12c1b12,17c1c99f-c424-420e-8868-5ab21bafe8e5,mobile,1,142.26,12.13,2026-01-16T13:51:20.954420
77a76e8d-cfd0-46cb-ba1f-e6355ac027ab,539ff2c6-6954-426f-8aac-ef6ce054bfab,a47d64f7-a098-44b9-8c64-05a8c978779f,web,2,611.64,5.26,2025-07-14T13:51:20.954435
2c331d95-7f4c-4f5a-a0bc-87b085671d87,2ad030d1-08d6-45dc-9145-6bb5dbf72900,d5ee97fe-7203-4277-a432-29e8207ec8be,mobile,1,52.59,12.63,2026-04-06T13:51:20.954448
bcd0ec53-3567-4697-9af9-c95fef36a4b1,1b83c826-b10a-4344-9e73-15b5b96a5b58,f6df0b45-6106-42d3-8c75-195d0ad4baee,web,5,1943.95,11.03,2025-12-28T13:51:20.954461
b3694466-bc85-4d6e-8a4e-3423e267dfa6,853320e2-2a2e-4c3f-adc1-dda36244a5bf,168e2ef5-ab86-444e-ad38-6cbe82465e6a,web,4,360.24,7.32,2025-05-16T13:51:20.954475
2e79a624-0bac-4929-8046-8943c1d1d815,71ed938f-c557-407e-b2c5-6db5e002ec6c,a0de6626-305c-473f-946f-bec5e72fa2b2,mobile,2,735.12,10.21,2025-08-21T13:51:20.954488
b0d2aad8-9e50-4509-87c8-65d0bd440b0c,617476de-8ec5-4f6e-860d-7c8277a7c4b1,321b80eb-c6e9-42e0-a6f5-86598247acd3,mobile,5,1464.45,4.78,2026-04-10T13:51:20.954501
0bba7579-c0ca-4283-a286-e485666e3572,47305be8-cd55-4cfd-9661-fe36f5f81ce5,9c0e36b8-29dc-48d8-9869-8d952c29dbdb,store,5,1493.65,3.18,2026-02-03T13:51:20.954535
6e57ef87-0710-4ffc-a734-8c7edf4449d5,cfa50b22-dd88-4144-a163-40e5f68f236a,2341a1b6-ca76-4973-ad2e-4a906f9fd51d,store,2,235.2,0.81,2025-08-11T13:51:20.954562
0216fe97-fa2a-41e4-8fa3-ad0a11219b51,fa848a5c-ec51-4164-a85d-f28025f41073,ca3df109-0f94-4c65-bb50-5e247fa97614,store,2,707.76,7.39,2026-03-14T13:51:20.954576
de0c3ec2-716f-40c2-abf5-42d74b0c6742,736e89ee-fcda-459e-a2e7-ecbf43f4404b,56ad6e1f-0691-4acd-a3de-c8da072e3963,store,5,730.75,9.39,2025-10-13T13:51:20.954589
f564fbd3-5544-439b-83ff-b935e7d2768b,8290b56a-c317-4563-a6ed-d3324c017372,944989d7-0474-4130-959f-c793bf62259e,store,1,119.36,2.06,2025-05-18T13:51:20.954610
02e37fea-0be9-427e-bb0e-19ce982dcf11,5f9a2f01-073f-4576-a173-61c06b068554,1791a541-fe39-430b-9626-a24acd85e08e,mobile,3,815.16,10.89,2025-12-02T13:51:20.954640
7f38009e-7fbc-4dff-a08d-ba5f7e7d528c,a221350b-2da3-45e2-b548-7a7cef3f240c,1308f602-c166-4cdc-868a-0b4938053d4d,mobile,4,129.76,13.07,2025-10-10T13:51:20.954663
c5484ea2-27c0-47c5-8801-5be5f4d0212d,5e1fa70f-19c4-4eff-8b14-2c1bc4836ad4,d5ee97fe-7203-4277-a432-29e8207ec8be,store,5,262.95,19.45,2025-12-08T13:51:20.954676
7b7441d7-9084-4c45-a76f-f73273ae70e6,71ed938f-c557-407e-b2c5-6db5e002ec6c,1791a541-fe39-430b-9626-a24acd85e08e,store,4,1086.88,9.74,2025-10-17T13:51:20.954689
3c471fcb-a9db-45eb-95f7-fc73a4a92d36,83f4d053-1157-4bf6-ba2d-e0c7bd42c0be,79634690-8c5c-4240-8205-82b10c85c886,store,5,1616.55,3.31,2026-02-03T13:51:20.954702
9518416e-565a-4a9f-a1f3-50f4c19eed61,ccc80586-f348-4f03-85eb-7da4adedccb4,bdea1b76-1208-4a2f-b2e1-1aa8a5626500,web,3,925.38,3.74,2025-12-28T13:51:20.954716
1889a737-dfb7-4bdf-b6fa-a5d839d7e6c7,ea1872d3-f341-4e4d-ba06-92d09a33fa7a,28de6b67-c5da-4fd9-9ae6-64f199eb885d,store,2,609.96,14.41,2025-09-15T13:51:20.954728
13a2b2d6-b849-49aa-8379-e6baa923c0dc,83f4d053-1157-4bf6-ba2d-e0c7bd42c0be,0e9c5cdb-187a-4121-93cd-cd24adc53bc4,mobile,4,450.6,3.22,2025-12-29T13:51:20.954742
09c0da13-5d9b-4691-80ae-ffbda4be3d3b,2720b663-694c-4910-8683-0abccd50e8d7,e68cd9b3-0f66-4719-b9c8-10a5e0acfc32,web,1,429.1,2.56,2025-12-12T13:51:20.954754
9d22adbd-7f09-4ccb-9837-60d7d555ca0b,8c0ec5af-151e-4280-ab18-606cae2ad64a,9c0e36b8-29dc-48d8-9869-8d952c29dbdb,mobile,2,597.46,0.78,2025-05-28T13:51:20.954770
1fa07e40-c6e9-4da2-b0b8-88a60122cff4,51b8c361-d3b7-4bfc-a0c5-c15b2fc0a697,08f682e0-0949-4d7f-9c1a-36bb48342221,store,1,215.55,18.45,2026-01-20T13:51:20.954785
e842d409-a300-4a76-8e36-3d65a5bf5dbf,ce9ec809-07f0-4c7d-bac2-93ca4b323b9d,f6df0b45-6106-42d3-8c75-195d0ad4baee,mobile,5,1943.95,0.37,2025-07-01T13:51:20.954799
3d6d9f77-1184-419a-8650-4898437c05f0,de09c21b-2790-4f59-98f6-c678497d35f8,a0de6626-305c-473f-946f-bec5e72fa2b2,store,1,367.56,12.13,2025-12-26T13:51:20.954816
461d3a1c-7536-4b83-a893-94c3a059f2f8,7a2c8513-4c58-41e2-a436-bd6a6a91e982,0e9c5cdb-187a-4121-93cd-cd24adc53bc4,store,2,225.3,12.02,2025-12-24T13:51:20.954830
f4141d93-3bb2-49ae-a07f-15b079888a26,edcd837f-7b30-4f33-b321-66343954be91,24665074-3a11-4fcf-82f7-1d50a0b2580f,mobile,5,1909.05,5.29,2025-05-13T13:51:20.954843
d16550d2-80a1-4b4c-9e36-6e64d7584950,739dee87-b56f-4b08-a7f9-6c85d6818fe3,457d9d38-588b-41ff-8c67-d7258b51a8e6,mobile,4,1665.6,1.38,2025-06-14T13:51:20.954856
2af58416-105d-4727-be71-d0f95d8f95f5,d0e41f6c-c8cb-4de6-86a7-55eb1edf917c,1308f602-c166-4cdc-868a-0b4938053d4d,web,2,64.88,4.05,2026-02-19T13:51:20.954869
3ec0a7d1-e545-4a53-8cf1-35fa27cd571c,6ca7f72e-570e-4750-8520-e4fb1d8434d1,bdea1b76-1208-4a2f-b2e1-1aa8a5626500,mobile,4,1233.84,1.93,2026-01-29T13:51:20.954882
490682bc-9b6d-40ab-9500-601e4297c26a,59734e6c-879e-4a68-86e6-a30c9e01f2a6,944989d7-0474-4130-959f-c793bf62259e,web,5,596.8,1.86,2025-08-01T13:51:20.954898
2822e317-affc-4d1d-a1b6-c93ad79c4bb8,658f0200-2d82-4370-88f0-570c233853ef,542e404c-f975-45bf-b793-249b8d15665d,web,5,537.1,17.94,2025-07-13T13:51:20.954911
2549af42-253f-4c64-b1b0-67e8e451a114,96478114-3e95-4c71-adc2-4d8618801e09,e19c753d-318c-4edb-b565-fc406c99c72c,store,5,981.25,17.5,2025-09-12T13:51:20.954926
e1f4be3c-b5f2-4763-91b8-13e2c9dd1073,80bb3786-c8a8-42d8-9893-287ac213c975,1791a541-fe39-430b-9626-a24acd85e08e,store,4,1086.88,15.79,2025-12-19T13:51:20.954939
f6f3e698-68b4-400b-98f3-a4d85777ec72,8040cbdd-63a5-4643-98aa-2a7670be6024,6c37ac7c-22fb-489b-9e12-ba964446997b,mobile,5,2219.3,1.95,2025-04-24T13:51:20.954953
f13e4a53-be65-493a-bcd5-0678efadfcc8,ef8225e3-4aeb-459c-8242-fae62541926d,11d7b21d-825c-442e-8c20-a64d4de4dd3c,web,4,229.52,5.67,2025-12-17T13:51:20.954968
87b07b92-6a2a-4929-b84d-14b671982172,cfe0b1a7-cd03-4d1e-93b0-3bbdd16f6a23,168e2ef5-ab86-444e-ad38-6cbe82465e6a,web,4,360.24,0.11,2025-12-05T13:51:20.954982
e6370e12-e6f8-4844-947c-bda6e7417959,78ef8c5e-d740-4e3d-aa65-2c822c418b3c,79634690-8c5c-4240-8205-82b10c85c886,web,5,1616.55,10.4,2025-07-22T13:51:20.954998
a45a0df1-1307-45bc-b845-62a2d9b97b1e,dd438a1f-d050-4e92-8063-444c9b52b2e1,56ad6e1f-0691-4acd-a3de-c8da072e3963,store,3,438.45,2.13,2025-09-18T13:51:20.955012
ca1f1b60-3f8e-49e0-b862-2593247b6468,5a07bc88-ff0b-4476-965f-f4c8d2922d97,11d7b21d-825c-442e-8c20-a64d4de4dd3c,store,3,172.14,11.29,2025-07-15T13:51:20.955024
f5301fbe-6aae-48dd-98bc-aaffed35af47,00824cc7-caaa-457e-9328-c8b8556afc23,a47d64f7-a098-44b9-8c64-05a8c978779f,store,4,1223.28,11.04,2026-01-01T13:51:20.955039
1c5f1f0a-92b8-4a00-a138-bb2a8ce20cff,58baa912-a1cf-4bb6-a3ac-cdfccf1ec74b,0e9c5cdb-187a-4121-93cd-cd24adc53bc4,mobile,2,225.3,11.1,2025-10-08T13:51:20.955053
57a1ddf7-64e8-4195-80b6-c177999f9c79,caf9ba8e-9dd9-4b84-8f45-aaf06185a794,053f89ae-21b6-4267-baf4-f4be573d366f,mobile,5,355.75,7.96,2025-10-21T13:51:20.955072
25e223b5-6e07-40ca-ab13-54cea757600e,f81bcfa1-39d2-47e8-8236-8071706a6271,28de6b67-c5da-4fd9-9ae6-64f199eb885d,mobile,2,609.96,18.98,2025-08-30T13:51:20.955092
733fd5d0-ba16-4417-80ae-3cb69582c5df,b2f52649-2de7-4158-96f1-800ae16d25f0,56ad6e1f-0691-4acd-a3de-c8da072e3963,store,5,730.75,16.02,2025-09-22T13:51:20.955107
7ad034a9-023c-4038-b97d-d044ecb70adf,5616721d-0a88-4f6c-b9ec-f604a0e9cde9,69b6bb4a-cfaa-4878-91ae-e146f31c1955,mobile,2,683.14,0.11,2025-09-28T13:51:20.955119
fd9a8a55-8de5-4520-aee0-c40b426df357,8ccd0f15-fc71-4c67-ad0e-2f8a0beac395,08f682e0-0949-4d7f-9c1a-36bb48342221,store,4,862.2,1.76,2025-06-12T13:51:20.955133
5d9d632f-8436-4a2a-b456-488b2db12106,3446f091-304c-48ee-8228-02b3d1c875dc,6eae25b5-bfd1-445a-b0d8-86e5ef9604a3,mobile,3,1437.06,0.76,2026-03-06T13:51:20.955147
fca1a370-6094-49f0-913e-58bd6dd4a244,b404a8e7-16e4-4439-a553-4fc2473a176b,f6df0b45-6106-42d3-8c75-195d0ad4baee,mobile,5,1943.95,5.73,2025-05-15T13:51:20.955167
c7367286-43ee-43fd-91e1-e02bce005d2b,47305be8-cd55-4cfd-9661-fe36f5f81ce5,69b6bb4a-cfaa-4878-91ae-e146f31c1955,store,2,683.14,8.78,2025-05-23T13:51:20.955207
f68f0967-2654-47fa-a04f-bdf91917c3af,c59d268a-6f92-4a9c-9055-5dc476e1c531,1791a541-fe39-430b-9626-a24acd85e08e,web,3,815.16,15.68,2026-01-06T13:51:20.955231
71d5d776-8d9f-4895-93ef-154ca9ae8955,b9495a6f-5d1f-4934-9ae7-1176dbb78c66,1791a541-fe39-430b-9626-a24acd85e08e,web,2,543.44,13.48,2025-06-05T13:51:20.955245
993a0cb2-7a68-4294-a873-23c362ada675,ed10b742-1bb9-4089-81b1-75d4bac59b90,bff07f43-24a8-4d20-b9e9-6cac1ecce307,web,1,60.07,19.94,2026-01-25T13:51:20.955260
28a5b52a-0bf7-4b82-8b4e-e21502a914ba,3aa173fb-07c2-4854-8619-e70a310930dd,f6df0b45-6106-42d3-8c75-195d0ad4baee,store,3,1166.37,8.11,2025-05-08T13:51:20.955274
252fe85f-5639-4c73-9871-3ae7a042c990,039c9b20-dd1e-4d98-ac25-be384c76f160,1791a541-fe39-430b-9626-a24acd85e08e,web,1,271.72,18.38,2025-04-20T13:51:20.955287
879fe4da-218d-449c-ad81-7b09ce3b2b99,ef8b891a-8f31-48c0-87ec-dd90e192da22,a0de6626-305c-473f-946f-bec5e72fa2b2,store,5,1837.8,6.95,2025-06-21T13:51:20.955301
fe230822-a0b3-4a69-886a-b0afe7889219,05936011-9e61-41c0-bc67-638eee4f08eb,a47d64f7-a098-44b9-8c64-05a8c978779f,web,2,611.64,9.1,2025-06-09T13:51:20.955314
57c261b2-ef9d-48a6-be0c-c51fde495001,0a3c7b2d-e015-4c8e-aa15-0904eea35e94,2341a1b6-ca76-4973-ad2e-4a906f9fd51d,web,1,117.6,8.14,2025-12-03T13:51:20.955327
9ba014e9-8f6d-4fa2-a5b8-79abfaaeb01d,706a122a-0673-42d0-ab4d-15b133b4527f,17c1c99f-c424-420e-8868-5ab21bafe8e5,store,1,142.26,6.8,2025-08-01T13:51:20.955340
ddcc12a2-daf4-42a1-b8a2-bc278cf63beb,26073014-9b38-40c7-bdc5-0108e886fb39,bdea1b76-1208-4a2f-b2e1-1aa8a5626500,mobile,3,925.38,5.0,2025-07-14T13:51:20.955354
a580ac90-a4f9-46f3-8799-7cc5982b4cff,e55e95ef-f1cb-40bc-bc2a-bed8e28fabad,1308f602-c166-4cdc-868a-0b4938053d4d,web,5,162.2,15.15,2025-08-11T13:51:20.955370
abae3f15-9290-45fa-b59c-11f9598d6e73,72595032-530c-40ee-b0f0-4ba91d52b77a,7df8e284-e832-44a7-94ef-f17a4e5da9d6,web,4,358.76,9.64,2025-06-19T13:51:20.955384
41e89e3f-fde7-4f85-afd0-0f06cc7455ae,400b741d-0ca0-45d6-8523-573617fee653,d5ee97fe-7203-4277-a432-29e8207ec8be,web,4,210.36,13.54,2025-05-26T13:51:20.955407
9964ed4e-26fd-4137-a8ee-f43e4bd0dbb7,0ebb1121-5e3e-4d5b-b10b-61858bcd68c5,905f2110-caca-46ad-b1fc-61c3fda110f1,mobile,4,194.4,10.71,2025-10-17T13:51:20.955428
4519e84a-6c8c-4ec8-8de2-8c017f846032,e08005e5-7c2d-4d4a-b8b0-0dfdef1cc73d,11d7b21d-825c-442e-8c20-a64d4de4dd3c,web,2,114.76,7.98,2025-11-19T13:51:20.955441
cd0ba6de-6527-4fe5-87d0-3f74bb2abdf3,660774c2-3e9a-4fb9-8a1d-efc23461f660,457d9d38-588b-41ff-8c67-d7258b51a8e6,web,1,416.4,9.53,2025-07-06T13:51:20.955454
f4dee2d9-afd8-4efb-ae04-d758c1cbca1c,4bc1996f-9825-4f06-85da-2b0db239e855,56ad6e1f-0691-4acd-a3de-c8da072e3963,web,5,730.75,18.94,2025-11-29T13:51:20.955467
39f1d1aa-4505-4d8b-9729-6a856073f0d6,de18f223-7a95-47d7-892b-230c0354b118,ad1fb5ee-a91c-4991-9341-e395d2beecef,web,4,1408.32,14.71,2026-01-03T13:51:20.955480
9256ce6b-da1e-4844-9864-fe2a03e09373,b7aaa865-e5ca-4a1f-8fc6-8ec0e327c3ba,11d7b21d-825c-442e-8c20-a64d4de4dd3c,web,2,114.76,16.7,2025-12-19T13:51:20.955493
441b96a0-834f-4918-ab40-263a50dbd032,b0b5d801-ca6b-405b-820c-269c6367bf13,6c37ac7c-22fb-489b-9e12-ba964446997b,web,2,887.72,18.4,2026-02-20T13:51:20.955507
2cb37d6f-7d06-4ef0-8c26-a4d9edcb81f0,d6de87d1-6cf1-400d-8b1d-d8af4573a316,ca3df109-0f94-4c65-bb50-5e247fa97614,mobile,5,1769.4,19.16,2026-04-12T13:51:20.955540
3556765f-bfdd-47ec-8bd0-f81f0ef03a57,740901b0-ea82-459c-b9c4-ebb6e59f3b9c,0e9c5cdb-187a-4121-93cd-cd24adc53bc4,store,3,337.95,9.85,2025-06-02T13:51:20.955564
af74fcb2-decd-46e8-962a-d2c3d5a84d97,b8bc9125-abd7-42fa-b7cd-bccbe5922a40,2341a1b6-ca76-4973-ad2e-4a906f9fd51d,web,3,352.8,19.69,2025-08-07T13:51:20.955579
eda58d6c-7f8f-449b-a888-3e220e06ef8b,a52635f8-5d4b-4e50-89d7-7c68f3c83db7,bdea1b76-1208-4a2f-b2e1-1aa8a5626500,web,3,925.38,15.0,2025-09-24T13:51:20.955593
08f0e879-dea8-4ee0-9242-5e4e01cac99c,28bda88c-ec35-4327-97b4-3646020d3493,69b6bb4a-cfaa-4878-91ae-e146f31c1955,store,5,1707.85,18.79,2025-09-11T13:51:20.955605
76a92834-dab3-4442-b878-db0c477bc381,53e0275c-fc42-4900-a0ea-d5048e14d832,bdea1b76-1208-4a2f-b2e1-1aa8a5626500,mobile,3,925.38,15.52,2025-09-26T13:51:20.955624
15cf24e1-bd50-4903-83d6-69b37757c378,f034c227-4c36-4efd-aaf6-21c60e1aa1f6,28de6b67-c5da-4fd9-9ae6-64f199eb885d,store,5,1524.9,13.78,2025-08-23T13:51:20.955645
f08e2246-b57d-469f-90ea-90c2f8b70f27,ce2cc2b4-d6d0-413b-9a29-38c333953cb9,56ad6e1f-0691-4acd-a3de-c8da072e3963,web,4,584.6,6.51,2025-06-22T13:51:20.955659
0a9983d1-bba1-4a33-8cf3-e07470bdd676,00824cc7-caaa-457e-9328-c8b8556afc23,11d7b21d-825c-442e-8c20-a64d4de4dd3c,store,2,114.76,4.74,2025-07-09T13:51:20.955672
817221c1-67c2-4392-8a13-d660b7473a13,7a2c8513-4c58-41e2-a436-bd6a6a91e982,457d9d38-588b-41ff-8c67-d7258b51a8e6,store,3,1249.2,8.48,2026-01-11T13:51:20.955695
cf9e8f78-c4b9-444f-8f2a-51c62cffb466,d5327b4f-92bb-47e0-8591-523fd0425dda,321b80eb-c6e9-42e0-a6f5-86598247acd3,store,3,878.67,9.01,2025-09-22T13:51:20.955726
60cf0bc5-045e-4182-8870-958227d0d0a8,da6a2aa5-e06f-422f-a9d1-fb75cb459423,542e404c-f975-45bf-b793-249b8d15665d,web,5,537.1,16.28,2025-04-29T13:51:20.955747
724e0a24-98d1-4f4e-86fa-8096af7cb317,ebcca014-8ee1-48b0-8f73-19d476e0b3a8,a47d64f7-a098-44b9-8c64-05a8c978779f,store,2,611.64,17.13,2025-07-05T13:51:20.955761
831b0838-3158-4972-86e3-84778f60ab39,1234b85a-6c0e-42b9-8953-1aa40eca3434,08f682e0-0949-4d7f-9c1a-36bb48342221,web,2,431.1,3.53,2025-08-16T13:51:20.955774
a67ad48d-9e2c-4282-93cf-4904d5e64112,10a2df5c-33d0-4125-922e-bf481cd31fd5,542e404c-f975-45bf-b793-249b8d15665d,mobile,5,537.1,6.31,2025-07-16T13:51:20.955787
6d63decd-3063-4a2c-abb9-8a349445ba4e,7854426f-3ba2-4c07-8849-e06fc12c1b12,053f89ae-21b6-4267-baf4-f4be573d366f,mobile,3,213.45,0.95,2025-07-02T13:51:20.955800
2266a7f4-c74a-4672-885f-fbc558402290,fd53e197-4f2b-48cb-a11c-472fec150252,9c0e36b8-29dc-48d8-9869-8d952c29dbdb,store,1,298.73,9.53,2025-12-26T13:51:20.955816
53299dd6-997b-4502-b69c-3a3836d65bfc,71dd238d-4040-4247-9b73-eff211153a97,08cb9e44-2170-4369-9ab2-a47e52847e6c,store,4,468.48,7.22,2025-10-26T13:51:20.955829
167abf44-579c-46e3-a10d-6ee459fa1778,2fa382ae-d79d-488d-95e2-61f2338ea04b,17c1c99f-c424-420e-8868-5ab21bafe8e5,web,3,426.78,8.24,2025-10-21T13:51:20.955847
bda11b9a-db86-4930-9d06-1422c49dbabe,3c0ec3bc-82a6-49b7-bc9b-7911b3f741a6,ad1fb5ee-a91c-4991-9341-e395d2beecef,mobile,5,1760.4,12.98,2025-06-25T13:51:20.955861
3f0c7c09-2c4e-497c-8197-600a8a1796ec,a221350b-2da3-45e2-b548-7a7cef3f240c,a0de6626-305c-473f-946f-bec5e72fa2b2,mobile,3,1102.68,10.21,2025-10-31T13:51:20.955874
b241d2fd-c96b-4e44-8be5-99783aabef1f,96478114-3e95-4c71-adc2-4d8618801e09,f1f6542b-4b3f-4e65-8d9a-766c8d57ad72,mobile,1,321.48,5.73,2025-10-02T13:51:20.955888
79002b29-7ec1-48b7-ad95-74e112161852,c1207f04-88b4-4471-845c-87ac01dd5ff3,08f682e0-0949-4d7f-9c1a-36bb48342221,store,2,431.1,8.44,2025-05-23T13:51:20.955901
109bf8b0-b76b-4880-8733-4716d5590449,00824cc7-caaa-457e-9328-c8b8556afc23,2341a1b6-ca76-4973-ad2e-4a906f9fd51d,web,4,470.4,3.24,2026-03-10T13:51:20.955915
de450075-9830-4f52-9bd3-0eb87f8c1a2e,ff3bc83f-7267-4530-ae44-86792304c864,905f2110-caca-46ad-b1fc-61c3fda110f1,store,3,145.8,14.21,2025-05-16T13:51:20.955928
73f53295-c558-420c-8900-3d58cc605735,302fe327-d775-409b-8012-a97df34b403d,f6df0b45-6106-42d3-8c75-195d0ad4baee,store,3,1166.37,14.96,2025-08-31T13:51:20.955942
951e97f7-4ef8-4941-a381-064f5dc25ad8,f3ab7cce-0457-400d-bf61-d02b31de7dd9,f1f6542b-4b3f-4e65-8d9a-766c8d57ad72,web,4,1285.92,17.08,2026-01-20T13:51:20.955969
d6101586-cbc6-40d6-a462-78df1a6de799,4fea6d9e-f8ff-4426-9531-797cc03943e1,bff07f43-24a8-4d20-b9e9-6cac1ecce307,mobile,3,180.21,1.6,2025-04-22T13:51:20.955992
324b65e9-141a-439e-87e0-3ef89f88f4b0,79fc4812-26d3-4ade-93fb-8c817b2fb15b,f6df0b45-6106-42d3-8c75-195d0ad4baee,web,1,388.79,18.74,2026-02-26T13:51:20.956022
2c874eb7-37eb-475b-9a45-52a9a6e8678a,5ac0a3cf-2c26-41de-a57f-27a7ff60dd55,17c1c99f-c424-420e-8868-5ab21bafe8e5,store,1,142.26,10.48,2026-04-02T13:51:20.956039
408daa20-f037-4ad1-89dd-339948a5ea97,1c13764a-936b-493a-8635-7e1a3faff27d,08cb9e44-2170-4369-9ab2-a47e52847e6c,web,3,351.36,1.69,2025-06-03T13:51:20.956052
da10c95c-7522-430c-984c-78006dd81917,a92984c0-2022-4ff4-9915-d94264c7fd2a,1308f602-c166-4cdc-868a-0b4938053d4d,web,3,97.32,14.75,2025-12-19T13:51:20.956070
2d62f1ce-424a-4c85-ac68-d264e293694a,e55e95ef-f1cb-40bc-bc2a-bed8e28fabad,542e404c-f975-45bf-b793-249b8d15665d,web,2,214.84,0.57,2025-07-20T13:51:20.956084
57b1b058-1a91-4872-a476-2237e2e08278,66008cc3-2699-4807-9a2a-082a6a036e54,6c37ac7c-22fb-489b-9e12-ba964446997b,store,3,1331.58,19.5,2025-08-15T13:51:20.956097
4e73fbf8-ab5a-4e42-b510-815560bb3555,9250bcb7-8e85-4859-9210-77e4d80ea8af,a47d64f7-a098-44b9-8c64-05a8c978779f,web,5,1529.1,19.39,2025-08-31T13:51:20.956110
61ab146c-d566-4a35-98c3-35c3ea8dc990,80bb3786-c8a8-42d8-9893-287ac213c975,168e2ef5-ab86-444e-ad38-6cbe82465e6a,mobile,2,180.12,9.13,2025-06-17T13:51:20.956123
ba9113cf-3a7f-4f55-92ee-05d32d7984f2,660774c2-3e9a-4fb9-8a1d-efc23461f660,2341a1b6-ca76-4973-ad2e-4a906f9fd51d,mobile,4,470.4,12.79,2025-07-21T13:51:20.956140
4555fe0e-b6cd-4863-b82a-ab2dc901b50c,16e7deb1-5e07-4f9f-b198-5181d24733dd,6c37ac7c-22fb-489b-9e12-ba964446997b,web,4,1775.44,16.09,2025-07-13T13:51:20.956167
016a9b4e-99cc-480a-835a-d3dc79a8e7a5,e55e95ef-f1cb-40bc-bc2a-bed8e28fabad,053f89ae-21b6-4267-baf4-f4be573d366f,store,3,213.45,3.11,2025-09-16T13:51:20.956181
fae3df89-1ad8-44ca-8f80-541eb79e10ad,540330b2-5f16-49dc-872a-7e8b69278d22,79634690-8c5c-4240-8205-82b10c85c886,store,5,1616.55,5.74,2026-02-05T13:51:20.956194
2200d59c-747a-43a7-93ce-100d07a994ab,934582b4-4335-41ae-8710-77f29f6f6c81,79634690-8c5c-4240-8205-82b10c85c886,store,4,1293.24,0.18,2025-08-14T13:51:20.956207
ebf1180a-7dff-4488-842f-6ecadb0aa564,87554c20-10a5-4d5b-a814-26d32d96bfcc,a0de6626-305c-473f-946f-bec5e72fa2b2,web,5,1837.8,10.96,2025-12-18T13:51:20.956221
3b41192b-0ada-47d3-9f38-5d6d7149b765,486e7590-a65d-4b51-90c2-c0656ce8f42e,e68cd9b3-0f66-4719-b9c8-10a5e0acfc32,store,5,2145.5,5.0,2025-09-04T13:51:20.956234
756b4321-2ec8-4981-9e55-330df16f4532,0ecc2cc7-1475-4466-9e4c-529582c64e99,1308f602-c166-4cdc-868a-0b4938053d4d,store,4,129.76,1.58,2025-12-24T13:51:20.956251
70fa487f-fae7-4721-9d81-952f94f13c17,e126d0cb-6e82-4a85-b85f-f2678181bce6,bff07f43-24a8-4d20-b9e9-6cac1ecce307,mobile,5,300.35,13.69,2025-06-06T13:51:20.956283
8fd036ab-1d8b-4ce7-b08f-70639d4f22f0,5bf4583e-b845-45d7-884b-2881ba288b9d,168e2ef5-ab86-444e-ad38-6cbe82465e6a,web,3,270.18,17.07,2025-09-16T13:51:20.956307
94eda749-d1a9-4553-91e5-99686e407779,ea4f8aeb-9ef4-46ca-953e-5e309b9171ca,542e404c-f975-45bf-b793-249b8d15665d,mobile,3,322.26,9.11,2026-02-18T13:51:20.956322
64668205-263f-4a41-aa52-f864fdb4cf4a,d27db049-06bb-49d0-9384-1d005fc4197d,a47d64f7-a098-44b9-8c64-05a8c978779f,web,5,1529.1,6.41,2025-08-07T13:51:20.956335
7cb32565-5345-428d-8ae5-0f9c3047cd8f,85614ccc-0949-4a03-a33a-38b2340aaca1,69b6bb4a-cfaa-4878-91ae-e146f31c1955,web,5,1707.85,19.45,2026-04-04T13:51:20.956351
6e7cf7bb-ae53-450c-9266-012acb253c63,4a048325-8212-43a5-beca-25ad536f4cee,a47d64f7-a098-44b9-8c64-05a8c978779f,mobile,2,611.64,0.16,2025-09-03T13:51:20.956364
a0993a69-ae14-45db-9dee-91e1a5414b5e,8ccd0f15-fc71-4c67-ad0e-2f8a0beac395,08f682e0-0949-4d7f-9c1a-36bb48342221,web,1,215.55,6.84,2025-08-06T13:51:20.956377
3974e6d0-130c-4848-9852-99a6909eb7a2,a1674076-3038-4d42-97bd-ba83e6a52720,ca3df109-0f94-4c65-bb50-5e247fa97614,mobile,3,1061.64,15.83,2025-08-21T13:51:20.956391
0b7db9d6-03e7-4416-be1c-b78f8ade58ba,02e42010-f231-4ab6-bf73-8efa9d7e8f75,1890b36f-a137-41e5-b5ed-1d9d565c4bd0,store,2,51.12,15.51,2026-03-18T13:51:20.956404
cf267427-9c98-4154-a5bb-e84d30eed385,09ea9b77-2776-4869-9b5d-0cfcb5dee3eb,168e2ef5-ab86-444e-ad38-6cbe82465e6a,web,4,360.24,17.91,2026-01-13T13:51:20.956417
10a716ef-12de-4c0d-b341-1931c0dd6dd7,84af72e6-800a-4dd4-88b4-15fe1f894bef,1308f602-c166-4cdc-868a-0b4938053d4d,mobile,1,32.44,4.98,2026-02-12T13:51:20.956431
ecda36e1-6879-4429-b4c4-5056ed892f67,80a6b929-e1f9-4b9b-b8ea-5c1b93b29273,f1f6542b-4b3f-4e65-8d9a-766c8d57ad72,web,2,642.96,9.22,2026-03-29T13:51:20.956444
001ac621-73f5-4931-b05e-a3c974aa9186,80a6b929-e1f9-4b9b-b8ea-5c1b93b29273,08cb9e44-2170-4369-9ab2-a47e52847e6c,web,5,585.6,9.46,2025-05-10T13:51:20.956460
fd99787d-8880-4a51-9083-bf65c56b2ddd,6f9ef49f-8364-495a-bb6c-b6ffa243e355,053f89ae-21b6-4267-baf4-f4be573d366f,mobile,3,213.45,14.56,2026-01-24T13:51:20.956474
e42a50d9-7729-4e4c-a34d-ae1bdbdf72ba,ae5747f6-5be4-4adc-a70e-6a7af4e70c23,17c1c99f-c424-420e-8868-5ab21bafe8e5,store,5,711.3,9.62,2026-02-12T13:51:20.956488
5976dcbd-42c9-455c-a76d-453f68b04ae2,c8bc6461-f15e-48de-b1ae-15a4fb815418,ad1fb5ee-a91c-4991-9341-e395d2beecef,mobile,3,1056.24,4.36,2026-03-20T13:51:20.956500
65252ca8-eda3-4c00-a8d1-cd78bfdce015,5811146f-e353-4d97-be9b-134b231bf480,bff07f43-24a8-4d20-b9e9-6cac1ecce307,web,4,240.28,3.35,2025-10-31T13:51:20.956526
fb9d60ef-a34e-4c74-b78d-c007045aac68,70928f45-8f59-44f3-973d-95a5d8e1a0c7,28de6b67-c5da-4fd9-9ae6-64f199eb885d,web,4,1219.92,19.38,2025-12-12T13:51:20.956562
e7e7fe26-28ea-437b-bf5f-559b44da9be4,a539424b-3bc3-488a-86dd-c9667b50b118,0e9c5cdb-187a-4121-93cd-cd24adc53bc4,store,5,563.25,15.42,2026-01-26T13:51:20.956577
3680225b-ff19-4171-9b42-4700f1fb8525,5b737127-dd4b-42d2-8e51-24ce5e175dba,9c0e36b8-29dc-48d8-9869-8d952c29dbdb,mobile,4,1194.92,12.37,2026-02-28T13:51:20.956590
a8e40c18-572c-4db7-b656-406ca5eda7bd,a92984c0-2022-4ff4-9915-d94264c7fd2a,69b6bb4a-cfaa-4878-91ae-e146f31c1955,mobile,1,341.57,3.08,2025-10-15T13:51:20.956603
54bd6c97-b5bf-4238-97e2-98eb5d4c1238,2bf20add-b53d-4ece-be51-331ebb53ad0c,08cb9e44-2170-4369-9ab2-a47e52847e6c,web,2,234.24,6.33,2025-08-09T13:51:20.956615
76d2da9e-44d3-451d-8ef1-afc5f505a07e,58baa912-a1cf-4bb6-a3ac-cdfccf1ec74b,6c37ac7c-22fb-489b-9e12-ba964446997b,web,4,1775.44,13.78,2026-01-07T13:51:20.956628
d299fe5d-5a21-4082-88d1-d17165ef8008,181f6def-75b2-4650-8010-6b2d2c405278,542e404c-f975-45bf-b793-249b8d15665d,store,3,322.26,14.13,2026-03-26T13:51:20.956641
47dd28fb-d3a1-4a1b-977e-32223677c1a9,2fa382ae-d79d-488d-95e2-61f2338ea04b,a0de6626-305c-473f-946f-bec5e72fa2b2,store,5,1837.8,3.8,2025-04-24T13:51:20.956657
9a47988b-c6e3-4c2e-8eb9-40e8ec34c112,637c0f84-207d-48a7-a962-320e19bc238f,168e2ef5-ab86-444e-ad38-6cbe82465e6a,mobile,3,270.18,9.37,2025-11-01T13:51:20.956671
42fae04a-e06a-4e71-8d3b-5bcca9be6a7a,3e0f0892-3271-4349-a4d6-c5b43dd208f5,17c1c99f-c424-420e-8868-5ab21bafe8e5,mobile,2,284.52,3.1,2026-03-11T13:51:20.956685
6a554b3d-653b-4c6f-87fd-5b8e44adee91,b237f9d5-60b3-45de-bbeb-f64d46377e62,11d7b21d-825c-442e-8c20-a64d4de4dd3c,store,5,286.9,0.01,2025-10-10T13:51:20.956698
b6c507af-61c1-4307-a5de-635afd6ae718,fcce4cc1-7186-4f54-85f6-10e497d9899f,bdea1b76-1208-4a2f-b2e1-1aa8a5626500,web,4,1233.84,12.39,2026-01-11T13:51:20.956722
2757394c-1f26-4cf7-9e72-bb5a864e7eec,8de4ba42-f9cc-4561-9d63-a626e4997a50,bff07f43-24a8-4d20-b9e9-6cac1ecce307,mobile,3,180.21,19.34,2026-03-14T13:51:20.956735
a4eb1d0b-2add-45fc-ae25-9cd496632a80,eb42c702-fa41-44fc-bdd9-249a90c13937,1308f602-c166-4cdc-868a-0b4938053d4d,mobile,2,64.88,9.95,2025-07-21T13:51:20.956749
cb1cfe68-f3f3-474c-8f43-888fbfab9b4f,2265ad7d-6f3d-45e9-99ad-c1533863d3ba,08f682e0-0949-4d7f-9c1a-36bb48342221,store,5,1077.75,8.2,2025-11-22T13:51:20.956768
513bf3ba-4286-4431-b001-a4fe23965e3f,d94b6713-3071-40cb-b879-b1983278bef5,28de6b67-c5da-4fd9-9ae6-64f199eb885d,mobile,1,304.98,1.33,2025-07-22T13:51:20.956796
6dd1dd1c-2c96-447e-bc8f-90af5d047d31,5e1fa70f-19c4-4eff-8b14-2c1bc4836ad4,542e404c-f975-45bf-b793-249b8d15665d,web,2,214.84,2.14,2026-03-30T13:51:20.956810
8b49e3a1-4efa-4263-ac16-0d1032fdf51f,6348aef4-0c22-4f32-82aa-af99e49beca1,08cb9e44-2170-4369-9ab2-a47e52847e6c,mobile,1,117.12,16.73,2025-06-27T13:51:20.956823
78e7dad3-49ca-4109-a402-537c15cfc172,d9b7e479-7962-472f-9f45-ed44bb42d6aa,ca3df109-0f94-4c65-bb50-5e247fa97614,mobile,5,1769.4,11.81,2025-05-31T13:51:20.956840
1881a765-f016-454f-b161-b8356f8ac43c,03e7d570-d942-42d5-972f-7ff8aca4fe7e,321b80eb-c6e9-42e0-a6f5-86598247acd3,mobile,2,585.78,1.42,2025-06-09T13:51:20.956854
e8dbb89f-dbfa-41e9-a6f4-e2148aa2bfdf,a92984c0-2022-4ff4-9915-d94264c7fd2a,56ad6e1f-0691-4acd-a3de-c8da072e3963,store,4,584.6,16.02,2026-03-06T13:51:20.956869
3b785719-e196-44cc-bb25-273df5dea007,f6f84d4a-8f74-45a9-8dca-f2861185f737,321b80eb-c6e9-42e0-a6f5-86598247acd3,store,5,1464.45,15.88,2025-09-15T13:51:20.956883
83e15e38-2499-452e-bc5f-cb8746054866,3e180188-758e-4f82-bfe5-3ce6dbd03f62,a47d64f7-a098-44b9-8c64-05a8c978779f,mobile,5,1529.1,1.41,2026-03-26T13:51:20.956897
d3948324-c30e-4dbb-80d4-e6e446e61254,0ffa2fd2-7b2b-4401-b033-eccfd8ef021c,d5ee97fe-7203-4277-a432-29e8207ec8be,web,2,105.18,2.02,2025-07-24T13:51:20.956909
1489af30-5db4-47c9-ac04-bfa57b7fce23,9d5bc314-79d9-4dee-966f-dba735c7590f,168e2ef5-ab86-444e-ad38-6cbe82465e6a,web,4,360.24,10.52,2026-01-08T13:51:20.956923
8af6c1ca-8ca3-4066-a81f-750be8ad41ee,5b737127-dd4b-42d2-8e51-24ce5e175dba,2341a1b6-ca76-4973-ad2e-4a906f9fd51d,mobile,2,235.2,11.16,2025-07-04T13:51:20.956937
dfdd18e1-ec84-4393-a3d2-2d140a76760d,0e84ca4e-38ef-4914-9a48-d37c077735d3,08cb9e44-2170-4369-9ab2-a47e52847e6c,mobile,5,585.6,9.17,2025-10-14T13:51:20.956951
a2451b6c-5c95-466f-ad39-3d7de95c7911,9fbdd83e-1473-4d7d-88eb-05463f65126d,e19c753d-318c-4edb-b565-fc406c99c72c,web,1,196.25,11.0,2026-01-20T13:51:20.956965
55518375-8870-4bfc-b13b-3097ea2713af,7fc349aa-f17a-4f08-9eec-fab40d4f299b,457d9d38-588b-41ff-8c67-d7258b51a8e6,mobile,2,832.8,8.86,2025-07-16T13:51:20.956978
c1e93fae-6b1e-46b0-9f62-ab45e46fa550,964b7af0-f945-4a93-a040-a1f71aed720f,905f2110-caca-46ad-b1fc-61c3fda110f1,store,5,243.0,8.25,2025-10-31T13:51:20.956991
f3cfa020-813c-4671-b627-1a479592651f,4829a140-3157-48b9-87d5-344eb58b6325,e19c753d-318c-4edb-b565-fc406c99c72c,web,3,588.75,11.26,2025-06-08T13:51:20.957009
d1dc33f6-dd1a-40e4-8e74-57c7b16a86af,b99c3e55-f199-4dc5-b146-d6358e2b84b5,1308f602-c166-4cdc-868a-0b4938053d4d,store,5,162.2,19.23,2025-12-06T13:51:20.957024
c75db101-a93f-42a1-a318-40c72b611eb6,c8d10fb3-b0d6-4395-abbf-fd46d3f2dd82,f6df0b45-6106-42d3-8c75-195d0ad4baee,store,1,388.79,11.92,2026-03-29T13:51:20.957038
bc2e33e7-9328-4ee5-b956-432268a91b0c,de68fb7c-314a-441e-8f92-23d7f49a490a,542e404c-f975-45bf-b793-249b8d15665d,store,3,322.26,19.69,2026-04-12T13:51:20.957051
6ab00205-896a-4805-97e9-2e36a914a55a,b99c3e55-f199-4dc5-b146-d6358e2b84b5,905f2110-caca-46ad-b1fc-61c3fda110f1,store,1,48.6,18.38,2025-04-27T13:51:20.957064
7f81e374-93a7-4d00-a9fe-d450ef91b963,b9495a6f-5d1f-4934-9ae7-1176dbb78c66,17c1c99f-c424-420e-8868-5ab21bafe8e5,web,5,711.3,1.89,2025-06-27T13:51:20.957077
e9dae1b6-a987-42d8-9935-3c49f20e9ccc,84d1dfb4-674d-49fb-b335-c37a563eaa93,6c37ac7c-22fb-489b-9e12-ba964446997b,store,2,887.72,7.34,2026-02-04T13:51:20.957091
1f602831-1644-4fea-9b2c-774803172f6b,ecf80b21-a29e-48cc-aeed-993c3d386c46,bff07f43-24a8-4d20-b9e9-6cac1ecce307,store,2,120.14,1.84,2025-12-05T13:51:20.957104
86605e52-cbe0-4740-abaa-a7f55d52e36e,bd37825a-25ad-4b2f-969e-c624e095feb8,2341a1b6-ca76-4973-ad2e-4a906f9fd51d,mobile,2,235.2,6.49,2026-03-07T13:51:20.957118
1c83e97b-33ff-4967-8295-0cfd9bb16758,c7d6cbcc-8efc-429b-a460-4d3d2147967b,24665074-3a11-4fcf-82f7-1d50a0b2580f,mobile,4,1527.24,11.52,2025-04-27T13:51:20.957131
8d479c8f-0901-4078-b5ed-788687fd9be9,57e6db98-be89-47c5-87f3-a3ff20643236,08cb9e44-2170-4369-9ab2-a47e52847e6c,store,5,585.6,0.75,2025-05-22T13:51:20.957144
c1cd9f59-5b07-41e3-bd66-c8035f8c1037,735c5be2-ba98-4be8-ac04-410d8c7bea4d,2341a1b6-ca76-4973-ad2e-4a906f9fd51d,web,4,470.4,18.44,2026-03-06T13:51:20.957157
5dba4c95-fb6a-4a18-b8be-55dd1618f27e,414fe86c-ccc0-4e02-8482-569b40e59aaa,6c37ac7c-22fb-489b-9e12-ba964446997b,web,4,1775.44,17.4,2025-09-14T13:51:20.957170
b4e55a29-cafa-4abb-90db-c97df11653a6,ff3bc83f-7267-4530-ae44-86792304c864,79634690-8c5c-4240-8205-82b10c85c886,store,4,1293.24,10.49,2026-03-19T13:51:20.957183
92e474e3-56c6-471c-ab45-bffe322327d9,b6bae32c-417a-4606-ab1f-a80de57064d7,168e2ef5-ab86-444e-ad38-6cbe82465e6a,store,5,450.3,10.05,2026-01-29T13:51:20.957197
e00ffeec-9a72-4b6a-abd3-119e9bf3569a,255c4ea4-afab-4c32-a4e0-91d634e91b6a,08f682e0-0949-4d7f-9c1a-36bb48342221,mobile,1,215.55,19.95,2025-05-06T13:51:20.957211
65873ed3-0c39-4627-b6ba-57d8898a07e0,370f0855-85f1-477f-8f8e-0f1980e8cfc6,f1f6542b-4b3f-4e65-8d9a-766c8d57ad72,mobile,5,1607.4,1.8,2025-06-25T13:51:20.957236
50adf6de-7e02-4152-8a37-9caeaae5523f,d644d7f1-f084-4ec8-a9ef-a0f40649a17b,a0de6626-305c-473f-946f-bec5e72fa2b2,web,4,1470.24,6.72,2026-01-30T13:51:20.957261
c20fe412-cc5e-409e-b183-79e45d22e94d,59734e6c-879e-4a68-86e6-a30c9e01f2a6,2341a1b6-ca76-4973-ad2e-4a906f9fd51d,store,1,117.6,5.25,2025-07-09T13:51:20.957275
0485b8fe-116f-4d02-a586-3d8af246c4dd,bd37825a-25ad-4b2f-969e-c624e095feb8,bdea1b76-1208-4a2f-b2e1-1aa8a5626500,web,4,1233.84,15.24,2025-04-23T13:51:20.957289
5fea7fb9-43c5-4768-bdf2-c403c8e49981,83f4d053-1157-4bf6-ba2d-e0c7bd42c0be,17c1c99f-c424-420e-8868-5ab21bafe8e5,store,2,284.52,13.04,2025-08-09T13:51:20.957303
0f295c4a-5a29-41d0-b1a2-d4c58122f28d,1234b85a-6c0e-42b9-8953-1aa40eca3434,17c1c99f-c424-420e-8868-5ab21bafe8e5,web,5,711.3,4.85,2025-07-21T13:51:20.957317
42480c2f-1b41-4b37-960a-c27398b4e430,4978ccb0-1e80-4cf0-b90a-0a40f49394dc,e19c753d-318c-4edb-b565-fc406c99c72c,mobile,3,588.75,1.79,2025-04-30T13:51:20.957335
86597f9e-31e9-456d-ac92-52adda6a13f0,d47e0aed-9987-4dbc-8089-1f6faacdaacf,e68cd9b3-0f66-4719-b9c8-10a5e0acfc32,store,4,1716.4,3.81,2025-10-10T13:51:20.957364
0586c335-02a1-4b1b-a7f8-cf013b5e288e,a00a95c9-a5cf-4c8d-8945-2a6b7eddd907,cbf743b9-e903-4a26-825c-7bde33e1d82c,store,3,1120.05,12.32,2026-01-19T13:51:20.957378
a7b77da6-9d35-4c84-968f-b0dcf25f8c94,755b4c50-4d17-4e79-8c2a-5d83b8972610,f1f6542b-4b3f-4e65-8d9a-766c8d57ad72,store,5,1607.4,0.9,2026-01-31T13:51:20.957392
61c27fed-c860-42c8-826b-8fce9218b706,e4452209-799a-467e-91ee-0fec8aec1d5b,6eae25b5-bfd1-445a-b0d8-86e5ef9604a3,store,2,958.04,3.12,2025-04-30T13:51:20.957405
3ad9ae1d-6d2f-4eac-8111-8d7e73d41be9,a91646c9-5f67-4156-b4d0-21a050b6575c,1890b36f-a137-41e5-b5ed-1d9d565c4bd0,web,1,25.56,18.98,2026-03-19T13:51:20.957417
8c4a5153-1c03-44cd-a50e-d176462fc3a9,1a545b76-5860-41b1-baaa-3e68e201641e,08f682e0-0949-4d7f-9c1a-36bb48342221,store,3,646.65,13.88,2026-04-08T13:51:20.957430
bd8fa27b-25e3-4a5e-ba0c-09429dd0c093,e20398c7-b82b-42e3-9336-71ccbdfea714,053f89ae-21b6-4267-baf4-f4be573d366f,web,4,284.6,6.64,2025-08-17T13:51:20.957443
49f38477-cab8-48d1-b591-cbc94cefcf5a,2433a03f-64b2-4957-94be-f7b57ce9effc,168e2ef5-ab86-444e-ad38-6cbe82465e6a,mobile,2,180.12,10.47,2026-01-01T13:51:20.957457
326866ef-fea2-4f20-94ad-54f7d31e1e0e,400b741d-0ca0-45d6-8523-573617fee653,17c1c99f-c424-420e-8868-5ab21bafe8e5,mobile,4,569.04,19.85,2025-06-01T13:51:20.957470
c74f4b37-0e18-4408-94ee-0a9317f28421,608deb86-6661-4f77-bb41-aecc5e51f64a,cbf743b9-e903-4a26-825c-7bde33e1d82c,mobile,4,1493.4,10.54,2025-06-21T13:51:20.957482
12643a71-6518-46c7-aa2f-edc578ddd51e,3353b7da-6f12-42f1-9424-fbde65b4b5f8,9c0e36b8-29dc-48d8-9869-8d952c29dbdb,web,1,298.73,15.78,2025-11-21T13:51:20.957495
a54bbab1-001b-47eb-a13e-fa28f3c09f80,df32bb53-ea9a-4e24-b274-c603380b93de,a47d64f7-a098-44b9-8c64-05a8c978779f,mobile,1,305.82,18.9,2025-08-20T13:51:20.957508
f619cc1a-db76-4f11-b390-559f394f38d2,13827467-0bd2-4e34-876c-8bb8ec7a0c88,1308f602-c166-4cdc-868a-0b4938053d4d,mobile,3,97.32,7.2,2025-05-11T13:51:20.957556
44e4cf9d-4838-4073-8228-bdd1c0b9a947,a2db16fd-ba72-4f0b-9305-a8b470f9b0fa,cbf743b9-e903-4a26-825c-7bde33e1d82c,store,3,1120.05,4.62,2025-05-18T13:51:20.957580
3539b18a-0e01-4eeb-8a87-74fa544d98c2,eb136255-db39-4861-8dc4-15cb1a767613,bdea1b76-1208-4a2f-b2e1-1aa8a5626500,store,1,308.46,17.34,2025-11-05T13:51:20.957595
5083e01e-a425-4f4f-9fb6-c3ca0ab0405a,bd3fac18-11b2-4e27-97ee-097355e2ae12,1890b36f-a137-41e5-b5ed-1d9d565c4bd0,mobile,2,51.12,19.34,2026-01-04T13:51:20.957608
9864791d-20ad-455b-950f-80a6385ee195,56753df8-73b2-4c85-bad5-0476a1357785,cbf743b9-e903-4a26-825c-7bde33e1d82c,mobile,1,373.35,6.1,2025-12-10T13:51:20.957620
dc2bea09-6c59-42e4-9449-2f2b1290b990,358a9a69-4053-46f2-a165-b9bfb7aef8e6,f6df0b45-6106-42d3-8c75-195d0ad4baee,store,2,777.58,13.69,2026-04-06T13:51:20.957634
b2c52cb7-8b98-46c4-a7bb-78a237db15fc,4bc1996f-9825-4f06-85da-2b0db239e855,053f89ae-21b6-4267-baf4-f4be573d366f,store,2,142.3,16.24,2025-08-02T13:51:20.957648
2a39bec4-55e9-4613-b90f-3ff99b80be3f,e126d0cb-6e82-4a85-b85f-f2678181bce6,11d7b21d-825c-442e-8c20-a64d4de4dd3c,mobile,4,229.52,18.98,2026-03-31T13:51:20.957665
edb637d2-e946-42e4-b562-b75fd6727017,0ebad927-eae2-4b88-a206-9da927294c87,08f682e0-0949-4d7f-9c1a-36bb48342221,mobile,3,646.65,2.75,2025-09-26T13:51:20.957678
20c5189d-c4cc-495f-8805-9db2db48701b,b1b3cebd-4a2a-433a-8058-12a34df6a3b3,1308f602-c166-4cdc-868a-0b4938053d4d,mobile,5,162.2,17.45,2025-05-03T13:51:20.957691
5043f433-0f62-4bda-82c3-de25d509433f,bb92c951-7270-48f2-9213-bf2eeb692e34,6eae25b5-bfd1-445a-b0d8-86e5ef9604a3,mobile,4,1916.08,3.05,2025-12-13T13:51:20.957704
cd4718b5-093e-43f2-92e2-f0fc98a8312d,bc2a15b3-8cd0-4701-8a84-5408610596e6,053f89ae-21b6-4267-baf4-f4be573d366f,store,5,355.75,10.84,2025-10-29T13:51:20.957717
34671134-801e-4782-887c-46a64c984240,bdb77e2b-5d39-41d7-8683-b92222eebcd7,542e404c-f975-45bf-b793-249b8d15665d,mobile,5,537.1,16.0,2025-07-12T13:51:20.957729
c5b68355-3272-4e48-bf9d-e566c510498b,01345167-d5c6-442f-9e36-7a5740ee4bcf,542e404c-f975-45bf-b793-249b8d15665d,mobile,3,322.26,17.97,2025-04-28T13:51:20.957743
4d208294-f453-4919-bcc8-28d2120cbbda,4b60a00d-31c4-4bfd-b30d-a2d859396ec2,542e404c-f975-45bf-b793-249b8d15665d,mobile,4,429.68,18.66,2026-01-31T13:51:20.957756
4b7a677d-9cf9-4d9a-8fef-c3170b35a53d,abb8399d-d557-4b20-a585-bdc3cbf9c14d,9c0e36b8-29dc-48d8-9869-8d952c29dbdb,mobile,3,896.19,10.66,2026-03-12T13:51:20.957769
c3788c31-772c-4ab4-a3d8-2363434dff61,de09c21b-2790-4f59-98f6-c678497d35f8,28de6b67-c5da-4fd9-9ae6-64f199eb885d,web,2,609.96,14.54,2025-11-04T13:51:20.957782
2b251ac4-fc30-4e8d-9238-e78c41525801,cd7c00ee-783f-44f3-9c7f-80c043255ce5,905f2110-caca-46ad-b1fc-61c3fda110f1,store,4,194.4,8.86,2025-09-17T13:51:20.957797
c8778600-befd-4278-a53b-9d277cac0ac5,aa2d2b25-ba43-40c2-9f6d-c4ba45a3fb67,a47d64f7-a098-44b9-8c64-05a8c978779f,web,2,611.64,2.63,2026-01-09T13:51:20.957810
35d16cda-d534-407f-9488-bf7f2b2ccb28,2dc428d2-bcf1-425f-8535-09e7b40a6ea4,a47d64f7-a098-44b9-8c64-05a8c978779f,mobile,5,1529.1,4.62,2025-06-29T13:51:20.957823
bbb63263-bcfa-4cd8-95b3-2cc203b095a3,9d5bc314-79d9-4dee-966f-dba735c7590f,6eae25b5-bfd1-445a-b0d8-86e5ef9604a3,web,1,479.02,13.76,2025-10-14T13:51:20.957844
14ac8e9b-7a0e-48a7-a5dd-3bd49ea9eaba,46a28351-96db-49e2-8f94-2a1ff20a0c8d,542e404c-f975-45bf-b793-249b8d15665d,store,5,537.1,14.24,2025-06-10T13:51:20.957873
58489835-056c-4bc0-b6fd-648cff36a1f0,a7b1d04c-20b3-4043-8752-459a280b14a5,24665074-3a11-4fcf-82f7-1d50a0b2580f,store,4,1527.24,2.75,2025-08-07T13:51:20.957898
6352cba5-d09a-4c4b-808f-c259d3438a24,6348aef4-0c22-4f32-82aa-af99e49beca1,6eae25b5-bfd1-445a-b0d8-86e5ef9604a3,web,1,479.02,18.51,2025-09-18T13:51:20.957912
46febc95-c3d0-42b8-9fe3-f743a1c6ccfe,5e641a6b-eeb5-414b-809f-987cfa2b1224,e68cd9b3-0f66-4719-b9c8-10a5e0acfc32,web,2,858.2,15.16,2025-05-07T13:51:20.957926
c06d0b01-a62e-47f0-bf05-ed6c5d496135,ade7f931-425a-4ac1-9ba5-fb56ea154a33,24665074-3a11-4fcf-82f7-1d50a0b2580f,store,4,1527.24,13.76,2025-06-04T13:51:20.957939
0d0b11b4-81d3-45b4-9cb7-afc817c56048,0128dff7-59f2-4242-8cbc-aa2fd07f13b8,7df8e284-e832-44a7-94ef-f17a4e5da9d6,store,2,179.38,15.52,2025-09-09T13:51:20.957954
8863b032-a56b-4f43-a76c-e271193608d6,1b01f236-b755-4298-ae6c-63febc013b50,1308f602-c166-4cdc-868a-0b4938053d4d,mobile,3,97.32,18.78,2025-09-26T13:51:20.957967
732d2087-2a75-4c8b-9bc6-e2a8d7c0988a,da6a2aa5-e06f-422f-a9d1-fb75cb459423,168e2ef5-ab86-444e-ad38-6cbe82465e6a,mobile,5,450.3,15.74,2025-05-22T13:51:20.957980
5a638694-e5cc-4e31-ae22-4afda6d69bb3,f3ab7cce-0457-400d-bf61-d02b31de7dd9,08cb9e44-2170-4369-9ab2-a47e52847e6c,web,4,468.48,17.56,2025-08-25T13:51:20.957993
52c975b2-9591-43c6-b6ab-906250e8c55b,8757f80d-81ed-4e4f-a7d0-dd997cfdac05,1791a541-fe39-430b-9626-a24acd85e08e,mobile,5,1358.6,0.79,2025-09-25T13:51:20.958012
feaa6fc0-2e24-4612-82a0-06da3e5bb078,d6ffbccc-f1ed-4c8d-bc34-01a57153c74b,1791a541-fe39-430b-9626-a24acd85e08e,store,1,271.72,8.79,2026-01-08T13:51:20.958030
a2368751-d188-4da5-8059-3292056ba2d1,81444fcd-e4cb-4181-9eb5-0f0c87ce0dd7,053f89ae-21b6-4267-baf4-f4be573d366f,web,3,213.45,8.45,2025-08-22T13:51:20.958045
bcc3f4c1-5e34-43de-a56b-dc19db2b272b,00824cc7-caaa-457e-9328-c8b8556afc23,69b6bb4a-cfaa-4878-91ae-e146f31c1955,store,5,1707.85,16.6,2026-02-02T13:51:20.958058
ff20d773-2223-4c97-a591-09873847a5c5,d27db049-06bb-49d0-9384-1d005fc4197d,1890b36f-a137-41e5-b5ed-1d9d565c4bd0,web,5,127.8,15.57,2026-02-17T13:51:20.958071
8f346ad8-a673-498d-8abe-0468e4d53484,952d7f9c-eec2-4cfe-9a22-d67b2438dd4f,168e2ef5-ab86-444e-ad38-6cbe82465e6a,store,2,180.12,6.47,2025-09-26T13:51:20.958084
19480978-3cd7-46cd-ae4e-bead6f26ace7,d010c452-9bd9-44e7-b595-21b37cd41c07,24665074-3a11-4fcf-82f7-1d50a0b2580f,mobile,4,1527.24,17.92,2025-06-17T13:51:20.958097
cd8921c7-9f39-409c-84fa-d4f9674f0a99,b8bc9125-abd7-42fa-b7cd-bccbe5922a40,7df8e284-e832-44a7-94ef-f17a4e5da9d6,store,1,89.69,13.83,2025-12-08T13:51:20.958111
30264bf3-1f30-4e4a-a5a9-449764ccbabc,57e6db98-be89-47c5-87f3-a3ff20643236,9c0e36b8-29dc-48d8-9869-8d952c29dbdb,web,1,298.73,14.12,2026-02-28T13:51:20.958124
e9ad9c2b-9a28-4f1e-ab98-a637bb31c018,4829a140-3157-48b9-87d5-344eb58b6325,321b80eb-c6e9-42e0-a6f5-86598247acd3,mobile,1,292.89,7.68,2025-07-21T13:51:20.958140
80e1ed08-b674-4b54-91fb-0a203546f812,5ea34c47-e02d-45ce-bbe2-3ae31540f714,bdea1b76-1208-4a2f-b2e1-1aa8a5626500,store,5,1542.3,11.01,2026-01-24T13:51:20.958154
c43eeb26-b96f-4fc7-9925-87e0b2b73b8f,1bf5ec6f-1fb7-41ba-8561-83bd4b958e3f,9c0e36b8-29dc-48d8-9869-8d952c29dbdb,mobile,3,896.19,17.25,2025-06-30T13:51:20.958167
85b08fe8-f0eb-4f9e-8f9a-2c6192960e7b,f147feb5-d760-42b9-978a-4c7d74aa903a,08f682e0-0949-4d7f-9c1a-36bb48342221,web,2,431.1,8.39,2025-04-16T13:51:20.958180
de7b430e-28aa-40a5-a617-b32af6143582,16e7deb1-5e07-4f9f-b198-5181d24733dd,f1f6542b-4b3f-4e65-8d9a-766c8d57ad72,web,3,964.44,2.35,2025-05-30T13:51:20.958193
e4bf3b02-ae83-4593-bd23-ea416fed32a9,0af417b2-c439-4d9b-a97b-9e76de6515ea,ad1fb5ee-a91c-4991-9341-e395d2beecef,store,1,352.08,0.24,2025-06-01T13:51:20.958206
cc50d07f-dea0-4632-8917-9170d3193722,675701f2-8821-48a1-b6cd-c7205873c1e2,ca3df109-0f94-4c65-bb50-5e247fa97614,mobile,5,1769.4,17.65,2026-04-13T13:51:20.958220
b97f9295-6bd8-4d90-8dfc-bc394ca252a5,42739148-1263-40e6-8a79-44cde3b55420,56ad6e1f-0691-4acd-a3de-c8da072e3963,store,5,730.75,9.07,2025-05-13T13:51:20.958233
bd4b8994-6dc3-45de-b922-c908512cb6e4,e55e95ef-f1cb-40bc-bc2a-bed8e28fabad,1890b36f-a137-41e5-b5ed-1d9d565c4bd0,web,5,127.8,4.89,2025-06-12T13:51:20.958247
8d1e93a1-6cb0-4c14-a096-152d24644dae,aec97b20-5ba5-49c5-825e-394baa6577c2,a47d64f7-a098-44b9-8c64-05a8c978779f,mobile,5,1529.1,16.4,2025-05-29T13:51:20.958261
d10dbc42-f80e-4cd9-a73c-d852b26e6996,5a523974-ed22-4369-bcef-5a8a76366df3,69b6bb4a-cfaa-4878-91ae-e146f31c1955,web,2,683.14,13.07,2026-01-30T13:51:20.958273
a6bd372d-bbac-4604-b934-5bf051eeda2a,bdab1d19-8ba7-4bfc-a5ad-61087bba98d6,08f682e0-0949-4d7f-9c1a-36bb48342221,mobile,1,215.55,16.76,2025-05-09T13:51:20.958290
bc007278-9f42-469e-80ea-294cd7922fd7,c8bc6461-f15e-48de-b1ae-15a4fb815418,457d9d38-588b-41ff-8c67-d7258b51a8e6,web,1,416.4,8.34,2026-03-21T13:51:20.958319
6e54b41b-4cc2-4a5a-87c5-78b2f7811c75,327977bd-0cc0-4e37-a898-be7b1668b132,9c0e36b8-29dc-48d8-9869-8d952c29dbdb,mobile,3,896.19,13.83,2025-06-07T13:51:20.958333
557b52d3-6c17-4432-9caf-0ec8c8633c15,4220b0ed-148d-4a5e-ac8f-7593460ab12d,2341a1b6-ca76-4973-ad2e-4a906f9fd51d,store,5,588.0,14.99,2026-01-15T13:51:20.958353
48dd2392-7eef-4b34-91e0-c1d563f0f3aa,ed10b742-1bb9-4089-81b1-75d4bac59b90,944989d7-0474-4130-959f-c793bf62259e,store,1,119.36,7.37,2025-11-13T13:51:20.958377
9a4c227c-aa96-43e9-82c5-d3161c6901a0,eb136255-db39-4861-8dc4-15cb1a767613,d5ee97fe-7203-4277-a432-29e8207ec8be,web,4,210.36,5.86,2025-07-08T13:51:20.958390
82e2f8a2-6fa5-4631-8f6c-ce016013bb62,ef8225e3-4aeb-459c-8242-fae62541926d,28de6b67-c5da-4fd9-9ae6-64f199eb885d,mobile,3,914.94,8.28,2025-10-29T13:51:20.958408
69894919-e0cf-4aa2-8fa1-39daecb42806,94d0b5a3-a86a-4abe-816b-c62b05ebe72f,56ad6e1f-0691-4acd-a3de-c8da072e3963,web,5,730.75,11.43,2026-03-17T13:51:20.958442
ddd994c6-1a1b-4629-993a-102dfe0e9561,71dd238d-4040-4247-9b73-eff211153a97,1791a541-fe39-430b-9626-a24acd85e08e,mobile,1,271.72,13.77,2025-08-11T13:51:20.958473
483d4544-13b0-46ca-8f24-1cdfb3e8f258,aa2d2b25-ba43-40c2-9f6d-c4ba45a3fb67,a0de6626-305c-473f-946f-bec5e72fa2b2,store,4,1470.24,5.19,2025-06-08T13:51:20.958508
0efd9289-8d6d-4b86-887d-f91d64e704ce,045d4675-4ee0-49ec-a9b1-1d1db855e831,6c37ac7c-22fb-489b-9e12-ba964446997b,mobile,2,887.72,9.93,2025-06-05T13:51:20.958546
18ecb3c6-b7da-4194-9840-e6043c5cf535,b1b3cebd-4a2a-433a-8058-12a34df6a3b3,ca3df109-0f94-4c65-bb50-5e247fa97614,mobile,4,1415.52,4.65,2026-01-13T13:51:20.958568
62d5669b-998a-4be2-90fb-1a1369d9cc38,7d28fc06-382b-4f4f-9e91-26fffddc8356,ad1fb5ee-a91c-4991-9341-e395d2beecef,web,1,352.08,9.3,2026-02-14T13:51:20.958600
7a348b31-d407-40bf-bf1a-397b9f9fcaac,2389a3ab-c7d9-4780-ab1f-1c558d6f7d54,28de6b67-c5da-4fd9-9ae6-64f199eb885d,store,2,609.96,8.28,2025-06-04T13:51:20.958629
4bf93549-4b3d-44de-8d40-ba88fc38a220,ae851670-1c59-4e22-9edd-1d3d7b880e7c,6c37ac7c-22fb-489b-9e12-ba964446997b,web,5,2219.3,0.23,2025-05-24T13:51:20.958659
92ca27c3-8b78-40fb-9405-f92c6f7c5ac9,c59d268a-6f92-4a9c-9055-5dc476e1c531,a0de6626-305c-473f-946f-bec5e72fa2b2,store,3,1102.68,6.01,2026-03-12T13:51:20.958690
51ec6acc-e56b-4b32-a199-5a7cb7fa89f3,ef8b891a-8f31-48c0-87ec-dd90e192da22,905f2110-caca-46ad-b1fc-61c3fda110f1,mobile,1,48.6,6.67,2026-02-16T13:51:20.958721
4ec1f2db-aa6d-4cdf-a68b-e1a7953f6917,643e9ab7-7f06-4631-b966-7cdf4dff8ad3,2341a1b6-ca76-4973-ad2e-4a906f9fd51d,web,5,588.0,3.88,2026-04-01T13:51:20.958754
a3c24796-438f-46c4-be1c-5c6761d02b41,2720b663-694c-4910-8683-0abccd50e8d7,457d9d38-588b-41ff-8c67-d7258b51a8e6,web,4,1665.6,12.91,2025-08-16T13:51:20.958794
9b81f390-d266-4c09-a439-e39a675e1f15,83f4d053-1157-4bf6-ba2d-e0c7bd42c0be,08f682e0-0949-4d7f-9c1a-36bb48342221,store,4,862.2,9.25,2025-07-15T13:51:20.958811
99516861-c313-446d-a1b7-65ae7fb56069,1b83c826-b10a-4344-9e73-15b5b96a5b58,e68cd9b3-0f66-4719-b9c8-10a5e0acfc32,store,1,429.1,11.3,2025-07-23T13:51:20.958826
8cbb6093-772f-4154-83fc-3041855f136f,1a02c0cc-fc75-4896-95e3-13aa5ba34d35,905f2110-caca-46ad-b1fc-61c3fda110f1,web,5,243.0,4.17,2025-07-15T13:51:20.958839
4b864420-4c9c-43e6-9d88-a5476d0d1506,6b9384d5-4658-499e-aa0e-261e25506abf,457d9d38-588b-41ff-8c67-d7258b51a8e6,web,3,1249.2,5.61,2026-03-13T13:51:20.958852
223649f4-afe0-4dd4-a65f-9580bdb51d87,4c3b7dd1-c7ed-48ad-a424-3974280ffa05,457d9d38-588b-41ff-8c67-d7258b51a8e6,mobile,4,1665.6,16.85,2025-05-30T13:51:20.958865
777998f6-0df9-4a56-b8f6-76d8ceb9eeb6,da6a2aa5-e06f-422f-a9d1-fb75cb459423,1308f602-c166-4cdc-868a-0b4938053d4d,web,2,64.88,17.29,2025-06-15T13:51:20.958878
7d9fbb2d-74e3-4791-b73e-e80b5d77a5d2,0187210b-941d-4bad-b587-443bb52be2a0,053f89ae-21b6-4267-baf4-f4be573d366f,web,3,213.45,5.43,2025-04-17T13:51:20.958891
08b52c83-d5a7-4507-8892-0a0a669a81c9,2ec98caa-fbcb-44c8-9be4-a2b9a927b42d,ca3df109-0f94-4c65-bb50-5e247fa97614,store,2,707.76,16.59,2025-10-07T13:51:20.958905
223d9e21-db42-4663-817c-4bc9a28ca04e,26c7cb26-7ff0-42e0-be22-ca8bac43dfda,56ad6e1f-0691-4acd-a3de-c8da072e3963,web,5,730.75,2.24,2025-11-12T13:51:20.958924
7211fd61-3e97-4a79-8075-40511a1facc2,cd1b11ec-0996-4be8-8902-195674a27e17,944989d7-0474-4130-959f-c793bf62259e,store,2,238.72,10.12,2026-02-27T13:51:20.958960
b66565e6-20bf-42f0-8cda-a2ddef4b5ae6,0d2f63ba-8ff2-4772-8251-bd07c040e63e,0e9c5cdb-187a-4121-93cd-cd24adc53bc4,web,5,563.25,6.8,2026-01-27T13:51:20.958992
9da50a1b-2a93-4d28-80a9-8c52e2635078,c7d6cbcc-8efc-429b-a460-4d3d2147967b,1791a541-fe39-430b-9626-a24acd85e08e,web,3,815.16,15.39,2025-10-30T13:51:20.959024
70c97de1-967a-40c3-81e8-74eb13befda5,fd53e197-4f2b-48cb-a11c-472fec150252,1791a541-fe39-430b-9626-a24acd85e08e,mobile,2,543.44,0.73,2025-12-31T13:51:20.959041
0f005c0d-bc28-496a-8f54-bdfbca89c2a8,d6ffbccc-f1ed-4c8d-bc34-01a57153c74b,1791a541-fe39-430b-9626-a24acd85e08e,store,1,271.72,18.65,2026-04-13T13:51:20.959055
77e8a3b8-d46e-483d-a088-c42222ebb87d,bb92c951-7270-48f2-9213-bf2eeb692e34,1890b36f-a137-41e5-b5ed-1d9d565c4bd0,web,3,76.68,2.06,2025-08-19T13:51:20.959070
8503f281-1245-4313-961c-c18d6d9c130e,e1269dc6-362b-4eb3-bbfd-898d81402a48,053f89ae-21b6-4267-baf4-f4be573d366f,store,1,71.15,12.78,2025-06-24T13:51:20.959084
5bb89c5f-dd54-4cdd-9216-2c5c76a0f96d,94d0b5a3-a86a-4abe-816b-c62b05ebe72f,905f2110-caca-46ad-b1fc-61c3fda110f1,store,2,97.2,5.53,2026-01-07T13:51:20.959097
5b04a3e8-a930-46ac-bae9-3ae00b859668,b6bae32c-417a-4606-ab1f-a80de57064d7,f1f6542b-4b3f-4e65-8d9a-766c8d57ad72,web,1,321.48,3.15,2025-11-27T13:51:20.959110
99b2cdc7-1225-4b39-b6d4-7c16e12ce0cf,0405e266-5a01-46aa-8949-ead219b74ace,79634690-8c5c-4240-8205-82b10c85c886,mobile,5,1616.55,2.05,2025-07-03T13:51:20.959123
46250542-d312-4a81-8545-d36b6cd4e9f9,c69c213c-78e1-4bab-9a52-334bd420ad6d,6c37ac7c-22fb-489b-9e12-ba964446997b,store,5,2219.3,2.83,2025-11-03T13:51:20.959137
f47c322c-0785-4d71-965e-36fb83be0130,9b66b8f5-ba94-4ffa-9d5d-1385fe996de7,a0de6626-305c-473f-946f-bec5e72fa2b2,web,5,1837.8,1.42,2025-12-11T13:51:20.959150
b563e500-443c-4886-93e3-ea0653ef5ef3,00824cc7-caaa-457e-9328-c8b8556afc23,457d9d38-588b-41ff-8c67-d7258b51a8e6,web,5,2082.0,2.6,2025-08-31T13:51:20.959164
c0aa980a-a4bf-4584-94e5-be25e8cbe9ab,7a2c8513-4c58-41e2-a436-bd6a6a91e982,69b6bb4a-cfaa-4878-91ae-e146f31c1955,web,1,341.57,1.72,2025-10-01T13:51:20.959176
464f21e6-d689-4c7a-a8eb-0259f7a71a05,6b1fe901-5849-41af-9f5a-20e3dd30b27e,24665074-3a11-4fcf-82f7-1d50a0b2580f,mobile,5,1909.05,16.72,2025-06-16T13:51:20.959189
9fccf55d-6b73-4e06-8821-cf45b718c365,e08005e5-7c2d-4d4a-b8b0-0dfdef1cc73d,f1f6542b-4b3f-4e65-8d9a-766c8d57ad72,store,5,1607.4,6.65,2025-10-15T13:51:20.959205
b55683d2-873b-4010-9d56-e79e23fa75c9,d7eaed06-94e3-43b5-9ea6-a33d8c0b3122,168e2ef5-ab86-444e-ad38-6cbe82465e6a,mobile,1,90.06,2.64,2025-08-20T13:51:20.959219
165b4cc5-0e88-48da-b4ed-cbce5e189db5,1b83c826-b10a-4344-9e73-15b5b96a5b58,7df8e284-e832-44a7-94ef-f17a4e5da9d6,store,1,89.69,13.69,2025-08-25T13:51:20.959232
873e7b8d-0db5-4e36-a4ee-6399652de12a,0a9d7983-6f35-4787-b27b-e0aca049aff4,7df8e284-e832-44a7-94ef-f17a4e5da9d6,web,4,358.76,2.87,2025-12-18T13:51:20.959247
58550751-f002-4c99-a450-0d53b0a5b04e,6b392f66-a330-4f27-b492-3b50aac92199,11d7b21d-825c-442e-8c20-a64d4de4dd3c,web,3,172.14,13.99,2025-09-27T13:51:20.959262
26ada7ec-c958-4f9e-bf95-1cdd91a7059b,9fbdd83e-1473-4d7d-88eb-05463f65126d,457d9d38-588b-41ff-8c67-d7258b51a8e6,store,3,1249.2,0.61,2025-08-26T13:51:20.959277
a725e8e1-1c1f-4a46-bb0a-d866bc9daccd,59734e6c-879e-4a68-86e6-a30c9e01f2a6,28de6b67-c5da-4fd9-9ae6-64f199eb885d,store,3,914.94,16.92,2025-08-13T13:51:20.959290
e5712792-83fe-4bb5-8e35-12318f42ef58,4a048325-8212-43a5-beca-25ad536f4cee,6c37ac7c-22fb-489b-9e12-ba964446997b,web,5,2219.3,10.16,2025-06-25T13:51:20.959304
6f20c27f-868d-4979-a7ed-158fa1a23634,a712e0dd-13e1-4baa-80c6-cd2b2204d7bb,08cb9e44-2170-4369-9ab2-a47e52847e6c,mobile,3,351.36,1.42,2025-07-05T13:51:20.959317
a94d1731-2869-4534-8f3e-cba8f2d83b7e,26c7cb26-7ff0-42e0-be22-ca8bac43dfda,168e2ef5-ab86-444e-ad38-6cbe82465e6a,mobile,4,360.24,8.27,2025-09-22T13:51:20.959330
bfa9b563-806c-431f-afb7-bce9e0c9fd46,d0bf5589-ddd1-482b-a8f0-a1a1f51950c4,bff07f43-24a8-4d20-b9e9-6cac1ecce307,store,5,300.35,7.68,2026-01-24T13:51:20.959343
ee8ce79d-4b40-400f-97fc-2f16f6aa0aaa,6fe8c4f8-6f02-4706-b398-6c3d0653b820,56ad6e1f-0691-4acd-a3de-c8da072e3963,store,5,730.75,11.34,2025-09-07T13:51:20.959356
c801a6c7-7af7-4497-b5ee-04b3182e6eab,c965e9c5-69cf-4549-9341-be2f2bdff784,168e2ef5-ab86-444e-ad38-6cbe82465e6a,mobile,2,180.12,13.39,2026-01-17T13:51:20.959377
5e743df6-83f1-4597-b47d-0119a9c3d1e4,2433a03f-64b2-4957-94be-f7b57ce9effc,2341a1b6-ca76-4973-ad2e-4a906f9fd51d,mobile,4,470.4,11.92,2026-02-16T13:51:20.959405
33a7a14a-8879-4fb9-9e80-e6f9dee1204c,319b258d-67c6-4fda-93e9-f3a9fa80bcf2,17c1c99f-c424-420e-8868-5ab21bafe8e5,web,1,142.26,6.16,2025-08-31T13:51:20.959420
937dca5f-6c50-4e0c-940c-83d4804a7716,a712e0dd-13e1-4baa-80c6-cd2b2204d7bb,d5ee97fe-7203-4277-a432-29e8207ec8be,mobile,5,262.95,16.28,2026-02-19T13:51:20.959433
3987aee5-571e-4093-b492-60b3f440846b,80a6b929-e1f9-4b9b-b8ea-5c1b93b29273,1308f602-c166-4cdc-868a-0b4938053d4d,mobile,3,97.32,13.2,2025-08-05T13:51:20.959450
7bd9ca5a-24b6-47c4-b290-0c84bdc8d84e,8ccd0f15-fc71-4c67-ad0e-2f8a0beac395,56ad6e1f-0691-4acd-a3de-c8da072e3963,mobile,2,292.3,16.2,2025-06-22T13:51:20.959464
2067c826-c673-4d4c-bf0f-d8d229771441,228052e8-635e-4302-ace6-72ead42c8602,08f682e0-0949-4d7f-9c1a-36bb48342221,mobile,2,431.1,5.83,2025-08-27T13:51:20.959477
2e386508-8103-4f1d-a5b4-115e1e7658f4,ba0f0624-b1c9-4f49-9041-fd7c7b1028a5,2341a1b6-ca76-4973-ad2e-4a906f9fd51d,web,4,470.4,13.63,2026-01-05T13:51:20.959491
091b5eb6-f2f9-48cf-a297-0854bc366ece,68fcba4b-67dc-40a5-b324-7628db4cddbb,053f89ae-21b6-4267-baf4-f4be573d366f,store,5,355.75,18.37,2025-05-03T13:51:20.959504
d69243bc-f13d-44c2-982f-99182d6d7381,4169a5b1-d3ce-4a9a-9d4e-f35c958725e4,e19c753d-318c-4edb-b565-fc406c99c72c,mobile,3,588.75,0.16,2026-03-01T13:51:20.959534
1574064f-7434-4e7d-ac0d-1db8657c777f,b9495a6f-5d1f-4934-9ae7-1176dbb78c66,f6df0b45-6106-42d3-8c75-195d0ad4baee,web,2,777.58,7.38,2025-11-16T13:51:20.959562
adb20578-9343-42f8-8caa-94bd7821130a,ef8b891a-8f31-48c0-87ec-dd90e192da22,69b6bb4a-cfaa-4878-91ae-e146f31c1955,mobile,1,341.57,16.42,2025-04-20T13:51:20.959576
bc94cde5-dd1e-43ac-8647-c0e7fef75529,181f6def-75b2-4650-8010-6b2d2c405278,28de6b67-c5da-4fd9-9ae6-64f199eb885d,web,3,914.94,8.63,2026-03-31T13:51:20.959593
aa0dd651-8e4b-4a5d-b37f-1738deaf647a,4a9cb868-6695-4bf7-93f9-6f179ead9401,f6df0b45-6106-42d3-8c75-195d0ad4baee,store,3,1166.37,8.12,2025-04-16T13:51:20.959607
173f6229-d1c9-4e1e-882d-c13c48eab4a8,c49ee3c5-aa37-4df0-bed9-2497197ddbb3,168e2ef5-ab86-444e-ad38-6cbe82465e6a,web,2,180.12,9.5,2025-05-11T13:51:20.959620
7d49251d-d315-46c0-b384-5a34c48ad1ff,486e7590-a65d-4b51-90c2-c0656ce8f42e,17c1c99f-c424-420e-8868-5ab21bafe8e5,store,4,569.04,3.09,2025-10-13T13:51:20.959634
70912af5-cf7b-4d2d-913d-ee73c3b512d8,b7aaa865-e5ca-4a1f-8fc6-8ec0e327c3ba,542e404c-f975-45bf-b793-249b8d15665d,web,2,214.84,12.97,2026-04-10T13:51:20.959647
6eb7f9ab-c19b-4885-8431-4216657e72b7,25f511db-8e77-4fc1-b6e3-9e44765a64bb,ca3df109-0f94-4c65-bb50-5e247fa97614,web,4,1415.52,2.74,2026-02-05T13:51:20.959660
9dec516c-847a-42fe-9a39-53206eb69d66,f36fccea-2534-4b79-a552-2ebb363bad1a,e68cd9b3-0f66-4719-b9c8-10a5e0acfc32,mobile,4,1716.4,18.61,2025-04-24T13:51:20.959674
567a82e9-6d40-4445-b50d-b12305343073,02653886-b18f-49d1-befb-1360de21e764,24665074-3a11-4fcf-82f7-1d50a0b2580f,store,4,1527.24,11.04,2025-07-29T13:51:20.959687
5d56dace-9385-4076-9c19-5f93eb2f45a8,1730f2ee-7c94-409e-87b9-9e4384fc7de1,1308f602-c166-4cdc-868a-0b4938053d4d,web,3,97.32,8.5,2025-12-21T13:51:20.959700
78be31ec-fe3d-4965-991f-8245646f68ec,01af8a00-d406-447f-b3dd-975ce21b49ec,2341a1b6-ca76-4973-ad2e-4a906f9fd51d,mobile,4,470.4,10.03,2025-12-15T13:51:20.959713
b056d294-d963-4e39-bb68-6f23aef4bd25,312c0f57-1c60-4283-ae57-d81c0a0b7cdd,168e2ef5-ab86-444e-ad38-6cbe82465e6a,web,5,450.3,19.56,2025-10-10T13:51:20.959727
cc471589-28d1-45e5-85bb-17794389e557,4d5be6ed-605b-4d3a-83b2-7f62be7a5259,0e9c5cdb-187a-4121-93cd-cd24adc53bc4,mobile,3,337.95,9.63,2026-02-17T13:51:20.959741
31321ca2-3c15-4582-8842-3a7a0d654603,c70ee112-9a4d-4c51-ada6-a3963b225e9c,1890b36f-a137-41e5-b5ed-1d9d565c4bd0,store,2,51.12,9.3,2025-07-20T13:51:20.959753
d60d7606-dd1e-413b-9088-c06a84fb73f1,d8a407c5-77a8-4d42-8b41-ca20287cf760,1791a541-fe39-430b-9626-a24acd85e08e,web,5,1358.6,9.45,2026-03-01T13:51:20.959767
e4ef5352-e7a4-446f-a247-940c9b3fc572,3a0a8104-2429-4838-b9fb-61c66c54643d,d5ee97fe-7203-4277-a432-29e8207ec8be,store,5,262.95,12.26,2025-06-23T13:51:20.959780
e9795685-e805-459b-aeb4-869433921bd0,98847063-7710-4c83-929c-e743a391e78c,457d9d38-588b-41ff-8c67-d7258b51a8e6,store,5,2082.0,9.08,2026-04-10T13:51:20.959793
1b28fb21-ef59-475e-aed2-c1292e0deab8,d3dcaad1-9e4d-4862-b064-aa7e02b5f7a7,0e9c5cdb-187a-4121-93cd-cd24adc53bc4,store,5,563.25,7.06,2025-10-28T13:51:20.959807
387fc855-aead-4058-9c86-7e4329c61098,4ec84b5f-b09d-47ae-b377-aa007382cd8e,a0de6626-305c-473f-946f-bec5e72fa2b2,web,3,1102.68,13.9,2026-01-20T13:51:20.959822
fe5b3f90-2a4f-4a02-aac0-e4ca9fb5f7d6,4b581a14-30d2-46dc-933e-c3d4fb4a84ea,053f89ae-21b6-4267-baf4-f4be573d366f,web,5,355.75,12.59,2025-12-03T13:51:20.959835
50afe06b-4dc5-4d49-833e-bca8ac62de4c,0020e35e-aa5d-4890-a121-d2a1de6df4ca,9c0e36b8-29dc-48d8-9869-8d952c29dbdb,mobile,5,1493.65,19.81,2026-03-20T13:51:20.959848
a04334a1-cc03-4ba4-9019-3b7dbac10b4e,97ef2d8d-9dfa-469c-9ff4-e4f4cfc6f847,cbf743b9-e903-4a26-825c-7bde33e1d82c,web,3,1120.05,2.54,2025-08-10T13:51:20.959862
50af7534-932f-4df0-87e9-0b7d47742e5f,ccc80586-f348-4f03-85eb-7da4adedccb4,a47d64f7-a098-44b9-8c64-05a8c978779f,mobile,3,917.46,5.62,2026-02-07T13:51:20.959876
4dc605d8-63d5-4b32-8e9c-b087c15c9beb,9a58294d-b1d7-464a-a310-45a0eccb0b17,11d7b21d-825c-442e-8c20-a64d4de4dd3c,mobile,1,57.38,3.49,2026-02-17T13:51:20.959891
d7556c8c-612b-421b-8f03-ed32fad96fcd,4a9cb868-6695-4bf7-93f9-6f179ead9401,08f682e0-0949-4d7f-9c1a-36bb48342221,web,4,862.2,5.23,2025-10-08T13:51:20.959904
1a13feea-cb5e-4e6c-8210-65287a4c78dd,e08005e5-7c2d-4d4a-b8b0-0dfdef1cc73d,bff07f43-24a8-4d20-b9e9-6cac1ecce307,mobile,4,240.28,17.24,2026-01-13T13:51:20.959923
25572e8a-c8e9-413d-a3b0-190d23ba2dd8,c965e9c5-69cf-4549-9341-be2f2bdff784,1890b36f-a137-41e5-b5ed-1d9d565c4bd0,web,2,51.12,16.75,2025-06-15T13:51:20.959952
79773346-d4b4-4f26-aace-7220232ae02e,f4c7a126-7279-4bb5-95c4-573c4e1d70c9,e68cd9b3-0f66-4719-b9c8-10a5e0acfc32,mobile,4,1716.4,8.8,2025-12-15T13:51:20.959967
3f51c81d-ab5a-4027-81cd-a1bb71163b36,fcce4cc1-7186-4f54-85f6-10e497d9899f,9c0e36b8-29dc-48d8-9869-8d952c29dbdb,mobile,2,597.46,16.84,2025-06-24T13:51:20.959980
03fd1fe5-31f4-43f8-8472-e14298ccfa2c,2e1846b9-5efb-4df6-9fa0-b8de321d8ce9,11d7b21d-825c-442e-8c20-a64d4de4dd3c,web,1,57.38,9.28,2026-03-20T13:51:20.960003
c76785d8-b5e6-4db4-84f5-80afbe55a3ba,59734e6c-879e-4a68-86e6-a30c9e01f2a6,053f89ae-21b6-4267-baf4-f4be573d366f,web,4,284.6,7.6,2025-07-17T13:51:20.960035
ee197d62-3ad9-4e2c-b5eb-d146072a0acc,102b9f49-a914-4bb7-9fbf-cd661f9867f3,1308f602-c166-4cdc-868a-0b4938053d4d,web,4,129.76,10.61,2025-12-02T13:51:20.960068
156f0f16-75c0-404c-b600-15ca4b5f7447,c49ee3c5-aa37-4df0-bed9-2497197ddbb3,79634690-8c5c-4240-8205-82b10c85c886,store,3,969.93,13.57,2025-08-29T13:51:20.960081
d1fb50f0-7906-43d2-a24c-347234c5875b,72595032-530c-40ee-b0f0-4ba91d52b77a,1791a541-fe39-430b-9626-a24acd85e08e,mobile,1,271.72,12.75,2026-02-25T13:51:20.960095
ee531fde-41c2-4bff-a990-815231401a4f,10699e3c-9f67-4108-a71c-a0918eaa3418,e19c753d-318c-4edb-b565-fc406c99c72c,store,5,981.25,6.7,2025-05-17T13:51:20.960109
edd2b856-fc6f-4dca-b4fb-115b1b99e02d,4978ccb0-1e80-4cf0-b90a-0a40f49394dc,08cb9e44-2170-4369-9ab2-a47e52847e6c,mobile,3,351.36,7.82,2025-05-15T13:51:20.960122
4a0f2a06-4206-42d0-abc8-d7c6478b3ca6,72383042-728e-4d20-b0bc-201a92009198,bff07f43-24a8-4d20-b9e9-6cac1ecce307,mobile,5,300.35,6.75,2026-01-06T13:51:20.960136
4c6b91c1-209f-4714-a2be-beb9c4990e4b,c70ee112-9a4d-4c51-ada6-a3963b225e9c,24665074-3a11-4fcf-82f7-1d50a0b2580f,web,3,1145.43,13.46,2025-07-09T13:51:20.960149
80df2513-8e47-4d0c-9628-16aa2cbf5597,d71e8f1d-919c-4e14-a319-147952812e42,d5ee97fe-7203-4277-a432-29e8207ec8be,web,1,52.59,10.51,2025-09-17T13:51:20.960162
9a2cc329-3976-4b57-9bc3-eb0e94a83117,6b9384d5-4658-499e-aa0e-261e25506abf,f1f6542b-4b3f-4e65-8d9a-766c8d57ad72,mobile,3,964.44,5.67,2025-12-24T13:51:20.960175
b8c84204-4156-487f-a720-5a1447f10e44,6348aef4-0c22-4f32-82aa-af99e49beca1,944989d7-0474-4130-959f-c793bf62259e,web,1,119.36,1.14,2025-06-02T13:51:20.960192
f33c7acf-29bf-4b6a-b980-0ee0171a59dc,4220b0ed-148d-4a5e-ac8f-7593460ab12d,56ad6e1f-0691-4acd-a3de-c8da072e3963,web,5,730.75,14.16,2025-05-24T13:51:20.960216
efce0421-1957-4e7d-84de-fc3644be8553,c201751d-3703-40ae-8b50-ef3cb48ddcf8,1890b36f-a137-41e5-b5ed-1d9d565c4bd0,store,5,127.8,13.13,2026-02-08T13:51:20.960229
a6758841-9a6f-4854-8147-fe50048bc558,ab9746c7-803a-4cf1-9ab2-b32655c44619,2341a1b6-ca76-4973-ad2e-4a906f9fd51d,mobile,2,235.2,3.69,2026-02-18T13:51:20.960246
3636aa35-d43a-40d5-8ddd-8acb88e570b6,89d1cd9f-53a3-4cb9-8d4c-783ca398d230,7df8e284-e832-44a7-94ef-f17a4e5da9d6,store,1,89.69,18.45,2025-05-23T13:51:20.960261
9b24fef0-928d-4fe1-93cc-cad461b09c13,70928f45-8f59-44f3-973d-95a5d8e1a0c7,e19c753d-318c-4edb-b565-fc406c99c72c,web,3,588.75,15.61,2025-12-05T13:51:20.960275
ed5ccf2d-4703-4332-bb9b-063338ec189c,70928f45-8f59-44f3-973d-95a5d8e1a0c7,69b6bb4a-cfaa-4878-91ae-e146f31c1955,store,4,1366.28,19.92,2025-09-29T13:51:20.960288
33172543-cde2-4d85-b750-cc49823b8e95,400b741d-0ca0-45d6-8523-573617fee653,11d7b21d-825c-442e-8c20-a64d4de4dd3c,web,2,114.76,9.83,2025-09-02T13:51:20.960304
89ad2002-5d0b-4251-bd6d-57b6b87153f5,27cdacc1-7d04-4490-b295-5991e94f9f5e,ad1fb5ee-a91c-4991-9341-e395d2beecef,web,5,1760.4,12.91,2025-09-26T13:51:20.960317
788bbaea-ab7a-431c-8725-04a847b51936,a2db16fd-ba72-4f0b-9305-a8b470f9b0fa,08f682e0-0949-4d7f-9c1a-36bb48342221,web,5,1077.75,12.28,2025-09-07T13:51:20.960330
3f21b6e0-2aba-48b7-a50e-563d3cd25171,706a122a-0673-42d0-ab4d-15b133b4527f,f1f6542b-4b3f-4e65-8d9a-766c8d57ad72,web,3,964.44,1.46,2026-02-22T13:51:20.960344
ee9d7c5a-0670-4364-8b2e-b154239a0bad,da6a2aa5-e06f-422f-a9d1-fb75cb459423,11d7b21d-825c-442e-8c20-a64d4de4dd3c,store,4,229.52,2.98,2026-04-06T13:51:20.960357
fbb59ff4-3406-4f36-b836-a67671ff0e27,a8448f61-5b18-4c98-82b9-083ed705ce61,79634690-8c5c-4240-8205-82b10c85c886,store,1,323.31,5.33,2025-05-10T13:51:20.960369
b52136ef-8fce-4731-a6f8-a73b834face2,e08005e5-7c2d-4d4a-b8b0-0dfdef1cc73d,457d9d38-588b-41ff-8c67-d7258b51a8e6,web,4,1665.6,10.31,2025-06-25T13:51:20.960383
9e282b82-37ec-465d-8b5d-9c432dec1da9,01b0c61b-4ff2-4653-a90f-f2336d2cab3a,ca3df109-0f94-4c65-bb50-5e247fa97614,store,4,1415.52,16.88,2025-09-04T13:51:20.960397
57d92875-7637-43f6-8102-9409305a1328,3aa173fb-07c2-4854-8619-e70a310930dd,d5ee97fe-7203-4277-a432-29e8207ec8be,web,5,262.95,7.69,2025-12-21T13:51:20.960410
d4a6fe4f-369b-48e0-a3e6-eb59e0b7f9e3,c67dbd8e-a7b0-4c75-9187-a42663b4bdf6,0e9c5cdb-187a-4121-93cd-cd24adc53bc4,mobile,1,112.65,18.7,2025-06-29T13:51:20.960423
2008564d-be47-4520-85fb-558e5bdb4635,181f6def-75b2-4650-8010-6b2d2c405278,457d9d38-588b-41ff-8c67-d7258b51a8e6,web,3,1249.2,12.65,2025-09-22T13:51:20.960436
30ff0856-033f-45e9-a5bf-7848f85b2568,a7efd861-82e5-43b1-9e1d-0c829bfa825e,1890b36f-a137-41e5-b5ed-1d9d565c4bd0,store,3,76.68,1.61,2025-07-16T13:51:20.960456
7c455a15-8c4d-43f3-997a-92714ce462d0,84d1dfb4-674d-49fb-b335-c37a563eaa93,a0de6626-305c-473f-946f-bec5e72fa2b2,mobile,2,735.12,0.79,2026-01-15T13:51:20.960484
b9a35cb7-a00d-497b-a17a-07c6ac8dcbb5,b404a8e7-16e4-4439-a553-4fc2473a176b,ad1fb5ee-a91c-4991-9341-e395d2beecef,store,3,1056.24,17.93,2025-04-24T13:51:20.960500
c3f65f35-ee6c-48af-8183-ebe2c89473ac,71dd238d-4040-4247-9b73-eff211153a97,6c37ac7c-22fb-489b-9e12-ba964446997b,mobile,4,1775.44,8.76,2026-03-03T13:51:20.960538
eef1f5de-c4e4-4dcf-9cea-d57d7384c214,205c75d8-28e9-4d23-8dcb-9138a6caf086,542e404c-f975-45bf-b793-249b8d15665d,web,1,107.42,14.39,2026-01-07T13:51:20.960567
60bcdad8-959c-4ef6-8176-349c5596d6d1,8c0ec5af-151e-4280-ab18-606cae2ad64a,bff07f43-24a8-4d20-b9e9-6cac1ecce307,web,4,240.28,15.85,2025-09-28T13:51:20.960581
65375183-823b-4cc2-a2dd-1eab518d0c28,def31f26-998a-4ab5-805e-1a02aac4ed26,053f89ae-21b6-4267-baf4-f4be573d366f,store,4,284.6,19.33,2025-07-16T13:51:20.960594
b2658ae2-3deb-43dc-a1d8-073d8b3446d3,3cae7953-c156-471c-9a5f-92f3526f83e4,944989d7-0474-4130-959f-c793bf62259e,store,3,358.08,15.76,2026-03-18T13:51:20.960607
d1753d60-58f4-4dd0-ab55-a5d9025d5011,736e89ee-fcda-459e-a2e7-ecbf43f4404b,f6df0b45-6106-42d3-8c75-195d0ad4baee,mobile,1,388.79,13.35,2025-12-28T13:51:20.960624
7539ab43-2b83-404d-ab8b-d6923026391a,f034c227-4c36-4efd-aaf6-21c60e1aa1f6,168e2ef5-ab86-444e-ad38-6cbe82465e6a,web,2,180.12,18.5,2025-06-23T13:51:20.960638
d365568d-4f8f-4c74-9fab-cd8b97e4e6bd,bdab1d19-8ba7-4bfc-a5ad-61087bba98d6,08f682e0-0949-4d7f-9c1a-36bb48342221,web,4,862.2,9.42,2025-05-16T13:51:20.960651
0aef01c1-4bbe-4042-9733-aa417c2aa432,d44fe8d0-8697-478a-b561-5412b92c3cdd,944989d7-0474-4130-959f-c793bf62259e,mobile,2,238.72,2.61,2025-04-21T13:51:20.960668
e9d78e3f-1276-443c-8c87-d42402077d8a,d8485234-37db-4394-ae90-cbf6891d00c3,69b6bb4a-cfaa-4878-91ae-e146f31c1955,store,3,1024.71,12.22,2026-02-25T13:51:20.960680
562eec3c-c8ff-4509-8f7c-c5363edb917d,5e1fa70f-19c4-4eff-8b14-2c1bc4836ad4,d5ee97fe-7203-4277-a432-29e8207ec8be,store,1,52.59,11.9,2026-02-16T13:51:20.960695
8ee54ccf-9cdb-47f7-9142-7152a33fae75,ba0f0624-b1c9-4f49-9041-fd7c7b1028a5,6eae25b5-bfd1-445a-b0d8-86e5ef9604a3,store,1,479.02,6.75,2026-01-02T13:51:20.960708
74da9b15-6281-4aaa-9bda-9b6e6f88b2cf,5e1fa70f-19c4-4eff-8b14-2c1bc4836ad4,f6df0b45-6106-42d3-8c75-195d0ad4baee,mobile,3,1166.37,11.52,2026-02-13T13:51:20.960721
3bd8c815-407a-4b6a-97bf-0d4ed5878cea,f81bcfa1-39d2-47e8-8236-8071706a6271,905f2110-caca-46ad-b1fc-61c3fda110f1,mobile,2,97.2,3.47,2026-03-23T13:51:20.960734
8ab65bcf-731b-4e46-ac92-f11de01b5b27,ed6a095f-27ce-4cef-91ef-c21286d7ce21,28de6b67-c5da-4fd9-9ae6-64f199eb885d,store,3,914.94,3.36,2026-02-02T13:51:20.960747
f082c9b1-2387-4a9b-96f1-5c0b30772fd2,43c92511-959a-4446-90c1-fe53cc07de9f,17c1c99f-c424-420e-8868-5ab21bafe8e5,web,2,284.52,18.51,2025-09-03T13:51:20.960760
c77cda9e-e525-46e8-bd5f-53e6bcca2582,b0a631a6-9bfd-4a8c-8c49-40dba41cc45c,542e404c-f975-45bf-b793-249b8d15665d,mobile,1,107.42,7.52,2025-05-27T13:51:20.960773
a043eb87-f71c-4404-a011-80f3119aa06b,7973b72a-555e-4256-a39e-9b40be1a259d,cbf743b9-e903-4a26-825c-7bde33e1d82c,web,4,1493.4,0.14,2026-03-05T13:51:20.960785
1db1e7d7-a12a-4232-8e90-dc8cd784e9f3,1a545b76-5860-41b1-baaa-3e68e201641e,1890b36f-a137-41e5-b5ed-1d9d565c4bd0,store,5,127.8,13.87,2025-11-21T13:51:20.960800
04e10ce2-1072-4256-a440-9d5fde2434f0,5ea34c47-e02d-45ce-bbe2-3ae31540f714,0e9c5cdb-187a-4121-93cd-cd24adc53bc4,web,2,225.3,12.8,2025-12-31T13:51:20.960814
6f7e5e23-6310-461e-bcd7-80a45989c35e,be029ce5-cd24-42ad-8779-03ff5f9f714b,f1f6542b-4b3f-4e65-8d9a-766c8d57ad72,web,4,1285.92,12.21,2025-12-14T13:51:20.960827
3b8b4a81-cb07-439e-9b53-3e0fb2b85a6c,64fd2fb3-4de5-4dec-b89a-7ad24fb60fbf,24665074-3a11-4fcf-82f7-1d50a0b2580f,web,4,1527.24,12.54,2025-06-06T13:51:20.960840
677d406d-7641-48ac-aba8-bbbeca6847a0,aa5ec596-9d76-401f-aa26-57c32ecec090,053f89ae-21b6-4267-baf4-f4be573d366f,web,3,213.45,11.15,2025-09-13T13:51:20.960853
e59821cf-fcb7-4f4f-a5ba-c439588a45d7,6348aef4-0c22-4f32-82aa-af99e49beca1,28de6b67-c5da-4fd9-9ae6-64f199eb885d,mobile,5,1524.9,7.24,2026-02-26T13:51:20.960865
ad8e74eb-e1f8-40bd-9e57-45eb709c7230,fa848a5c-ec51-4164-a85d-f28025f41073,168e2ef5-ab86-444e-ad38-6cbe82465e6a,store,5,450.3,15.41,2025-12-24T13:51:20.960879
90e987de-d114-46e4-a29a-11e8b785f95a,658f0200-2d82-4370-88f0-570c233853ef,56ad6e1f-0691-4acd-a3de-c8da072e3963,web,3,438.45,2.25,2026-03-19T13:51:20.960907
570a8806-ce05-4d1d-860c-7ffe31a15bfe,a217c9df-5a7e-43b6-a2e1-a6a71f171b05,0e9c5cdb-187a-4121-93cd-cd24adc53bc4,web,4,450.6,13.4,2026-01-15T13:51:20.960920
7e786ab4-86d6-43cb-9994-9c5b10cd4073,1bf5ec6f-1fb7-41ba-8561-83bd4b958e3f,69b6bb4a-cfaa-4878-91ae-e146f31c1955,web,3,1024.71,8.69,2025-11-21T13:51:20.960933
00241722-e933-4cc9-a052-b7cad96d93f1,414fe86c-ccc0-4e02-8482-569b40e59aaa,7df8e284-e832-44a7-94ef-f17a4e5da9d6,mobile,1,89.69,1.05,2026-02-21T13:51:20.960947
3135ea59-0d6a-475d-9041-27dc2dbef5c4,c93f2cd4-13a8-4f0f-8d1a-8854990eb1b2,24665074-3a11-4fcf-82f7-1d50a0b2580f,store,2,763.62,10.3,2026-04-01T13:51:20.960960
d2b2fd3a-03c7-4e51-871d-79edd83dddf4,09ea9b77-2776-4869-9b5d-0cfcb5dee3eb,bff07f43-24a8-4d20-b9e9-6cac1ecce307,mobile,4,240.28,6.52,2025-06-16T13:51:20.960973
2d96fce4-65a0-423a-87ad-a4fe9316035e,d7eaed06-94e3-43b5-9ea6-a33d8c0b3122,905f2110-caca-46ad-b1fc-61c3fda110f1,store,2,97.2,4.56,2026-02-18T13:51:20.960988
80521672-b671-46a4-bffc-038e818d1c9a,42739148-1263-40e6-8a79-44cde3b55420,e68cd9b3-0f66-4719-b9c8-10a5e0acfc32,web,2,858.2,1.47,2025-10-05T13:51:20.961013
92923b5a-c6cc-4db4-a2f5-c59b398886c0,f45b6dd0-1af6-4a35-8377-7ab4e1b51575,ca3df109-0f94-4c65-bb50-5e247fa97614,web,1,353.88,4.32,2025-09-04T13:51:20.961038
2dbaa54b-c23a-43d0-a4ef-395a18e18c30,cf767ff6-17c9-4be0-a435-939dd95f7f2b,7df8e284-e832-44a7-94ef-f17a4e5da9d6,store,2,179.38,2.73,2025-09-29T13:51:20.961056
ce77dc76-22da-4b46-8ce5-1a40769f089e,de09c21b-2790-4f59-98f6-c678497d35f8,ad1fb5ee-a91c-4991-9341-e395d2beecef,web,3,1056.24,6.72,2025-11-28T13:51:20.961070
dbc9d698-f308-4c5b-9f9d-24cd177eb800,53e0275c-fc42-4900-a0ea-d5048e14d832,2341a1b6-ca76-4973-ad2e-4a906f9fd51d,web,1,117.6,2.22,2025-11-23T13:51:20.961089
cfae3e67-6e72-4107-99ee-2ee76b66d1ed,90a4a608-cd97-4173-87a3-ad27a512c33e,7df8e284-e832-44a7-94ef-f17a4e5da9d6,store,4,358.76,4.4,2026-01-18T13:51:20.961120
5318ebd8-3014-405c-9037-9b40c3c9ac85,b237f9d5-60b3-45de-bbeb-f64d46377e62,9c0e36b8-29dc-48d8-9869-8d952c29dbdb,mobile,5,1493.65,19.4,2026-01-18T13:51:20.961147
b9380625-afe3-4b98-8d26-b02f038d19d0,d4dc5799-8bb8-4688-96ac-4e344d8a351b,6eae25b5-bfd1-445a-b0d8-86e5ef9604a3,mobile,1,479.02,9.78,2025-09-17T13:51:20.961162
f694e05b-f94f-4d22-99c6-4d2e94fb83bb,bfa1faa6-7870-4ab7-b386-25eb3624f4dc,0e9c5cdb-187a-4121-93cd-cd24adc53bc4,web,4,450.6,14.6,2025-11-24T13:51:20.961176
0e2f9bf1-3422-4fcc-9c42-e7476979ca44,285b0a46-ec54-4ca2-b675-3bcd0a09e21a,bff07f43-24a8-4d20-b9e9-6cac1ecce307,store,2,120.14,11.59,2025-10-30T13:51:20.961189
c3dc3737-13fa-4d3f-8fd9-7feda810c3f6,29dc093f-722e-4320-8b1c-a48df552bdf8,08f682e0-0949-4d7f-9c1a-36bb48342221,store,5,1077.75,19.6,2026-04-13T13:51:20.961202
f32eb129-f191-4caf-bf3f-31577f6c400a,b0a631a6-9bfd-4a8c-8c49-40dba41cc45c,0e9c5cdb-187a-4121-93cd-cd24adc53bc4,store,5,563.25,10.62,2026-03-29T13:51:20.961215
213428e8-b128-4d91-bb62-6023b1c350b0,da991ae8-4eeb-4b2d-821b-05b27c818222,08cb9e44-2170-4369-9ab2-a47e52847e6c,web,4,468.48,1.66,2025-08-05T13:51:20.961228
47c897fb-db8f-45c5-a165-e6d23a15271b,f4c7a126-7279-4bb5-95c4-573c4e1d70c9,79634690-8c5c-4240-8205-82b10c85c886,web,4,1293.24,7.17,2025-12-25T13:51:20.961243
6b192eb1-c497-4a73-9a91-06aaa0fcf937,124fdab2-2639-4150-91cf-625e1a170d06,1890b36f-a137-41e5-b5ed-1d9d565c4bd0,mobile,1,25.56,6.1,2025-08-13T13:51:20.961257
7b615843-9160-48e1-8287-50247e34ba1e,9b66b8f5-ba94-4ffa-9d5d-1385fe996de7,7df8e284-e832-44a7-94ef-f17a4e5da9d6,web,5,448.45,19.53,2025-06-21T13:51:20.961270
b5284eac-e45c-4ba7-ab14-4c0aea95072b,9d57b2f2-8959-4ba6-a225-7aae14a7ca35,542e404c-f975-45bf-b793-249b8d15665d,store,4,429.68,12.54,2026-01-11T13:51:20.961283
16347aa5-7473-4dfc-8fca-274a7618057d,9b66b8f5-ba94-4ffa-9d5d-1385fe996de7,79634690-8c5c-4240-8205-82b10c85c886,mobile,1,323.31,6.66,2025-09-30T13:51:20.961296
99ea9399-7867-4db1-90b2-8c3f9fce6d50,53e0275c-fc42-4900-a0ea-d5048e14d832,a0de6626-305c-473f-946f-bec5e72fa2b2,mobile,4,1470.24,18.92,2025-11-28T13:51:20.961309
73aadcfd-e157-4f87-bf3d-eb9945fa8bcf,c69c213c-78e1-4bab-9a52-334bd420ad6d,2341a1b6-ca76-4973-ad2e-4a906f9fd51d,web,2,235.2,12.41,2025-04-30T13:51:20.961322
3af9e4c8-3b85-40ca-8083-e781fa393fd5,414fe86c-ccc0-4e02-8482-569b40e59aaa,69b6bb4a-cfaa-4878-91ae-e146f31c1955,store,5,1707.85,17.76,2025-05-05T13:51:20.961335
b644f4a0-0b56-4337-8c31-f56c210e0a08,e20398c7-b82b-42e3-9336-71ccbdfea714,1308f602-c166-4cdc-868a-0b4938053d4d,mobile,3,97.32,0.82,2025-08-20T13:51:20.961348
2034d577-6cfd-4aba-95b4-235c18ce6cb7,52b779bf-b219-4f6a-bf6d-facce6fa6900,24665074-3a11-4fcf-82f7-1d50a0b2580f,web,5,1909.05,11.22,2025-04-20T13:51:20.961361
8ce0d307-5f28-47ba-aec3-5d09aa7b604a,96478114-3e95-4c71-adc2-4d8618801e09,56ad6e1f-0691-4acd-a3de-c8da072e3963,web,2,292.3,10.79,2025-10-26T13:51:20.961373
a2b9d64c-ba45-46b6-af9e-d4e29a80e2a8,008f3c83-68c5-44b4-8a91-226b4738b52d,0e9c5cdb-187a-4121-93cd-cd24adc53bc4,web,5,563.25,15.06,2025-04-21T13:51:20.961388
85fbb2f8-2eaf-48b1-bfd6-15eef3ac9c58,fa848a5c-ec51-4164-a85d-f28025f41073,6eae25b5-bfd1-445a-b0d8-86e5ef9604a3,store,3,1437.06,10.07,2025-10-17T13:51:20.961403
f08ba827-16a5-42f5-afbe-101807ab18fe,48fb6021-8054-4fbb-8b47-87326c61c00b,a47d64f7-a098-44b9-8c64-05a8c978779f,store,1,305.82,6.9,2026-03-14T13:51:20.961416
7f0e7b54-7cf9-47d7-88f3-c523ebd56ea9,cd0f116b-8b06-4970-a39d-a895155e5d42,bdea1b76-1208-4a2f-b2e1-1aa8a5626500,store,5,1542.3,14.2,2026-02-12T13:51:20.961433
2d50f533-3dd9-465d-b793-813870977991,1a02c0cc-fc75-4896-95e3-13aa5ba34d35,168e2ef5-ab86-444e-ad38-6cbe82465e6a,mobile,3,270.18,7.36,2025-08-27T13:51:20.961448
a9ed740c-0256-4f0e-a52e-c6d5dde4f230,2c8ea884-611e-4c1c-8bfc-fb572f76ea57,d5ee97fe-7203-4277-a432-29e8207ec8be,web,2,105.18,1.6,2025-08-24T13:51:20.961461
396d6d23-a1b9-4118-ac48-6bb67899c811,db4623ff-6c9c-4697-a41d-b3a861bc38bd,24665074-3a11-4fcf-82f7-1d50a0b2580f,web,3,1145.43,3.3,2026-03-07T13:51:20.961473
2e2ef868-2485-4cd3-a441-8b6cf7d2138b,5811146f-e353-4d97-be9b-134b231bf480,08f682e0-0949-4d7f-9c1a-36bb48342221,web,4,862.2,10.41,2026-01-28T13:51:20.961486
042e9c15-9428-4f40-8ab7-28249ad75516,f6449f19-458b-444b-b1c6-fdab5901ee7d,cbf743b9-e903-4a26-825c-7bde33e1d82c,mobile,3,1120.05,10.83,2025-09-14T13:51:20.961498
c450ed7d-fa79-4113-843d-b64b27b2116c,0af417b2-c439-4d9b-a97b-9e76de6515ea,0e9c5cdb-187a-4121-93cd-cd24adc53bc4,store,3,337.95,14.75,2025-09-12T13:51:20.961523
4b6e59a0-281d-4483-9541-6ad0a33421e6,a5469fbf-9ff0-42b2-a794-2a287bbc17b1,a0de6626-305c-473f-946f-bec5e72fa2b2,web,2,735.12,17.44,2026-03-14T13:51:20.961591
cccb62a4-2e98-49df-a9ec-b7bb76db4cf9,9d5bc314-79d9-4dee-966f-dba735c7590f,1791a541-fe39-430b-9626-a24acd85e08e,mobile,3,815.16,6.86,2025-09-17T13:51:20.961625
ae3cf4d9-5df1-4098-97c7-084d07eab2c8,325a16f2-810b-43e0-b3fa-e2d5e3c13093,905f2110-caca-46ad-b1fc-61c3fda110f1,mobile,4,194.4,13.94,2025-06-16T13:51:20.961639
939f545d-8130-4292-a67d-ddefc78347dd,ac61d53d-7c25-4ce7-b518-85ee58c7b2b6,17c1c99f-c424-420e-8868-5ab21bafe8e5,store,4,569.04,11.35,2025-08-24T13:51:20.961652
206cff4c-7ae1-4175-96bf-ade4842f43da,db4623ff-6c9c-4697-a41d-b3a861bc38bd,053f89ae-21b6-4267-baf4-f4be573d366f,web,2,142.3,9.68,2025-12-03T13:51:20.961666
316d8a20-d83f-4153-b3a7-bd3b845865be,370f0855-85f1-477f-8f8e-0f1980e8cfc6,a0de6626-305c-473f-946f-bec5e72fa2b2,store,1,367.56,5.69,2026-01-30T13:51:20.961679
6b7630f3-b64c-467b-aa98-97043da1bc2b,10699e3c-9f67-4108-a71c-a0918eaa3418,9c0e36b8-29dc-48d8-9869-8d952c29dbdb,mobile,5,1493.65,10.71,2026-01-23T13:51:20.961692
f44f2d4b-a9ad-4e6d-8dc3-c9fcee357dca,ea4f8aeb-9ef4-46ca-953e-5e309b9171ca,24665074-3a11-4fcf-82f7-1d50a0b2580f,web,2,763.62,2.34,2026-01-23T13:51:20.961706
26759fca-5c2a-4d22-a4a6-8d65a25583b5,68fcba4b-67dc-40a5-b324-7628db4cddbb,2341a1b6-ca76-4973-ad2e-4a906f9fd51d,store,2,235.2,7.39,2025-09-02T13:51:20.961719
e6c7cde6-16d6-4df9-9d29-35d5a50284d9,bdb77e2b-5d39-41d7-8683-b92222eebcd7,17c1c99f-c424-420e-8868-5ab21bafe8e5,store,1,142.26,19.56,2025-05-10T13:51:20.961733
199a2ba9-d529-4531-ae70-423348402285,f3a49fd3-455a-4ac4-9d70-9cd8d52b0e4e,321b80eb-c6e9-42e0-a6f5-86598247acd3,web,4,1171.56,10.67,2025-07-13T13:51:20.961746
a282f4d1-5e62-4600-8ccd-b5493b8069c7,d59d067c-81ef-43c0-8749-a85d38c15ba1,cbf743b9-e903-4a26-825c-7bde33e1d82c,web,4,1493.4,18.96,2025-08-03T13:51:20.961762
98442b9f-8967-4a3e-9cdf-e7e5c6c0e523,27cdacc1-7d04-4490-b295-5991e94f9f5e,905f2110-caca-46ad-b1fc-61c3fda110f1,mobile,2,97.2,10.92,2026-04-13T13:51:20.961776
a0450b63-822f-4313-ad6b-75038181f969,399dd347-bbce-4207-aac1-1923f065145e,457d9d38-588b-41ff-8c67-d7258b51a8e6,store,3,1249.2,19.39,2025-08-16T13:51:20.961789
7a20e6f1-7f18-4487-8872-7bfe947eb89d,b1eda297-b5e3-4a00-a11a-293f57da976d,2341a1b6-ca76-4973-ad2e-4a906f9fd51d,mobile,2,235.2,18.14,2025-06-30T13:51:20.961803
3a3d96ce-e5f8-4bbf-8cbb-dd1f5edf71b6,e55e95ef-f1cb-40bc-bc2a-bed8e28fabad,457d9d38-588b-41ff-8c67-d7258b51a8e6,web,1,416.4,2.79,2025-08-13T13:51:20.961818
1847bbcb-7277-4492-95b5-88698335d1a0,2265ad7d-6f3d-45e9-99ad-c1533863d3ba,28de6b67-c5da-4fd9-9ae6-64f199eb885d,store,3,914.94,12.35,2026-04-03T13:51:20.961830
ae157c33-39be-4f31-bd8a-18c9fa5f83a1,0728b6c8-7eab-48c3-a4e0-0f8f8dbf95f8,f1f6542b-4b3f-4e65-8d9a-766c8d57ad72,store,3,964.44,1.1,2026-02-27T13:51:20.961844
47fa56a1-c3ab-467b-8fd1-eb3597137c91,a22427fa-587c-4ef8-ac58-a71016ef9984,ad1fb5ee-a91c-4991-9341-e395d2beecef,web,5,1760.4,15.63,2025-07-20T13:51:20.961859
d9bceb0e-2cb3-4626-9a0b-e60ec39b925e,e1269dc6-362b-4eb3-bbfd-898d81402a48,a47d64f7-a098-44b9-8c64-05a8c978779f,web,2,611.64,10.77,2026-04-04T13:51:20.961872
e28e0711-f673-4230-9b82-1f875bb7afb7,6f391870-9416-4da1-a5a1-4a2f0be76e0e,1890b36f-a137-41e5-b5ed-1d9d565c4bd0,web,5,127.8,9.81,2025-09-26T13:51:20.961885
4c0484b4-3ce9-4ea5-9871-4bcf5df5de12,eb411509-29e2-4223-b53d-22fb38b6fbcf,bdea1b76-1208-4a2f-b2e1-1aa8a5626500,store,1,308.46,7.95,2025-05-09T13:51:20.961898
cdbfcf4b-7c00-422c-9e1a-79cfe7654199,0ecc2cc7-1475-4466-9e4c-529582c64e99,e19c753d-318c-4edb-b565-fc406c99c72c,store,3,588.75,0.24,2025-09-30T13:51:20.961912
561341fa-a4e5-4997-97f2-a642f5929019,a00a95c9-a5cf-4c8d-8945-2a6b7eddd907,6c37ac7c-22fb-489b-9e12-ba964446997b,mobile,3,1331.58,1.75,2025-08-30T13:51:20.961925
4be4954e-9643-44ac-ba77-a14afe8d15e5,a91646c9-5f67-4156-b4d0-21a050b6575c,f1f6542b-4b3f-4e65-8d9a-766c8d57ad72,store,4,1285.92,3.28,2025-09-01T13:51:20.961939
886ca516-d622-44e7-95f3-9b7fae089c2b,a91646c9-5f67-4156-b4d0-21a050b6575c,e19c753d-318c-4edb-b565-fc406c99c72c,mobile,4,785.0,11.96,2026-02-03T13:51:20.961952
779d84ef-cf18-4aaa-a63b-cde8c4e82b33,25f511db-8e77-4fc1-b6e3-9e44765a64bb,56ad6e1f-0691-4acd-a3de-c8da072e3963,mobile,3,438.45,19.73,2025-08-15T13:51:20.961965
d73cd211-516a-4f2a-8d02-277eac31bd35,ade7f931-425a-4ac1-9ba5-fb56ea154a33,1308f602-c166-4cdc-868a-0b4938053d4d,store,1,32.44,12.78,2026-04-12T13:51:20.961979
f895c009-ca62-411b-96e5-603263aa5008,616ee21c-1141-485b-98f2-fdb0e48d66c0,e68cd9b3-0f66-4719-b9c8-10a5e0acfc32,store,2,858.2,14.2,2025-07-05T13:51:20.961992
e5ea3060-73d4-40bc-9d31-653605f20f4a,b1eda297-b5e3-4a00-a11a-293f57da976d,542e404c-f975-45bf-b793-249b8d15665d,store,2,214.84,5.79,2026-01-10T13:51:20.962013
0546ec3c-8dc9-4408-a6d4-ab88b93b6ab4,78d4e439-fa45-4a8f-9594-3c1461777872,944989d7-0474-4130-959f-c793bf62259e,store,3,358.08,9.88,2025-06-20T13:51:20.962027
2f6e462e-d515-4077-954d-aad334236961,2433a03f-64b2-4957-94be-f7b57ce9effc,7df8e284-e832-44a7-94ef-f17a4e5da9d6,web,2,179.38,3.08,2026-04-02T13:51:20.962041
3d9eaf69-ad9e-4837-aeff-a64b75a3aca1,eeba25c3-bc51-40f2-ad4f-d841787e2823,0e9c5cdb-187a-4121-93cd-cd24adc53bc4,mobile,1,112.65,17.85,2025-05-16T13:51:20.962055
7455eed3-bd44-4a9e-b4e5-b8d9cab1dd44,38881b64-3e38-4b34-bf33-d8f08e89bdb5,24665074-3a11-4fcf-82f7-1d50a0b2580f,mobile,4,1527.24,4.9,2025-04-28T13:51:20.962074
7bfde175-d6c8-49e5-9495-a9e5897f88ac,c201751d-3703-40ae-8b50-ef3cb48ddcf8,a47d64f7-a098-44b9-8c64-05a8c978779f,mobile,4,1223.28,14.91,2026-03-12T13:51:20.962103
4e5161dc-44f9-4808-862c-da56df174e71,a539424b-3bc3-488a-86dd-c9667b50b118,0e9c5cdb-187a-4121-93cd-cd24adc53bc4,store,5,563.25,12.56,2025-09-04T13:51:20.962117
49714702-28e4-4fc3-96c4-ce45048da095,59734e6c-879e-4a68-86e6-a30c9e01f2a6,28de6b67-c5da-4fd9-9ae6-64f199eb885d,mobile,3,914.94,11.51,2025-07-27T13:51:20.962130
515d5ee3-a0ee-44ed-a3fa-6c79b4761297,208aaec7-2bf9-4e14-a2fb-c77844abac7e,11d7b21d-825c-442e-8c20-a64d4de4dd3c,web,2,114.76,2.92,2025-06-22T13:51:20.962143
5c40d2b4-8f5f-4092-bf80-81015adb77d3,e35fef50-cb52-412f-8c9d-fbe01e30d289,542e404c-f975-45bf-b793-249b8d15665d,web,3,322.26,5.45,2026-01-22T13:51:20.962156
34e30983-f096-4863-93f9-1c97fc86ea7a,d5327b4f-92bb-47e0-8591-523fd0425dda,6c37ac7c-22fb-489b-9e12-ba964446997b,store,1,443.86,10.59,2025-11-18T13:51:20.962176
a9183e57-e4e2-4e88-b874-7f0ca7e0d977,4169a5b1-d3ce-4a9a-9d4e-f35c958725e4,d5ee97fe-7203-4277-a432-29e8207ec8be,mobile,5,262.95,3.66,2026-01-06T13:51:20.962205
28d95717-db05-40be-95fd-679b26cf0ce5,f4a16aad-10c8-456d-a7e3-f8f2fd704455,9c0e36b8-29dc-48d8-9869-8d952c29dbdb,store,5,1493.65,16.54,2025-11-01T13:51:20.962228
c46c2a61-e796-4d07-ae81-896957bb1ce7,6b9384d5-4658-499e-aa0e-261e25506abf,053f89ae-21b6-4267-baf4-f4be573d366f,mobile,3,213.45,13.77,2025-04-30T13:51:20.962245
2632f351-4d18-4e94-b23d-3bc65958d672,acd34a34-250e-4096-9b7d-6f794c95fa49,168e2ef5-ab86-444e-ad38-6cbe82465e6a,web,5,450.3,0.26,2025-10-17T13:51:20.962270
5c165163-2e40-4a98-aa95-3540ea38f6fb,de68fb7c-314a-441e-8f92-23d7f49a490a,a0de6626-305c-473f-946f-bec5e72fa2b2,store,3,1102.68,6.81,2025-08-10T13:51:20.962286
36243a89-85e4-43c7-8039-89060ab75e10,48186108-5140-477d-8d9c-59cf0f3db172,9c0e36b8-29dc-48d8-9869-8d952c29dbdb,web,1,298.73,10.07,2025-12-25T13:51:20.962299
3ff4be3e-171e-4d04-9f1c-a112e71f4e1e,d71e8f1d-919c-4e14-a319-147952812e42,ad1fb5ee-a91c-4991-9341-e395d2beecef,mobile,5,1760.4,16.63,2025-06-05T13:51:20.962312
42466de3-c262-46bf-bc3b-8be0346758ad,4c7f58a8-13fa-4e51-9b68-67a6d7e2f59e,168e2ef5-ab86-444e-ad38-6cbe82465e6a,web,5,450.3,8.35,2025-04-21T13:51:20.962326
3fc6b559-915f-49ae-bd7a-b14f0de987cf,abb8399d-d557-4b20-a585-bdc3cbf9c14d,d5ee97fe-7203-4277-a432-29e8207ec8be,web,1,52.59,9.59,2026-02-07T13:51:20.962339
c8357910-804a-4621-9abf-eea9a402f6c6,a1674076-3038-4d42-97bd-ba83e6a52720,321b80eb-c6e9-42e0-a6f5-86598247acd3,mobile,2,585.78,10.46,2025-09-01T13:51:20.962352
4c1003f9-10e6-482e-9e3f-3abcfe0591d4,bc2a15b3-8cd0-4701-8a84-5408610596e6,457d9d38-588b-41ff-8c67-d7258b51a8e6,store,2,832.8,0.58,2025-04-17T13:51:20.962368
016e474d-65dd-47da-abe3-10f998ec7ab9,05936011-9e61-41c0-bc67-638eee4f08eb,28de6b67-c5da-4fd9-9ae6-64f199eb885d,mobile,2,609.96,2.85,2026-02-09T13:51:20.962381
ccd3ad35-9ff5-401d-8db3-b4869ee96a85,ff3bc83f-7267-4530-ae44-86792304c864,053f89ae-21b6-4267-baf4-f4be573d366f,web,2,142.3,19.62,2025-12-29T13:51:20.962394
de7db854-7563-4b43-affc-dbcd1cfac5d1,b5e852ab-dc42-45d2-80ed-061b15e85082,28de6b67-c5da-4fd9-9ae6-64f199eb885d,store,1,304.98,15.15,2026-04-06T13:51:20.962407
56d27386-9d21-44e3-bb60-fab706273445,736e89ee-fcda-459e-a2e7-ecbf43f4404b,ad1fb5ee-a91c-4991-9341-e395d2beecef,mobile,1,352.08,10.27,2026-03-30T13:51:20.962420
13aa55fb-b7bd-490f-a50f-a71b9a5919e1,dd267d37-2603-4b70-afe3-80c93850b1f7,0e9c5cdb-187a-4121-93cd-cd24adc53bc4,web,1,112.65,1.32,2025-12-07T13:51:20.962433
8aa831b0-4f5a-4519-88d9-6fe6d7d97212,268931fe-8542-4672-96bb-6177eaab9ebb,79634690-8c5c-4240-8205-82b10c85c886,mobile,1,323.31,4.11,2026-02-11T13:51:20.962445
61956154-138b-4665-a224-ca0186fafaca,26f752ae-cb28-42e6-8109-575dcebe96fb,ad1fb5ee-a91c-4991-9341-e395d2beecef,store,2,704.16,0.59,2025-05-07T13:51:20.962458
badf65ca-8910-4fb3-842c-98e370e784c5,ed724f87-0665-460b-a58e-8e84c942f5a5,a47d64f7-a098-44b9-8c64-05a8c978779f,store,5,1529.1,3.21,2025-10-19T13:51:20.962472
9e321475-55bb-4e32-bc80-3cf6d764e220,94b600f4-25f6-4f09-953a-1f6a8db7a88f,bff07f43-24a8-4d20-b9e9-6cac1ecce307,web,5,300.35,1.98,2025-06-28T13:51:20.962485
ea84b456-80a1-46a4-a8aa-f4d2a5b76e10,0020e35e-aa5d-4890-a121-d2a1de6df4ca,79634690-8c5c-4240-8205-82b10c85c886,mobile,5,1616.55,3.83,2025-12-25T13:51:20.962498
2db7aa58-dc42-4094-a220-ad1cd974e41b,4a048325-8212-43a5-beca-25ad536f4cee,9c0e36b8-29dc-48d8-9869-8d952c29dbdb,mobile,5,1493.65,1.97,2026-04-13T13:51:20.962531
1d82bf0c-2a9e-4463-a5ce-cded9e13fcad,b99c3e55-f199-4dc5-b146-d6358e2b84b5,bdea1b76-1208-4a2f-b2e1-1aa8a5626500,mobile,4,1233.84,11.79,2025-10-10T13:51:20.962572
b14beb7d-5aa7-488e-970e-808cbe60529a,81c9fc48-3729-4936-b13b-53365da461ff,08cb9e44-2170-4369-9ab2-a47e52847e6c,store,2,234.24,8.48,2025-10-16T13:51:20.962586
fe6dc765-7a22-4533-9491-c9144efbc9c1,69eef18a-207f-452e-a30d-7136e30bde79,6eae25b5-bfd1-445a-b0d8-86e5ef9604a3,store,4,1916.08,2.47,2026-02-17T13:51:20.962604
e4e0489c-ae1e-4a2c-91b5-2c594c2893d5,e20398c7-b82b-42e3-9336-71ccbdfea714,1791a541-fe39-430b-9626-a24acd85e08e,store,2,543.44,14.09,2025-08-05T13:51:20.962633
858b6420-f14c-4151-b42e-7519e91e3c2d,58baa912-a1cf-4bb6-a3ac-cdfccf1ec74b,944989d7-0474-4130-959f-c793bf62259e,store,1,119.36,2.31,2025-10-30T13:51:20.962646
eae1b96b-fca4-43bc-a9ca-4af8ee6eaacb,5bf4583e-b845-45d7-884b-2881ba288b9d,7df8e284-e832-44a7-94ef-f17a4e5da9d6,mobile,5,448.45,19.52,2025-11-07T13:51:20.962660
27a879d9-3219-49e3-a988-d8ae1c699dca,8c0729b0-bedb-4edf-a078-95151b63f71e,6eae25b5-bfd1-445a-b0d8-86e5ef9604a3,store,5,2395.1,19.7,2025-09-19T13:51:20.962673
f864d32b-4934-49e3-af47-fb637eb0d05b,967a969f-428a-4ffe-ad7a-fb432d7496a2,ad1fb5ee-a91c-4991-9341-e395d2beecef,mobile,1,352.08,7.35,2025-08-15T13:51:20.962690
9344af54-37ad-41e6-94c0-11ae238c4717,ce2cc2b4-d6d0-413b-9a29-38c333953cb9,ca3df109-0f94-4c65-bb50-5e247fa97614,store,1,353.88,10.45,2025-09-25T13:51:20.962707
cc86db1e-c45f-4bcf-ac60-2fbcb6165ed8,d6de87d1-6cf1-400d-8b1d-d8af4573a316,1890b36f-a137-41e5-b5ed-1d9d565c4bd0,store,1,25.56,8.01,2026-02-01T13:51:20.962719
71abc416-cb96-4003-b1b6-59405c5f900e,4a9cb868-6695-4bf7-93f9-6f179ead9401,08cb9e44-2170-4369-9ab2-a47e52847e6c,store,2,234.24,19.5,2026-03-13T13:51:20.962732
b2274014-5c3a-4ac8-aecc-49b1b2a264e8,d4480b7f-44e3-442c-a15d-0691a9d44d3d,ad1fb5ee-a91c-4991-9341-e395d2beecef,web,5,1760.4,4.66,2025-09-21T13:51:20.962745
012793f0-5393-47f6-86f9-ae117962f86c,b5e852ab-dc42-45d2-80ed-061b15e85082,ca3df109-0f94-4c65-bb50-5e247fa97614,mobile,3,1061.64,11.87,2025-04-15T13:51:20.962759
007782f0-0e11-4ab1-b074-6d573d95ef33,228052e8-635e-4302-ace6-72ead42c8602,f6df0b45-6106-42d3-8c75-195d0ad4baee,mobile,3,1166.37,12.06,2025-08-15T13:51:20.962772
21523b44-1090-40f7-8f7f-d155e1fe5a93,a712e0dd-13e1-4baa-80c6-cd2b2204d7bb,ca3df109-0f94-4c65-bb50-5e247fa97614,web,5,1769.4,15.36,2025-11-24T13:51:20.962786
3d93116e-a184-42dd-b030-fa6217061a6c,a2db16fd-ba72-4f0b-9305-a8b470f9b0fa,28de6b67-c5da-4fd9-9ae6-64f199eb885d,store,3,914.94,4.62,2025-08-08T13:51:20.962799
b5ac96e8-6ec6-4e61-a7f3-d30853419c25,0f4e0175-34a6-491e-bf85-2bbc0c78acd4,542e404c-f975-45bf-b793-249b8d15665d,mobile,1,107.42,1.06,2026-02-24T13:51:20.962812
feea81da-ac63-4986-b431-891fc7e0fb47,13827467-0bd2-4e34-876c-8bb8ec7a0c88,ca3df109-0f94-4c65-bb50-5e247fa97614,store,1,353.88,12.09,2026-01-14T13:51:20.962825
ea6a9396-457c-483a-82cb-e75f20290424,e83d5e91-42bc-417b-be08-af280ea86d5d,08f682e0-0949-4d7f-9c1a-36bb48342221,mobile,3,646.65,1.93,2025-06-01T13:51:20.962838
bdc92f8f-c04d-465f-9aa9-df636ed89bc1,ccc80586-f348-4f03-85eb-7da4adedccb4,1791a541-fe39-430b-9626-a24acd85e08e,web,4,1086.88,5.87,2025-08-20T13:51:20.962851
b05523ab-e047-49d8-81b7-ffb4ced9a99e,675701f2-8821-48a1-b6cd-c7205873c1e2,ca3df109-0f94-4c65-bb50-5e247fa97614,mobile,5,1769.4,6.87,2025-12-03T13:51:20.962865
52e5b7e5-6fc8-434e-9560-baf993488133,6ca7f72e-570e-4750-8520-e4fb1d8434d1,168e2ef5-ab86-444e-ad38-6cbe82465e6a,web,5,450.3,19.81,2026-04-06T13:51:20.962878
80de78ac-0eb6-46f9-9ccb-fc432ffbbac6,c28076f1-629d-4e62-9dae-bd317892740b,28de6b67-c5da-4fd9-9ae6-64f199eb885d,store,4,1219.92,17.06,2025-08-28T13:51:20.962891
e30b554a-1787-454c-bae6-a28eda4926aa,e55e95ef-f1cb-40bc-bc2a-bed8e28fabad,7df8e284-e832-44a7-94ef-f17a4e5da9d6,web,1,89.69,11.13,2026-03-30T13:51:20.962904
22ba9466-1e80-4ae2-b7d4-7cceb72d6ea2,6ca7f72e-570e-4750-8520-e4fb1d8434d1,053f89ae-21b6-4267-baf4-f4be573d366f,store,2,142.3,2.69,2025-08-07T13:51:20.962918
877b18e8-183c-4614-8c38-8bb945b29807,0ecc2cc7-1475-4466-9e4c-529582c64e99,1308f602-c166-4cdc-868a-0b4938053d4d,mobile,4,129.76,13.5,2026-02-18T13:51:20.962932
1900b4b0-4dcb-4d4d-a377-e2f2b2622d31,658f0200-2d82-4370-88f0-570c233853ef,17c1c99f-c424-420e-8868-5ab21bafe8e5,store,5,711.3,9.52,2025-06-27T13:51:20.962945
6921eae6-36f8-4aa6-9887-063a7da6f93b,d4dc5799-8bb8-4688-96ac-4e344d8a351b,9c0e36b8-29dc-48d8-9869-8d952c29dbdb,store,5,1493.65,5.27,2026-03-18T13:51:20.962960
8fc7c82b-6c2c-42b4-abe0-03a4998a601c,4a9cb868-6695-4bf7-93f9-6f179ead9401,1308f602-c166-4cdc-868a-0b4938053d4d,store,5,162.2,15.33,2025-05-04T13:51:20.962974
46048d6f-539e-483d-bcf2-f00c58f7103c,5bf4583e-b845-45d7-884b-2881ba288b9d,905f2110-caca-46ad-b1fc-61c3fda110f1,mobile,1,48.6,0.9,2026-04-01T13:51:20.962988
61e18f38-851c-4acb-b89d-565de020606c,b0b5d801-ca6b-405b-820c-269c6367bf13,321b80eb-c6e9-42e0-a6f5-86598247acd3,web,3,878.67,15.3,2025-06-21T13:51:20.963006
b657faef-e9e3-4908-bc8a-1eb188d729a3,e126d0cb-6e82-4a85-b85f-f2678181bce6,457d9d38-588b-41ff-8c67-d7258b51a8e6,store,4,1665.6,6.9,2026-02-25T13:51:20.963031
ad1229f2-330e-46f1-80e7-9e841529f213,0179c606-5228-495f-bf48-438074367fba,e68cd9b3-0f66-4719-b9c8-10a5e0acfc32,mobile,3,1287.3,4.88,2026-03-18T13:51:20.963046
0aac0760-dfa6-4e6d-853c-29eb6cf6837f,a295cf72-e598-4850-963d-6023136619cc,053f89ae-21b6-4267-baf4-f4be573d366f,mobile,5,355.75,1.31,2026-03-03T13:51:20.963061
b31bdd8c-0dd1-4c12-83f9-87578c1cc86e,ac9e9fa2-9a9f-4abb-bf77-bce10aeed1be,28de6b67-c5da-4fd9-9ae6-64f199eb885d,web,3,914.94,10.77,2026-01-19T13:51:20.963074
99ff9147-8dac-48ba-99b3-86ee823b2c42,64fd2fb3-4de5-4dec-b89a-7ad24fb60fbf,7df8e284-e832-44a7-94ef-f17a4e5da9d6,mobile,4,358.76,18.03,2025-06-29T13:51:20.963088
993f91c3-01a7-4e0a-a1f9-820a53b7eecb,4978ccb0-1e80-4cf0-b90a-0a40f49394dc,cbf743b9-e903-4a26-825c-7bde33e1d82c,web,4,1493.4,19.72,2025-06-18T13:51:20.963101
3aec9fdd-a3d0-4559-9afe-86279d267f08,d0e41f6c-c8cb-4de6-86a7-55eb1edf917c,2341a1b6-ca76-4973-ad2e-4a906f9fd51d,mobile,4,470.4,1.95,2025-11-01T13:51:20.963114
c3d941c9-86ef-4982-af70-612775e4de89,358a9a69-4053-46f2-a165-b9bfb7aef8e6,08cb9e44-2170-4369-9ab2-a47e52847e6c,store,2,234.24,10.06,2025-10-25T13:51:20.963127
7072cb5b-6624-4d0b-a211-2687eb2ba484,cd7c00ee-783f-44f3-9c7f-80c043255ce5,457d9d38-588b-41ff-8c67-d7258b51a8e6,store,2,832.8,7.27,2025-06-05T13:51:20.963141
3bee679d-e902-47c9-ac3c-69714afcbe71,6301e89f-3cc4-42a0-8a28-abe0a1c9dfcf,ad1fb5ee-a91c-4991-9341-e395d2beecef,web,4,1408.32,16.81,2025-05-25T13:51:20.963162
dd7eb2f8-46ce-42bb-91a6-6e8bafd9207c,2bf20add-b53d-4ece-be51-331ebb53ad0c,56ad6e1f-0691-4acd-a3de-c8da072e3963,web,3,438.45,5.95,2025-12-01T13:51:20.963188
291115db-a3c7-4186-845d-a0384b1c4af6,51b8c361-d3b7-4bfc-a0c5-c15b2fc0a697,f6df0b45-6106-42d3-8c75-195d0ad4baee,mobile,2,777.58,19.16,2025-05-31T13:51:20.963202
920c07e2-a107-4c6e-8359-df846f77155a,c0f89555-5fe2-4ced-8b60-e35e96e39987,08cb9e44-2170-4369-9ab2-a47e52847e6c,store,5,585.6,1.35,2025-10-25T13:51:20.963218
07cd86ee-2860-4886-9359-655e54ad909d,efea988a-5ab4-4061-a010-1c03b054328b,1791a541-fe39-430b-9626-a24acd85e08e,web,4,1086.88,6.95,2025-09-09T13:51:20.963231
91a11df3-aed8-481e-a63a-4eba887a0391,ccc80586-f348-4f03-85eb-7da4adedccb4,053f89ae-21b6-4267-baf4-f4be573d366f,store,5,355.75,13.27,2025-11-13T13:51:20.963250
5304b72e-9474-4987-89d3-c8b300b111a6,de68630e-da9e-45bb-9038-1aeb89f735f1,ad1fb5ee-a91c-4991-9341-e395d2beecef,store,4,1408.32,12.5,2025-09-22T13:51:20.963284
f103caff-9b4e-4992-ac05-06047b8f1661,8290b56a-c317-4563-a6ed-d3324c017372,17c1c99f-c424-420e-8868-5ab21bafe8e5,mobile,2,284.52,14.07,2026-04-06T13:51:20.963312
f2114927-5372-4758-a3fd-347670749b82,01345167-d5c6-442f-9e36-7a5740ee4bcf,24665074-3a11-4fcf-82f7-1d50a0b2580f,web,5,1909.05,13.22,2025-08-03T13:51:20.963325
a65098a3-b5bf-4989-ac08-c29314d6e9b2,f5f484ec-b164-4ceb-bb25-b1a7bd322661,7df8e284-e832-44a7-94ef-f17a4e5da9d6,mobile,3,269.07,16.18,2025-05-24T13:51:20.963339
199ea3c0-3fff-4234-9b35-3a4d3a865abe,3f9dc824-91b5-4ab4-b84d-905a7500ef6d,e19c753d-318c-4edb-b565-fc406c99c72c,web,5,981.25,10.45,2025-05-30T13:51:20.963352
19436ad0-534d-40b0-a9a8-bba0c66b01a3,8de4ba42-f9cc-4561-9d63-a626e4997a50,7df8e284-e832-44a7-94ef-f17a4e5da9d6,web,2,179.38,14.93,2025-12-13T13:51:20.963366
796236cd-f861-4558-be2a-8730d3d0aa20,cd7c00ee-783f-44f3-9c7f-80c043255ce5,053f89ae-21b6-4267-baf4-f4be573d366f,store,4,284.6,17.2,2025-09-17T13:51:20.963379
a8330779-1098-4295-9bf4-657b7ac13a00,48186108-5140-477d-8d9c-59cf0f3db172,d5ee97fe-7203-4277-a432-29e8207ec8be,store,2,105.18,16.47,2025-09-16T13:51:20.963392
97b41adf-429b-42e0-8e43-8b9bcf1b15e4,325a16f2-810b-43e0-b3fa-e2d5e3c13093,9c0e36b8-29dc-48d8-9869-8d952c29dbdb,mobile,3,896.19,4.72,2025-04-29T13:51:20.963405
065b9a51-4aec-4f9b-9477-446900a200b0,124fdab2-2639-4150-91cf-625e1a170d06,28de6b67-c5da-4fd9-9ae6-64f199eb885d,web,2,609.96,4.91,2026-01-07T13:51:20.963418
7c4aec5b-77d5-498c-a80a-92ef5bdff4e5,d2161080-2dfc-445a-bdcb-7fc211b8280c,053f89ae-21b6-4267-baf4-f4be573d366f,mobile,4,284.6,19.83,2025-08-10T13:51:20.963431
cf2310d4-1d10-4876-ace8-ae1a9cc15838,48fb6021-8054-4fbb-8b47-87326c61c00b,944989d7-0474-4130-959f-c793bf62259e,store,2,238.72,2.73,2026-01-24T13:51:20.963444
9fff900d-05ec-427a-aa76-cf2641ae07bf,400b741d-0ca0-45d6-8523-573617fee653,a47d64f7-a098-44b9-8c64-05a8c978779f,mobile,5,1529.1,17.05,2026-01-15T13:51:20.963460
663ac1ac-bafc-4232-bae9-17c0cd76c223,47305be8-cd55-4cfd-9661-fe36f5f81ce5,ca3df109-0f94-4c65-bb50-5e247fa97614,web,1,353.88,6.28,2026-03-18T13:51:20.963475
758fb5dd-4246-435a-aa6f-4df27799e33b,c8bc6461-f15e-48de-b1ae-15a4fb815418,d5ee97fe-7203-4277-a432-29e8207ec8be,mobile,4,210.36,13.15,2025-10-11T13:51:20.963488
53930a3e-b75d-40d7-861c-a59c00b08e65,8ccd0f15-fc71-4c67-ad0e-2f8a0beac395,f6df0b45-6106-42d3-8c75-195d0ad4baee,web,2,777.58,11.42,2025-12-16T13:51:20.963502
08e04248-759e-496b-8ec5-70f6ec1591df,94b600f4-25f6-4f09-953a-1f6a8db7a88f,28de6b67-c5da-4fd9-9ae6-64f199eb885d,mobile,5,1524.9,18.99,2025-05-10T13:51:20.963530
53976588-8344-48a7-8ffe-875b7ccb649c,a92984c0-2022-4ff4-9915-d94264c7fd2a,1791a541-fe39-430b-9626-a24acd85e08e,web,3,815.16,4.76,2025-08-04T13:51:20.963556
eb4102ff-4a6e-4600-a24b-f180313389c0,d59d067c-81ef-43c0-8749-a85d38c15ba1,905f2110-caca-46ad-b1fc-61c3fda110f1,mobile,3,145.8,7.8,2025-06-20T13:51:20.963571
763592a8-4bb7-4b9e-a5ec-3b329db099cf,660774c2-3e9a-4fb9-8a1d-efc23461f660,bff07f43-24a8-4d20-b9e9-6cac1ecce307,web,4,240.28,2.14,2025-12-25T13:51:20.963584
a7b11978-46b3-43ec-b66b-d0e679e4ce4a,b99c3e55-f199-4dc5-b146-d6358e2b84b5,a47d64f7-a098-44b9-8c64-05a8c978779f,store,4,1223.28,17.26,2025-09-18T13:51:20.963608
bbc86d22-f881-47b9-b84c-bf8a1c77b5e2,f4898991-6e86-4b9c-a7fe-2cff54efe3ea,ca3df109-0f94-4c65-bb50-5e247fa97614,mobile,5,1769.4,18.97,2025-10-06T13:51:20.963638
db646c58-15bb-4808-967c-c18767faefa5,68fcba4b-67dc-40a5-b324-7628db4cddbb,168e2ef5-ab86-444e-ad38-6cbe82465e6a,mobile,4,360.24,4.93,2025-08-15T13:51:20.963669
a9ba799c-9408-4519-8362-59fd64e331ad,ece47cd8-cb49-4524-9386-ce6691914b6e,08f682e0-0949-4d7f-9c1a-36bb48342221,mobile,3,646.65,7.35,2025-08-15T13:51:20.963697
0e849755-fee1-4fa2-8df8-a091a258d5d0,0cfd5607-d58f-4d81-9835-b178d717b015,cbf743b9-e903-4a26-825c-7bde33e1d82c,mobile,5,1866.75,13.24,2026-03-29T13:51:20.963712
115403ad-c43f-474f-b909-0e66315f1e91,01b0c61b-4ff2-4653-a90f-f2336d2cab3a,69b6bb4a-cfaa-4878-91ae-e146f31c1955,mobile,2,683.14,7.69,2025-12-07T13:51:20.963725
d97ae3e5-3628-45fb-a59f-10b932143e2d,a8448f61-5b18-4c98-82b9-083ed705ce61,321b80eb-c6e9-42e0-a6f5-86598247acd3,web,1,292.89,17.15,2025-07-16T13:51:20.963738
a6e6d243-76f3-48bc-9004-1823617f419b,d6ffbccc-f1ed-4c8d-bc34-01a57153c74b,79634690-8c5c-4240-8205-82b10c85c886,store,4,1293.24,1.81,2025-12-06T13:51:20.963751
e4fa86a5-b629-4f21-9e47-69133052b28e,f5f484ec-b164-4ceb-bb25-b1a7bd322661,bff07f43-24a8-4d20-b9e9-6cac1ecce307,web,3,180.21,18.32,2025-12-29T13:51:20.963764
ff2ff550-e314-40fb-be2b-c391a12337f1,c1207f04-88b4-4471-845c-87ac01dd5ff3,905f2110-caca-46ad-b1fc-61c3fda110f1,store,4,194.4,17.33,2026-03-29T13:51:20.963777
894d9169-6f50-4c06-8ba2-95e7a25d235d,f5f484ec-b164-4ceb-bb25-b1a7bd322661,ca3df109-0f94-4c65-bb50-5e247fa97614,store,4,1415.52,14.35,2025-09-16T13:51:20.963790
40a9df52-bbc8-43a0-b7d2-8f61ed342b8f,cfe0b1a7-cd03-4d1e-93b0-3bbdd16f6a23,08cb9e44-2170-4369-9ab2-a47e52847e6c,store,2,234.24,10.13,2025-04-23T13:51:20.963803
b6959d68-43de-46f5-a887-1f819446d941,964b7af0-f945-4a93-a040-a1f71aed720f,e68cd9b3-0f66-4719-b9c8-10a5e0acfc32,mobile,5,2145.5,6.54,2025-07-09T13:51:20.963816
06fd6ccd-b88d-4667-93bb-da6bf32eb27c,608deb86-6661-4f77-bb41-aecc5e51f64a,cbf743b9-e903-4a26-825c-7bde33e1d82c,mobile,1,373.35,3.67,2025-05-22T13:51:20.963829
bd3fc997-f053-45b8-8283-3cab99b1e419,8c0729b0-bedb-4edf-a078-95151b63f71e,542e404c-f975-45bf-b793-249b8d15665d,web,1,107.42,12.57,2025-09-22T13:51:20.963842
3c62d12f-bb79-41d9-adc8-3bb2d703003d,de68630e-da9e-45bb-9038-1aeb89f735f1,2341a1b6-ca76-4973-ad2e-4a906f9fd51d,web,1,117.6,4.99,2026-02-18T13:51:20.963856
79405751-d47a-47f6-bf59-eb477854638e,63c5d37e-dcd5-4139-8a69-7e16620a0f45,542e404c-f975-45bf-b793-249b8d15665d,store,5,537.1,15.85,2025-04-29T13:51:20.963870
4711b4c8-69c1-4a09-b386-17d40ac203c1,b6bae32c-417a-4606-ab1f-a80de57064d7,f1f6542b-4b3f-4e65-8d9a-766c8d57ad72,store,4,1285.92,3.47,2026-02-06T13:51:20.963883
660f1cf4-a6a3-4bba-b3c2-4b4ef082bb2c,8c0ec5af-151e-4280-ab18-606cae2ad64a,905f2110-caca-46ad-b1fc-61c3fda110f1,web,3,145.8,8.29,2026-01-04T13:51:20.963900
f261c355-fc6d-42bb-a544-0c894a5b31dc,ea4f8aeb-9ef4-46ca-953e-5e309b9171ca,f6df0b45-6106-42d3-8c75-195d0ad4baee,web,4,1555.16,0.41,2025-06-27T13:51:20.963915
b37bf58f-31f1-48d2-8106-dcf661cbd4dd,3a04faf9-10f8-4f16-b97b-8dccde77a777,17c1c99f-c424-420e-8868-5ab21bafe8e5,web,5,711.3,18.14,2025-05-30T13:51:20.963929
c6af5351-7de3-436d-8a6d-e6b48dcdf955,370e7bb7-6236-43ce-95ca-1a960f6b7194,7df8e284-e832-44a7-94ef-f17a4e5da9d6,mobile,2,179.38,17.04,2025-12-02T13:51:20.963942
abc51b92-90ab-4893-9239-e0ee9e4bdcdb,03e7d570-d942-42d5-972f-7ff8aca4fe7e,f6df0b45-6106-42d3-8c75-195d0ad4baee,mobile,5,1943.95,5.2,2025-09-08T13:51:20.963956
60cac551-c409-4fa4-b328-63f62eb7c06e,c2dc8b95-1cde-4bed-a268-3df956803335,321b80eb-c6e9-42e0-a6f5-86598247acd3,web,2,585.78,0.28,2025-06-29T13:51:20.963969
5ddddb64-979d-4a9a-86eb-c830ee38633c,4c7f58a8-13fa-4e51-9b68-67a6d7e2f59e,e19c753d-318c-4edb-b565-fc406c99c72c,store,4,785.0,2.37,2025-05-06T13:51:20.963982
9de57be1-462b-4ec5-9770-60ec05ac5a73,63c5d37e-dcd5-4139-8a69-7e16620a0f45,56ad6e1f-0691-4acd-a3de-c8da072e3963,store,2,292.3,14.93,2025-11-30T13:51:20.963999
65d84bbd-330a-45bb-b008-a982643953ce,8040cbdd-63a5-4643-98aa-2a7670be6024,542e404c-f975-45bf-b793-249b8d15665d,mobile,4,429.68,4.31,2025-12-31T13:51:20.964022
6fd898b8-52d8-4c33-8ec8-b00ae28d0163,f5f484ec-b164-4ceb-bb25-b1a7bd322661,a0de6626-305c-473f-946f-bec5e72fa2b2,web,2,735.12,8.17,2025-09-13T13:51:20.964036
c5266a8a-966f-4694-ba83-8a80bf2d00ee,ed724f87-0665-460b-a58e-8e84c942f5a5,cbf743b9-e903-4a26-825c-7bde33e1d82c,web,3,1120.05,12.35,2025-12-02T13:51:20.964049
9d2c39a1-4b47-4b25-aed4-9564b9b86054,57e6db98-be89-47c5-87f3-a3ff20643236,bff07f43-24a8-4d20-b9e9-6cac1ecce307,mobile,3,180.21,12.94,2025-06-21T13:51:20.964065
796a707b-e13a-49e1-9f2f-11b51da5a779,ae5fe4b9-a9aa-4f59-b42b-46e5f2468402,79634690-8c5c-4240-8205-82b10c85c886,store,4,1293.24,19.49,2026-02-06T13:51:20.964078
0fc431a4-98be-47c8-ab15-7aa49b11ee8b,617476de-8ec5-4f6e-860d-7c8277a7c4b1,56ad6e1f-0691-4acd-a3de-c8da072e3963,store,4,584.6,14.72,2025-04-18T13:51:20.964098
b914b4e8-ec34-4fda-99eb-fcd218c6866c,213cdff4-524e-4003-8867-9e89d1f540f2,d5ee97fe-7203-4277-a432-29e8207ec8be,web,1,52.59,1.04,2025-07-04T13:51:20.964111
ea0944ca-52ce-4bf1-9165-18e1ec4157b7,a92984c0-2022-4ff4-9915-d94264c7fd2a,bff07f43-24a8-4d20-b9e9-6cac1ecce307,mobile,4,240.28,18.79,2025-10-16T13:51:20.964125
34e5f6a7-282e-455e-bb39-53c224d4b5b1,5f9a2f01-073f-4576-a173-61c06b068554,944989d7-0474-4130-959f-c793bf62259e,mobile,1,119.36,12.39,2025-12-07T13:51:20.964137
ae65e141-2759-4fb2-ac63-058a843cf0e8,26c7cb26-7ff0-42e0-be22-ca8bac43dfda,f6df0b45-6106-42d3-8c75-195d0ad4baee,mobile,3,1166.37,0.82,2026-02-07T13:51:20.964152
c9c06ee0-7257-46e8-bfbe-9bbc30ca2007,327977bd-0cc0-4e37-a898-be7b1668b132,11d7b21d-825c-442e-8c20-a64d4de4dd3c,store,2,114.76,18.61,2025-08-01T13:51:20.964166
b0d31e96-c657-4d0d-88a1-2cb06135fa4e,c1fdb530-3f98-4f58-aebf-d3d9e2463e57,7df8e284-e832-44a7-94ef-f17a4e5da9d6,store,2,179.38,14.21,2026-03-01T13:51:20.964179
858894b4-9a61-4f82-ba06-67443a76806a,d644d7f1-f084-4ec8-a9ef-a0f40649a17b,08f682e0-0949-4d7f-9c1a-36bb48342221,store,3,646.65,0.88,2026-02-15T13:51:20.964193
2391b7be-a25f-41fc-a47d-a239868c84e6,28bda88c-ec35-4327-97b4-3646020d3493,ca3df109-0f94-4c65-bb50-5e247fa97614,store,3,1061.64,5.66,2025-10-13T13:51:20.964210
887c32d5-c0ee-4fc7-8247-26220b911c53,cfe0b1a7-cd03-4d1e-93b0-3bbdd16f6a23,11d7b21d-825c-442e-8c20-a64d4de4dd3c,mobile,5,286.9,6.26,2025-12-01T13:51:20.964223
c0920661-ac7e-4228-8136-52b8fe3402fe,980e4b8c-94c3-4334-bcf6-5106b7ec56c1,9c0e36b8-29dc-48d8-9869-8d952c29dbdb,web,3,896.19,11.11,2025-08-07T13:51:20.964239
a0399c17-afb2-4664-bf85-78873a93ac08,e8beb2cc-e5de-472d-ba2a-d4017bef1f66,f1f6542b-4b3f-4e65-8d9a-766c8d57ad72,web,1,321.48,1.09,2026-01-09T13:51:20.964258
3fde9ccb-3a40-47f5-ada2-35f530ad7d5e,ea4f8aeb-9ef4-46ca-953e-5e309b9171ca,944989d7-0474-4130-959f-c793bf62259e,web,4,477.44,14.12,2025-12-03T13:51:20.964289
388d4864-c787-43b7-bac4-eb1bc19a082a,6301e89f-3cc4-42a0-8a28-abe0a1c9dfcf,28de6b67-c5da-4fd9-9ae6-64f199eb885d,store,4,1219.92,7.13,2026-03-26T13:51:20.964306
5ef7e4e6-4bc6-4e0a-9c5e-1924507b7e23,0a9d7983-6f35-4787-b27b-e0aca049aff4,17c1c99f-c424-420e-8868-5ab21bafe8e5,store,4,569.04,2.25,2025-08-24T13:51:20.964321
c72eb77c-87c7-449c-8738-350c1c8063e3,de09c21b-2790-4f59-98f6-c678497d35f8,08f682e0-0949-4d7f-9c1a-36bb48342221,web,1,215.55,4.07,2025-10-19T13:51:20.964340
5e235a54-db2f-4a67-aae9-230fc543ef12,5bf4583e-b845-45d7-884b-2881ba288b9d,24665074-3a11-4fcf-82f7-1d50a0b2580f,store,2,763.62,11.26,2025-07-29T13:51:20.964372
74b1d8f7-2f08-45ac-a6ae-012489894374,66008cc3-2699-4807-9a2a-082a6a036e54,56ad6e1f-0691-4acd-a3de-c8da072e3963,mobile,5,730.75,15.34,2026-04-13T13:51:20.964396
0a197bf0-fec3-470f-a23e-1b9090facf6d,1ad0c269-9ca7-41f3-92b2-3f548e7fa43c,e68cd9b3-0f66-4719-b9c8-10a5e0acfc32,store,1,429.1,13.54,2025-12-10T13:51:20.964411
bdb96482-9943-4a36-914d-2acf4a6dbdfd,6599b145-76bf-4688-84ea-5549a07fc0b1,457d9d38-588b-41ff-8c67-d7258b51a8e6,mobile,1,416.4,19.63,2025-11-21T13:51:20.964425
4ac7777d-4e4c-440c-a585-82cb43c8a681,d59d067c-81ef-43c0-8749-a85d38c15ba1,f6df0b45-6106-42d3-8c75-195d0ad4baee,web,3,1166.37,16.74,2025-06-17T13:51:20.964438
22daacfb-8cc7-4757-adc2-537f53e7ed02,c852846f-39ad-4f90-a373-f27b686cbd6b,cbf743b9-e903-4a26-825c-7bde33e1d82c,mobile,1,373.35,13.19,2025-08-23T13:51:20.964451
4182dec3-c647-423f-a638-7bf228bd670e,8290b56a-c317-4563-a6ed-d3324c017372,a47d64f7-a098-44b9-8c64-05a8c978779f,web,5,1529.1,6.59,2025-05-14T13:51:20.964464
2aac3f52-0243-424a-abe0-2a05cf94dcbe,1bf5ec6f-1fb7-41ba-8561-83bd4b958e3f,f1f6542b-4b3f-4e65-8d9a-766c8d57ad72,web,3,964.44,4.23,2025-06-28T13:51:20.964478
a9c2a0dc-7191-4419-bb13-5767ec9b30ff,bbf4fb26-a349-4c99-9c94-8531baf2a4e2,a0de6626-305c-473f-946f-bec5e72fa2b2,mobile,3,1102.68,1.41,2026-03-18T13:51:20.964491
eae3111d-55da-479c-8d39-f4b84e223e8d,67da80eb-8c00-4328-9bd2-9b409e254a97,1308f602-c166-4cdc-868a-0b4938053d4d,store,1,32.44,3.56,2025-09-23T13:51:20.964505
c8640197-56b3-4fea-b41f-26a5493d58ef,b664366b-7c09-4ec4-aa85-c5b623eb61f3,f6df0b45-6106-42d3-8c75-195d0ad4baee,web,1,388.79,3.26,2026-04-05T13:51:20.964535
0ceb4175-a756-440d-9e34-a5a272f4db06,3aa173fb-07c2-4854-8619-e70a310930dd,f6df0b45-6106-42d3-8c75-195d0ad4baee,mobile,3,1166.37,3.08,2025-05-19T13:51:20.964567
a7580668-bbd3-4df8-9df9-2d09f6428dbb,c8bc6461-f15e-48de-b1ae-15a4fb815418,ca3df109-0f94-4c65-bb50-5e247fa97614,mobile,4,1415.52,12.07,2025-11-08T13:51:20.964586
faa22ec1-4152-4951-8ed2-b802b4354e1d,181f6def-75b2-4650-8010-6b2d2c405278,08cb9e44-2170-4369-9ab2-a47e52847e6c,web,3,351.36,9.79,2025-07-27T13:51:20.964606
e0c6ce15-96e5-4b15-aaba-2060b2d435d3,2ad030d1-08d6-45dc-9145-6bb5dbf72900,1308f602-c166-4cdc-868a-0b4938053d4d,mobile,4,129.76,12.01,2025-11-29T13:51:20.964624
f2a1d2e1-2f1a-46d6-b7e3-6eaee0cf1285,8ccd0f15-fc71-4c67-ad0e-2f8a0beac395,e19c753d-318c-4edb-b565-fc406c99c72c,web,3,588.75,8.68,2025-06-05T13:51:20.964637
b777db0f-55e9-4b41-94b1-14b843c9834c,5a07bc88-ff0b-4476-965f-f4c8d2922d97,1890b36f-a137-41e5-b5ed-1d9d565c4bd0,store,1,25.56,19.47,2025-07-27T13:51:20.964650
f465e1e0-9058-4939-96ea-6eeb0151169f,d6de87d1-6cf1-400d-8b1d-d8af4573a316,6eae25b5-bfd1-445a-b0d8-86e5ef9604a3,mobile,2,958.04,12.59,2025-08-05T13:51:20.964664
fba91076-1681-42a1-818b-c8a88335b5eb,5034622a-2469-4dba-9e13-706f0eafd0c5,1890b36f-a137-41e5-b5ed-1d9d565c4bd0,store,3,76.68,1.58,2025-08-19T13:51:20.964677
4f8d067d-43a0-4299-bf92-89031bd6f18f,efea988a-5ab4-4061-a010-1c03b054328b,0e9c5cdb-187a-4121-93cd-cd24adc53bc4,web,3,337.95,13.69,2026-01-29T13:51:20.964691
27d54347-7c33-4180-8813-2102a81f41fb,eeba25c3-bc51-40f2-ad4f-d841787e2823,bff07f43-24a8-4d20-b9e9-6cac1ecce307,store,5,300.35,11.37,2025-09-09T13:51:20.964706
02fa950e-9afa-49e4-be26-db2b58106f64,2265ad7d-6f3d-45e9-99ad-c1533863d3ba,d5ee97fe-7203-4277-a432-29e8207ec8be,web,1,52.59,10.21,2025-07-27T13:51:20.964726
e3a507f8-18c9-4feb-8bd2-81eac3e33338,029bb607-5a35-4265-a4d3-cf749e6ea3f3,08cb9e44-2170-4369-9ab2-a47e52847e6c,mobile,4,468.48,11.37,2025-05-12T13:51:20.964761
c161d249-459b-47f0-8f6c-70f474217627,caf9ba8e-9dd9-4b84-8f45-aaf06185a794,6c37ac7c-22fb-489b-9e12-ba964446997b,web,3,1331.58,15.37,2025-06-20T13:51:20.964793
ca9966ba-1339-4a66-992e-adff2306a4d1,3cae7953-c156-471c-9a5f-92f3526f83e4,28de6b67-c5da-4fd9-9ae6-64f199eb885d,web,4,1219.92,16.86,2026-01-14T13:51:20.964819
3cba754e-7842-43c5-9537-edcbf9481ae4,eeece404-f5ee-44d3-8c8e-509650cb644a,1890b36f-a137-41e5-b5ed-1d9d565c4bd0,store,4,102.24,6.28,2025-04-20T13:51:20.964833
7b8e6637-0ee0-400d-b348-d052e3a8906c,739dee87-b56f-4b08-a7f9-6c85d6818fe3,7df8e284-e832-44a7-94ef-f17a4e5da9d6,store,4,358.76,6.83,2025-05-31T13:51:20.964848
cd3edc29-282a-4d15-a531-36303c91ebf2,d44fe8d0-8697-478a-b561-5412b92c3cdd,24665074-3a11-4fcf-82f7-1d50a0b2580f,web,2,763.62,14.94,2026-01-11T13:51:20.964862
5263e730-5f4b-4dc2-ac8f-e314695fd478,302fe327-d775-409b-8012-a97df34b403d,11d7b21d-825c-442e-8c20-a64d4de4dd3c,mobile,1,57.38,0.36,2025-09-05T13:51:20.964876
b8b59b68-86d1-4170-b54d-b8a01e54338d,643e9ab7-7f06-4631-b966-7cdf4dff8ad3,28de6b67-c5da-4fd9-9ae6-64f199eb885d,mobile,1,304.98,9.54,2026-01-18T13:51:20.964889
2fc9ad68-2900-43fe-9b46-03f284c7448c,abb09602-3d21-4475-9c51-63cd8e7fa013,f6df0b45-6106-42d3-8c75-195d0ad4baee,store,5,1943.95,12.37,2025-08-09T13:51:20.964903
a9c99e73-9a45-40b9-b345-657015226309,370e7bb7-6236-43ce-95ca-1a960f6b7194,321b80eb-c6e9-42e0-a6f5-86598247acd3,web,4,1171.56,2.5,2025-11-12T13:51:20.964921
e7b7ab46-3ca6-4140-85ee-c064037e114e,b9accf07-4584-4144-9b58-f58271dc0b61,ad1fb5ee-a91c-4991-9341-e395d2beecef,mobile,1,352.08,19.41,2026-04-07T13:51:20.964935
8af58b3e-d66f-4f7e-b770-b06b83373e56,9a58294d-b1d7-464a-a310-45a0eccb0b17,cbf743b9-e903-4a26-825c-7bde33e1d82c,mobile,2,746.7,2.9,2025-08-12T13:51:20.964947
26a5121d-8445-4c5e-b935-8730a3f18c76,10c5aaaa-16e0-442a-b44c-907f6d455a23,e19c753d-318c-4edb-b565-fc406c99c72c,web,5,981.25,6.02,2026-01-08T13:51:20.964961
367a6123-1d19-42cb-af3c-a9be38c19198,9d57b2f2-8959-4ba6-a225-7aae14a7ca35,08f682e0-0949-4d7f-9c1a-36bb48342221,web,4,862.2,2.33,2025-09-11T13:51:20.964974
69db837e-58b3-482e-b157-099747d8e674,98847063-7710-4c83-929c-e743a391e78c,08f682e0-0949-4d7f-9c1a-36bb48342221,store,4,862.2,0.39,2025-08-10T13:51:20.964987
1a0df6cd-0fbd-485b-b38d-a36c3ebc0482,1730f2ee-7c94-409e-87b9-9e4384fc7de1,bff07f43-24a8-4d20-b9e9-6cac1ecce307,mobile,2,120.14,16.59,2025-11-16T13:51:20.965005
b87f1f40-bdb4-4f15-b870-f44399745039,6b1fe901-5849-41af-9f5a-20e3dd30b27e,69b6bb4a-cfaa-4878-91ae-e146f31c1955,web,3,1024.71,12.61,2026-04-11T13:51:20.965020
0a371722-281d-4a5a-b0f4-f518a913a199,63c5d37e-dcd5-4139-8a69-7e16620a0f45,e19c753d-318c-4edb-b565-fc406c99c72c,mobile,4,785.0,11.57,2025-08-05T13:51:20.965033
395916bb-0ea4-4d1c-af5b-677d913c2e75,6a7d4a2f-a923-4761-be81-fe7f573a5848,17c1c99f-c424-420e-8868-5ab21bafe8e5,store,3,426.78,7.99,2026-03-28T13:51:20.965064
6026f19c-d4e0-4349-8139-465322c1529a,cc6dc755-3bcc-4846-adc8-a43fc84f193c,ca3df109-0f94-4c65-bb50-5e247fa97614,web,2,707.76,10.57,2025-04-15T13:51:20.965078
17330944-a024-4451-ad3f-acc93e1bd0df,48fb6021-8054-4fbb-8b47-87326c61c00b,2341a1b6-ca76-4973-ad2e-4a906f9fd51d,web,3,352.8,5.36,2025-07-06T13:51:20.965092
d177e27e-e274-4571-a909-3b994e08b664,8d828bfe-e76a-4489-8c2c-8660db2e545a,e68cd9b3-0f66-4719-b9c8-10a5e0acfc32,store,4,1716.4,12.45,2026-02-15T13:51:20.965106
874ffc2d-8370-4526-a0ce-db0f44df7d90,325a16f2-810b-43e0-b3fa-e2d5e3c13093,6c37ac7c-22fb-489b-9e12-ba964446997b,store,4,1775.44,0.42,2025-04-23T13:51:20.965119
b9dec385-714b-478d-be09-c8bd915ebdf4,5b57c74e-573c-4427-abd3-d81ce726c936,ad1fb5ee-a91c-4991-9341-e395d2beecef,store,4,1408.32,4.64,2025-10-21T13:51:20.965135
1c51001d-62de-4e8d-8dc3-b9d620e2cfa5,0728b6c8-7eab-48c3-a4e0-0f8f8dbf95f8,457d9d38-588b-41ff-8c67-d7258b51a8e6,store,5,2082.0,2.62,2025-05-14T13:51:20.965150
73b3fbce-023f-42ac-ad94-15196595b2e3,89d1cd9f-53a3-4cb9-8d4c-783ca398d230,1308f602-c166-4cdc-868a-0b4938053d4d,mobile,4,129.76,14.69,2025-05-06T13:51:20.965166
89f0c84d-be8b-46c6-80be-fc9ac93ba84e,2389a3ab-c7d9-4780-ab1f-1c558d6f7d54,0e9c5cdb-187a-4121-93cd-cd24adc53bc4,web,2,225.3,5.65,2025-06-01T13:51:20.965181
5831fbf2-1106-4cdc-8d1b-bb1f7b589706,660774c2-3e9a-4fb9-8a1d-efc23461f660,1890b36f-a137-41e5-b5ed-1d9d565c4bd0,web,4,102.24,3.99,2026-02-08T13:51:20.965195
d20edddd-1b50-4704-8001-c3ebb1e4b533,6e1cf5e7-7914-4d62-b2b0-b64a0772ac65,ca3df109-0f94-4c65-bb50-5e247fa97614,store,1,353.88,6.07,2025-09-15T13:51:20.965213
7696db64-cd4f-45c1-9992-15e63e9c1c17,94d0b5a3-a86a-4abe-816b-c62b05ebe72f,17c1c99f-c424-420e-8868-5ab21bafe8e5,store,1,142.26,17.62,2026-04-06T13:51:20.965227
c5596d9a-8957-4362-aa78-314bd544dea8,0179c606-5228-495f-bf48-438074367fba,9c0e36b8-29dc-48d8-9869-8d952c29dbdb,web,2,597.46,16.14,2025-08-01T13:51:20.965240
d59023e5-2e14-4537-97a5-066c8004a74f,897ea419-5205-4856-81b1-ab4a07c658a1,e19c753d-318c-4edb-b565-fc406c99c72c,web,1,196.25,2.41,2025-06-03T13:51:20.965257
0ccd23b0-4aac-44ad-92ae-70a181906f53,71ed938f-c557-407e-b2c5-6db5e002ec6c,ca3df109-0f94-4c65-bb50-5e247fa97614,store,3,1061.64,15.39,2025-10-23T13:51:20.965271
1d3e0e74-4bda-4c3c-912d-bd630aba5af4,80a6b929-e1f9-4b9b-b8ea-5c1b93b29273,17c1c99f-c424-420e-8868-5ab21bafe8e5,mobile,3,426.78,17.47,2026-01-28T13:51:20.965285
24644013-55ac-450b-bb41-5977c6eb9167,302fe327-d775-409b-8012-a97df34b403d,08cb9e44-2170-4369-9ab2-a47e52847e6c,store,1,117.12,19.25,2025-09-03T13:51:20.965298
94333991-3bd4-4236-a95d-0fe5081fe10f,b1eda297-b5e3-4a00-a11a-293f57da976d,28de6b67-c5da-4fd9-9ae6-64f199eb885d,mobile,1,304.98,15.64,2025-06-07T13:51:20.965313
ff2bc582-511b-4573-b81c-d5edf9303bf3,1ad8fec9-6f2f-465b-85b5-6d9a98406fce,08cb9e44-2170-4369-9ab2-a47e52847e6c,mobile,5,585.6,2.11,2026-03-25T13:51:20.965332
d7458dbd-2b51-4687-8644-85f0f2bcc8c4,71dd238d-4040-4247-9b73-eff211153a97,28de6b67-c5da-4fd9-9ae6-64f199eb885d,web,2,609.96,14.57,2025-10-12T13:51:20.965362
845e0e83-3fcf-4e2b-acad-6da1d98be320,255cee46-53c9-4156-a455-fc71aaeb939f,f1f6542b-4b3f-4e65-8d9a-766c8d57ad72,mobile,5,1607.4,17.41,2025-08-03T13:51:20.965377
fd3376ca-fd37-4d08-a7a3-cf314a0f6f31,c852846f-39ad-4f90-a373-f27b686cbd6b,321b80eb-c6e9-42e0-a6f5-86598247acd3,web,3,878.67,16.97,2026-02-04T13:51:20.965390
4faaf4e5-3c69-4c26-8ac6-d525cfa47677,71dd2652-ac88-488d-9869-d71b4a955866,e68cd9b3-0f66-4719-b9c8-10a5e0acfc32,store,1,429.1,6.83,2025-12-11T13:51:20.965406
d9e186e1-ca0a-415d-92c8-59b6c8dd6e07,7fc349aa-f17a-4f08-9eec-fab40d4f299b,9c0e36b8-29dc-48d8-9869-8d952c29dbdb,store,1,298.73,14.3,2025-11-30T13:51:20.965427
2643f340-8275-4c5f-9c8f-55f4219de61d,dc912c17-7525-4588-998c-505710c01b09,321b80eb-c6e9-42e0-a6f5-86598247acd3,mobile,2,585.78,8.43,2026-01-28T13:51:20.965456
bc6202fe-f00f-43c8-a57f-3380c4d4299a,ff3bc83f-7267-4530-ae44-86792304c864,542e404c-f975-45bf-b793-249b8d15665d,store,4,429.68,17.96,2025-09-16T13:51:20.965470
edbda7cf-ae52-4173-b3c0-12476349bac4,67da80eb-8c00-4328-9bd2-9b409e254a97,1791a541-fe39-430b-9626-a24acd85e08e,store,3,815.16,2.91,2026-03-31T13:51:20.965484
6aefe315-4c81-4da7-92b3-bfc7f343649f,540330b2-5f16-49dc-872a-7e8b69278d22,1791a541-fe39-430b-9626-a24acd85e08e,store,1,271.72,6.3,2026-03-03T13:51:20.965497
060d8e96-f4a0-4007-88c6-8063cbc2ca5f,72383042-728e-4d20-b0bc-201a92009198,9c0e36b8-29dc-48d8-9869-8d952c29dbdb,store,4,1194.92,15.18,2026-03-15T13:51:20.965520
7f7dd879-c801-45f0-9c50-2e2becd6fcb5,cb79bd3b-830a-4465-b220-93a205d659c7,08f682e0-0949-4d7f-9c1a-36bb48342221,mobile,5,1077.75,19.6,2026-03-17T13:51:20.965547
eaf11c5f-173f-43aa-89df-82963a29fa71,0d2f63ba-8ff2-4772-8251-bd07c040e63e,1791a541-fe39-430b-9626-a24acd85e08e,store,3,815.16,17.72,2025-09-13T13:51:20.965580
02b34bdb-533d-4f43-9eb2-385ce2a3af48,e08005e5-7c2d-4d4a-b8b0-0dfdef1cc73d,17c1c99f-c424-420e-8868-5ab21bafe8e5,store,3,426.78,0.16,2025-11-06T13:51:20.965603
d59e50a9-cc76-42b0-a0ef-ba7f76a123bc,e28f4770-6966-405d-a263-775367525a66,1791a541-fe39-430b-9626-a24acd85e08e,mobile,5,1358.6,8.08,2026-01-30T13:51:20.965618
6740d7e0-1275-44a7-8b48-d379f169d063,def31f26-998a-4ab5-805e-1a02aac4ed26,56ad6e1f-0691-4acd-a3de-c8da072e3963,mobile,5,730.75,13.04,2025-05-31T13:51:20.965634
1d68fc31-f738-4f76-a02c-d06620899fc0,80bb3786-c8a8-42d8-9893-287ac213c975,6c37ac7c-22fb-489b-9e12-ba964446997b,store,4,1775.44,1.69,2026-01-04T13:51:20.965648
1000517a-0488-4073-9bf7-c7c9f820dcd5,c93f2cd4-13a8-4f0f-8d1a-8854990eb1b2,457d9d38-588b-41ff-8c67-d7258b51a8e6,mobile,4,1665.6,19.84,2026-02-10T13:51:20.965661
bfcee5dd-055d-4ee8-b5f7-38794b82d816,5bf4583e-b845-45d7-884b-2881ba288b9d,56ad6e1f-0691-4acd-a3de-c8da072e3963,mobile,1,146.15,6.25,2025-07-28T13:51:20.965675
c61f27ba-c7f5-4ee2-88ca-82824d85f883,6fe8c4f8-6f02-4706-b398-6c3d0653b820,9c0e36b8-29dc-48d8-9869-8d952c29dbdb,mobile,1,298.73,11.85,2026-04-01T13:51:20.965688
978083c9-958a-4470-93ca-4bd3fe97ab5e,10c5aaaa-16e0-442a-b44c-907f6d455a23,053f89ae-21b6-4267-baf4-f4be573d366f,web,4,284.6,14.64,2025-07-31T13:51:20.965701
93ba5729-71a7-45bd-8941-f9bf711375a2,539ff2c6-6954-426f-8aac-ef6ce054bfab,321b80eb-c6e9-42e0-a6f5-86598247acd3,mobile,3,878.67,7.09,2025-05-29T13:51:20.965714
48c9029c-17f8-4cb8-ad7e-9b367619a279,bbf4fb26-a349-4c99-9c94-8531baf2a4e2,28de6b67-c5da-4fd9-9ae6-64f199eb885d,mobile,4,1219.92,14.74,2025-11-14T13:51:20.965727
b17f2d73-1505-4756-b3d7-ef69541b701c,8290b56a-c317-4563-a6ed-d3324c017372,457d9d38-588b-41ff-8c67-d7258b51a8e6,mobile,2,832.8,14.29,2025-06-22T13:51:20.965741
18f9101b-b596-47de-a4a8-0ef1ad0d36b2,952d7f9c-eec2-4cfe-9a22-d67b2438dd4f,168e2ef5-ab86-444e-ad38-6cbe82465e6a,store,5,450.3,5.98,2025-12-17T13:51:20.965755
99637d92-520a-4fdf-93d6-dec3c87aec4d,268931fe-8542-4672-96bb-6177eaab9ebb,2341a1b6-ca76-4973-ad2e-4a906f9fd51d,store,2,235.2,10.39,2025-04-15T13:51:20.965768
32653f8a-a79c-480f-a993-84ecdc3111e0,fd6dddea-61e9-40b1-9ccc-6fa3d1499f25,08cb9e44-2170-4369-9ab2-a47e52847e6c,mobile,3,351.36,3.85,2025-07-25T13:51:20.965782
01643b5d-dd3c-45dc-b7a6-a6d9b45999dd,fc1c2ec0-aa0e-4069-8b6b-9fa8c982a54c,321b80eb-c6e9-42e0-a6f5-86598247acd3,web,4,1171.56,14.23,2026-02-24T13:51:20.965805
6372a81d-f0fa-41c2-97d9-f6fc551b432e,d34b6e61-d1a7-4387-9cfb-0e7ab4e5d294,e68cd9b3-0f66-4719-b9c8-10a5e0acfc32,web,1,429.1,8.5,2026-02-27T13:51:20.965834
c87e9065-d143-4a90-ac25-0ab381f9ac8b,7a2b8734-d2fd-4488-8ef5-30d4b8a2d73e,0e9c5cdb-187a-4121-93cd-cd24adc53bc4,web,2,225.3,7.39,2025-08-30T13:51:20.965849
e8a65ef1-33bb-4047-a60e-0d8c33ee45ab,4c7f58a8-13fa-4e51-9b68-67a6d7e2f59e,f6df0b45-6106-42d3-8c75-195d0ad4baee,mobile,5,1943.95,15.58,2025-07-03T13:51:20.965862
10c649fe-6d18-4b09-b9f5-14f5a86e43f2,b7aaa865-e5ca-4a1f-8fc6-8ec0e327c3ba,11d7b21d-825c-442e-8c20-a64d4de4dd3c,mobile,5,286.9,8.47,2025-08-03T13:51:20.965878
cb626d6a-0269-43bc-a07d-5cb95dfc5a86,81c9fc48-3729-4936-b13b-53365da461ff,ca3df109-0f94-4c65-bb50-5e247fa97614,web,4,1415.52,10.12,2026-01-22T13:51:20.965893
fc924295-50ec-42b8-aba9-042a7e835011,cd0f116b-8b06-4970-a39d-a895155e5d42,7df8e284-e832-44a7-94ef-f17a4e5da9d6,mobile,2,179.38,17.27,2025-04-20T13:51:20.965908
70482d06-9466-40cc-9978-7b40d336db05,b9412933-cb49-4456-9667-7033dbd70b97,56ad6e1f-0691-4acd-a3de-c8da072e3963,web,4,584.6,14.93,2025-08-16T13:51:20.965921
c6692014-4c71-4ca6-8a1c-b8b4cd68caab,8e2a7aa8-8e6c-4b41-9ba3-9577be455dc7,17c1c99f-c424-420e-8868-5ab21bafe8e5,mobile,3,426.78,17.05,2026-02-14T13:51:20.965935
edcdf88a-74c4-40c0-b9fe-ee3bbccc7785,e20398c7-b82b-42e3-9336-71ccbdfea714,28de6b67-c5da-4fd9-9ae6-64f199eb885d,store,3,914.94,0.81,2025-06-27T13:51:20.965948
853efe7e-de59-4a52-a3fe-21f061cd12b2,c852846f-39ad-4f90-a373-f27b686cbd6b,28de6b67-c5da-4fd9-9ae6-64f199eb885d,store,3,914.94,6.07,2025-11-10T13:51:20.965961
910b309d-d222-4945-ab3c-bb47999c726f,cd0f116b-8b06-4970-a39d-a895155e5d42,cbf743b9-e903-4a26-825c-7bde33e1d82c,mobile,2,746.7,8.44,2026-02-02T13:51:20.965979
d5b49871-ee49-4501-aa0e-0efdf32b1492,4169a5b1-d3ce-4a9a-9d4e-f35c958725e4,053f89ae-21b6-4267-baf4-f4be573d366f,web,3,213.45,16.38,2025-12-26T13:51:20.965992
c5e75553-d523-4525-90aa-2af2b0ad1eb7,358a9a69-4053-46f2-a165-b9bfb7aef8e6,79634690-8c5c-4240-8205-82b10c85c886,store,1,323.31,1.35,2025-07-09T13:51:20.966011
401676c1-d3b3-41f8-8a97-cbe7b4862940,1bf5ec6f-1fb7-41ba-8561-83bd4b958e3f,e68cd9b3-0f66-4719-b9c8-10a5e0acfc32,store,4,1716.4,11.32,2025-06-26T13:51:20.966029
8fe637d5-362a-49d0-b29a-247148e7c7e5,ab9746c7-803a-4cf1-9ab2-b32655c44619,457d9d38-588b-41ff-8c67-d7258b51a8e6,mobile,4,1665.6,16.67,2025-08-15T13:51:20.966042
9956aeed-5275-42a3-b443-e698ba85ed10,0af417b2-c439-4d9b-a97b-9e76de6515ea,542e404c-f975-45bf-b793-249b8d15665d,store,5,537.1,15.23,2025-05-25T13:51:20.966055
0044b51f-7fdb-42b8-af69-1956f57badba,268931fe-8542-4672-96bb-6177eaab9ebb,f1f6542b-4b3f-4e65-8d9a-766c8d57ad72,web,2,642.96,16.0,2025-10-31T13:51:20.966069
9161f005-8a63-4297-93e9-41c48377c169,9fbdd83e-1473-4d7d-88eb-05463f65126d,e68cd9b3-0f66-4719-b9c8-10a5e0acfc32,store,4,1716.4,6.78,2025-12-17T13:51:20.966083
5b9275e8-280a-4554-9b4d-cbe6edb43669,eeece404-f5ee-44d3-8c8e-509650cb644a,f1f6542b-4b3f-4e65-8d9a-766c8d57ad72,web,3,964.44,17.32,2025-05-20T13:51:20.966097
61439164-be4d-45c0-b2f1-923d30241615,255cee46-53c9-4156-a455-fc71aaeb939f,cbf743b9-e903-4a26-825c-7bde33e1d82c,mobile,5,1866.75,6.18,2025-05-28T13:51:20.966109
50c842b6-70bf-4019-860e-97b12e3816fb,325a16f2-810b-43e0-b3fa-e2d5e3c13093,28de6b67-c5da-4fd9-9ae6-64f199eb885d,web,5,1524.9,19.1,2026-03-03T13:51:20.966122
8bf4b560-5a54-4f8e-84ce-b55cdbfc12ba,c69c213c-78e1-4bab-9a52-334bd420ad6d,2341a1b6-ca76-4973-ad2e-4a906f9fd51d,mobile,1,117.6,3.79,2025-06-28T13:51:20.966136
5906dc29-3943-41c9-aa22-edb1ef7757e8,59734e6c-879e-4a68-86e6-a30c9e01f2a6,bdea1b76-1208-4a2f-b2e1-1aa8a5626500,mobile,1,308.46,18.72,2026-02-13T13:51:20.966149
98bf1182-7376-4fd9-8fd8-81ac4ff47c26,1ad0c269-9ca7-41f3-92b2-3f548e7fa43c,cbf743b9-e903-4a26-825c-7bde33e1d82c,web,3,1120.05,16.59,2025-12-31T13:51:20.966166
ac24f74c-d667-4b9c-a1d9-eb9d42e59ac4,e599d142-71ea-4ee4-8680-b02ba12c7bd9,f1f6542b-4b3f-4e65-8d9a-766c8d57ad72,mobile,1,321.48,6.41,2025-07-16T13:51:20.966179
f573aafb-257f-494a-a9c7-9c3562e6ff04,ac9d43e7-e4a4-4d8f-b14c-e805d4976edf,944989d7-0474-4130-959f-c793bf62259e,store,4,477.44,8.74,2026-04-04T13:51:20.966192
e8584a2c-930c-42bc-88ec-cbf0271030a3,dc912c17-7525-4588-998c-505710c01b09,cbf743b9-e903-4a26-825c-7bde33e1d82c,store,5,1866.75,5.14,2025-11-04T13:51:20.966204
3a3c5672-7c03-4fca-83e8-6d5a0feedd9a,0405e266-5a01-46aa-8949-ead219b74ace,08cb9e44-2170-4369-9ab2-a47e52847e6c,store,5,585.6,2.88,2026-01-19T13:51:20.966218
ce07993f-a7ad-4efd-a789-f76d9eb9f480,3353b7da-6f12-42f1-9424-fbde65b4b5f8,1890b36f-a137-41e5-b5ed-1d9d565c4bd0,store,2,51.12,13.57,2025-11-09T13:51:20.966230
cb41ff57-e085-4003-859b-6629a191ac5c,dd267d37-2603-4b70-afe3-80c93850b1f7,905f2110-caca-46ad-b1fc-61c3fda110f1,mobile,2,97.2,1.17,2026-04-02T13:51:20.966244
98669942-3185-4a7e-a837-687974bf4af6,29a057d1-7c37-45a4-8af5-5c3dcb4ad8a3,08cb9e44-2170-4369-9ab2-a47e52847e6c,store,3,351.36,17.86,2026-02-02T13:51:20.966258
6adec23e-c57d-427c-8a9a-2147bb709362,400b741d-0ca0-45d6-8523-573617fee653,1308f602-c166-4cdc-868a-0b4938053d4d,web,1,32.44,4.79,2026-03-20T13:51:20.966272
68e920f7-c621-4f7e-9252-9d17f801589c,4b581a14-30d2-46dc-933e-c3d4fb4a84ea,bff07f43-24a8-4d20-b9e9-6cac1ecce307,mobile,4,240.28,7.7,2025-07-29T13:51:20.966285
5042a4e1-9876-42a2-b5d6-7c220e7f0bff,0405e266-5a01-46aa-8949-ead219b74ace,a47d64f7-a098-44b9-8c64-05a8c978779f,store,1,305.82,11.06,2025-11-04T13:51:20.966298
2f839271-0888-4189-ab01-b7bd6c1ea15a,ade7f931-425a-4ac1-9ba5-fb56ea154a33,0e9c5cdb-187a-4121-93cd-cd24adc53bc4,mobile,1,112.65,4.67,2025-09-19T13:51:20.966311
7cdc7d21-a813-41bb-8924-0efcc275d657,2ad030d1-08d6-45dc-9145-6bb5dbf72900,cbf743b9-e903-4a26-825c-7bde33e1d82c,mobile,3,1120.05,13.5,2025-07-06T13:51:20.966323
d1d0e73d-7b96-4ab9-a7de-db2075734233,fd6dddea-61e9-40b1-9ccc-6fa3d1499f25,17c1c99f-c424-420e-8868-5ab21bafe8e5,mobile,2,284.52,8.13,2025-11-11T13:51:20.966339
10e3e496-ab08-4fca-9986-a972d5a6adc5,1c13764a-936b-493a-8635-7e1a3faff27d,bdea1b76-1208-4a2f-b2e1-1aa8a5626500,store,2,616.92,10.81,2026-02-02T13:51:20.966353
377420c7-e0d4-4ab8-a1f9-5db4ab8c8481,b3f884c2-631e-4f50-8ebb-a704e4cd049d,bff07f43-24a8-4d20-b9e9-6cac1ecce307,mobile,5,300.35,9.03,2025-09-11T13:51:20.966376
76045254-56bc-4322-9231-d11cad26f60c,448a6e6d-f8d5-4ebc-bf46-f25be1b499c3,7df8e284-e832-44a7-94ef-f17a4e5da9d6,mobile,5,448.45,19.44,2025-11-18T13:51:20.966390
ea62b576-e21f-4da5-a49b-469bc814ffe9,448a6e6d-f8d5-4ebc-bf46-f25be1b499c3,69b6bb4a-cfaa-4878-91ae-e146f31c1955,mobile,4,1366.28,5.02,2025-11-27T13:51:20.966408
89652a5b-c264-4eb9-8db3-2880f89023d0,6f9ef49f-8364-495a-bb6c-b6ffa243e355,1308f602-c166-4cdc-868a-0b4938053d4d,web,3,97.32,11.7,2025-05-27T13:51:20.966438
eaa08007-0466-4091-9ba2-15d55fa9085c,b9495a6f-5d1f-4934-9ae7-1176dbb78c66,a0de6626-305c-473f-946f-bec5e72fa2b2,mobile,1,367.56,10.68,2026-01-23T13:51:20.966456
5768ba79-09c3-44d1-8fe2-09585925c661,31264419-8df5-4371-9e63-b5b749b128fe,053f89ae-21b6-4267-baf4-f4be573d366f,mobile,1,71.15,2.46,2025-09-25T13:51:20.966469
c130bdba-2c41-4d3b-9e24-9c94872b8d16,45aafc55-589b-4421-813b-4d61aa30747f,17c1c99f-c424-420e-8868-5ab21bafe8e5,web,3,426.78,12.21,2025-09-06T13:51:20.966484
7c9cb9e5-3b56-497d-bc73-f0cf36d7edb0,a7efd861-82e5-43b1-9e1d-0c829bfa825e,905f2110-caca-46ad-b1fc-61c3fda110f1,store,3,145.8,19.59,2025-05-25T13:51:20.966505
23631ea7-4d8c-46d5-bcd1-e23ed2c7d385,255cee46-53c9-4156-a455-fc71aaeb939f,f1f6542b-4b3f-4e65-8d9a-766c8d57ad72,mobile,3,964.44,19.66,2025-12-11T13:51:20.966547
800edc9e-f114-4a63-b243-1b828a23cbef,6fe8c4f8-6f02-4706-b398-6c3d0653b820,56ad6e1f-0691-4acd-a3de-c8da072e3963,store,4,584.6,0.32,2025-06-13T13:51:20.966560
8bd99c4d-7895-4f80-8830-184f8791a953,abb09602-3d21-4475-9c51-63cd8e7fa013,542e404c-f975-45bf-b793-249b8d15665d,store,1,107.42,0.09,2025-06-08T13:51:20.966574
9a777b10-e3bc-4e2b-9e8c-ec1be3aa75c1,edc763b9-98ed-4423-9fa2-d0b98da2d055,24665074-3a11-4fcf-82f7-1d50a0b2580f,mobile,4,1527.24,14.07,2025-07-05T13:51:20.966587
1183591a-62ad-4183-ab2f-9f97757c1f6e,f1e85f7e-0df4-4232-b450-87ea70eaed9e,f6df0b45-6106-42d3-8c75-195d0ad4baee,mobile,5,1943.95,13.03,2026-03-05T13:51:20.966600
380d385a-d8bf-4566-93aa-e8d9038d5f55,c93f2cd4-13a8-4f0f-8d1a-8854990eb1b2,cbf743b9-e903-4a26-825c-7bde33e1d82c,web,4,1493.4,7.06,2025-05-06T13:51:20.966613
692fb632-6468-4d07-a283-ff1ab29d438e,1b83c826-b10a-4344-9e73-15b5b96a5b58,1308f602-c166-4cdc-868a-0b4938053d4d,store,5,162.2,3.54,2025-10-14T13:51:20.966626
0ef9f3e9-6bae-48ec-916d-881a8d864cbd,00e32ae3-176f-46d2-894c-5504a1bdace4,79634690-8c5c-4240-8205-82b10c85c886,store,1,323.31,18.72,2025-08-22T13:51:20.966639
2c8ce711-8fe8-4447-a83c-8bf177774727,8c0729b0-bedb-4edf-a078-95151b63f71e,79634690-8c5c-4240-8205-82b10c85c886,store,2,646.62,13.61,2026-04-05T13:51:20.966651
b272c49a-d4b4-4cfe-8550-0889f3de354b,0a9d7983-6f35-4787-b27b-e0aca049aff4,6c37ac7c-22fb-489b-9e12-ba964446997b,mobile,2,887.72,12.5,2026-02-28T13:51:20.966668
1b4caaf1-4fc0-4919-896b-51203e4f6017,735c5be2-ba98-4be8-ac04-410d8c7bea4d,6eae25b5-bfd1-445a-b0d8-86e5ef9604a3,store,2,958.04,0.74,2025-08-06T13:51:20.966682
946c927f-b38f-419a-9ddd-aef8f9b6f9b9,77a1f19a-1cff-43c5-b777-99dc030e28ab,56ad6e1f-0691-4acd-a3de-c8da072e3963,mobile,1,146.15,7.92,2026-01-05T13:51:20.966696
167c6cd8-3152-4d9d-9372-0fbbada43826,151c76f0-b52b-44c4-88d8-60c260d72682,a47d64f7-a098-44b9-8c64-05a8c978779f,store,5,1529.1,3.41,2025-08-02T13:51:20.966709
2d600fcf-7bb3-4421-a8ae-66fef810cc71,7093f3f7-0a13-433d-ac30-374888d8fff3,2341a1b6-ca76-4973-ad2e-4a906f9fd51d,web,5,588.0,1.31,2025-06-30T13:51:20.966723
fc8e153a-a7fe-40bc-a2c8-151e7936ede6,28bda88c-ec35-4327-97b4-3646020d3493,d5ee97fe-7203-4277-a432-29e8207ec8be,mobile,2,105.18,17.11,2025-12-04T13:51:20.966736
b1dd8771-f235-4820-b340-91acb6220ced,b8bc9125-abd7-42fa-b7cd-bccbe5922a40,1791a541-fe39-430b-9626-a24acd85e08e,mobile,3,815.16,0.46,2026-01-07T13:51:20.966750
ec1f6779-e559-4a29-a066-514afed7912b,bc2a15b3-8cd0-4701-8a84-5408610596e6,168e2ef5-ab86-444e-ad38-6cbe82465e6a,mobile,5,450.3,11.2,2025-12-07T13:51:20.966766
dcb1c9af-a7b6-40af-8b49-51c464a99d53,8290b56a-c317-4563-a6ed-d3324c017372,79634690-8c5c-4240-8205-82b10c85c886,mobile,4,1293.24,18.86,2025-05-22T13:51:20.966782
90a320cc-1836-4858-8ba5-acc60143fb98,edf7364c-5fb5-440f-9742-0f14133ceede,905f2110-caca-46ad-b1fc-61c3fda110f1,store,4,194.4,2.43,2025-09-19T13:51:20.966796
15ec08cb-93a1-4351-81f7-b3573962b6f9,de68fb7c-314a-441e-8f92-23d7f49a490a,7df8e284-e832-44a7-94ef-f17a4e5da9d6,mobile,4,358.76,15.18,2025-10-12T13:51:20.966809
fd39e02a-64b5-44db-a432-0d252566460b,81444fcd-e4cb-4181-9eb5-0f0c87ce0dd7,6eae25b5-bfd1-445a-b0d8-86e5ef9604a3,store,1,479.02,10.65,2025-11-24T13:51:20.966822
6b5bf2a6-5c62-4bb3-ba84-ab12dbe1ed08,c7a05006-af72-4fe4-af69-4916237acd03,79634690-8c5c-4240-8205-82b10c85c886,store,4,1293.24,1.64,2026-01-06T13:51:20.966840
fadb4c87-7197-4221-bb59-31c86122ea9b,da6a2aa5-e06f-422f-a9d1-fb75cb459423,cbf743b9-e903-4a26-825c-7bde33e1d82c,store,2,746.7,19.16,2025-04-27T13:51:20.966854
40ac6afd-3b8a-407a-9b8a-b21140aa7935,abb8399d-d557-4b20-a585-bdc3cbf9c14d,bff07f43-24a8-4d20-b9e9-6cac1ecce307,store,2,120.14,6.22,2026-01-21T13:51:20.966872
7af2c5fa-3510-4358-9277-dae49387fd1c,e126d0cb-6e82-4a85-b85f-f2678181bce6,08cb9e44-2170-4369-9ab2-a47e52847e6c,store,1,117.12,16.16,2025-08-13T13:51:20.966901
abedcc50-cbe8-4713-a8b7-c11de70ff5bf,8c0ec5af-151e-4280-ab18-606cae2ad64a,457d9d38-588b-41ff-8c67-d7258b51a8e6,web,3,1249.2,9.47,2025-12-10T13:51:20.966916
d197d38e-d718-45c7-bd7c-f02a3a2b2148,a7efd861-82e5-43b1-9e1d-0c829bfa825e,457d9d38-588b-41ff-8c67-d7258b51a8e6,mobile,1,416.4,15.88,2025-10-27T13:51:20.966929
79a3ce60-35f8-4dc8-bc67-95ca0ed7b582,8e2a7aa8-8e6c-4b41-9ba3-9577be455dc7,d5ee97fe-7203-4277-a432-29e8207ec8be,store,5,262.95,15.28,2025-06-02T13:51:20.966942
8bd2241e-67e8-46df-8f06-2a7de4f3c360,e126d0cb-6e82-4a85-b85f-f2678181bce6,f1f6542b-4b3f-4e65-8d9a-766c8d57ad72,web,5,1607.4,19.49,2026-02-11T13:51:20.966955
4ea569b5-214a-411c-850b-0b4cabe5c828,abb8399d-d557-4b20-a585-bdc3cbf9c14d,944989d7-0474-4130-959f-c793bf62259e,mobile,4,477.44,1.3,2025-11-06T13:51:20.966967
21a5916a-47c1-4d1f-ba8c-6e682c8f4af5,28bda88c-ec35-4327-97b4-3646020d3493,69b6bb4a-cfaa-4878-91ae-e146f31c1955,store,4,1366.28,12.21,2026-03-18T13:51:20.966980
71c354a7-6db1-463d-b89a-62acf547ecc3,d644d7f1-f084-4ec8-a9ef-a0f40649a17b,d5ee97fe-7203-4277-a432-29e8207ec8be,web,1,52.59,11.19,2025-05-04T13:51:20.966992
cd24396c-dc28-436e-a2b6-a5b87d6fa992,89d1cd9f-53a3-4cb9-8d4c-783ca398d230,1308f602-c166-4cdc-868a-0b4938053d4d,mobile,4,129.76,15.04,2026-02-25T13:51:20.967011
a17e5ea4-d6b5-45ef-81e9-fe6bf3ee141d,e25f4035-459a-430c-a3b0-ae644d2ee520,79634690-8c5c-4240-8205-82b10c85c886,store,4,1293.24,15.9,2025-10-01T13:51:20.967023
e40f62e3-c586-4dfe-b202-6a3152faf5d6,c28076f1-629d-4e62-9dae-bd317892740b,08cb9e44-2170-4369-9ab2-a47e52847e6c,mobile,3,351.36,15.66,2025-05-17T13:51:20.967036
5dee231e-3c5b-4dc5-a2ef-2bd6cb345bc0,8290b56a-c317-4563-a6ed-d3324c017372,1791a541-fe39-430b-9626-a24acd85e08e,web,3,815.16,2.16,2025-06-19T13:51:20.967056
2987a98b-7779-4dda-96cd-19b2996cfc63,ce2cc2b4-d6d0-413b-9a29-38c333953cb9,d5ee97fe-7203-4277-a432-29e8207ec8be,mobile,5,262.95,2.52,2026-01-06T13:51:20.967069
be0778d3-3aca-4e32-b1b9-7db0d6a9fec6,4b8e09cb-caba-44f2-a067-285da4e537ef,11d7b21d-825c-442e-8c20-a64d4de4dd3c,store,3,172.14,14.49,2025-09-12T13:51:20.967082
d46b6102-237a-492e-b051-e361389914c6,8c0729b0-bedb-4edf-a078-95151b63f71e,24665074-3a11-4fcf-82f7-1d50a0b2580f,web,2,763.62,1.21,2026-02-04T13:51:20.967095
9a56927f-8adf-4eed-9b0e-721958c58dea,a1674076-3038-4d42-97bd-ba83e6a52720,e19c753d-318c-4edb-b565-fc406c99c72c,store,5,981.25,6.22,2025-05-17T13:51:20.967108
c7894446-66b4-46c0-ba55-10bf82ce34b4,2ad030d1-08d6-45dc-9145-6bb5dbf72900,168e2ef5-ab86-444e-ad38-6cbe82465e6a,store,2,180.12,6.17,2026-01-30T13:51:20.967122
173aa8a3-d2d2-4a0f-bfd2-b56cb2112f51,c965e9c5-69cf-4549-9341-be2f2bdff784,a0de6626-305c-473f-946f-bec5e72fa2b2,mobile,3,1102.68,11.73,2026-04-11T13:51:20.967137
6eddf912-dfc4-488d-a2d9-2149c634451a,1a02c0cc-fc75-4896-95e3-13aa5ba34d35,08f682e0-0949-4d7f-9c1a-36bb48342221,mobile,1,215.55,16.38,2025-12-15T13:51:20.967150
74365cfc-1d02-49ae-b606-1ac8f345d796,2fa382ae-d79d-488d-95e2-61f2338ea04b,69b6bb4a-cfaa-4878-91ae-e146f31c1955,web,4,1366.28,19.53,2025-10-21T13:51:20.967165
1b217b87-0e59-4dd8-8c04-5d19c6d5ffaa,a8448f61-5b18-4c98-82b9-083ed705ce61,ad1fb5ee-a91c-4991-9341-e395d2beecef,web,1,352.08,13.36,2025-10-23T13:51:20.967178
e2189676-9dff-4652-9612-25d9fba88235,608deb86-6661-4f77-bb41-aecc5e51f64a,7df8e284-e832-44a7-94ef-f17a4e5da9d6,store,5,448.45,17.04,2025-04-26T13:51:20.967191
40b25559-ee6a-46f5-8e4c-f2a0395e3ab5,cfa50b22-dd88-4144-a163-40e5f68f236a,457d9d38-588b-41ff-8c67-d7258b51a8e6,store,5,2082.0,6.57,2025-11-13T13:51:20.967204
9ceca00b-e7e8-414b-b07e-0605b867b046,fd777368-7e59-48b1-b85b-1619bc87c5dc,7df8e284-e832-44a7-94ef-f17a4e5da9d6,web,1,89.69,18.4,2025-08-05T13:51:20.967218
8140ac93-d0e0-4705-bdaa-0927f6045d04,a8448f61-5b18-4c98-82b9-083ed705ce61,6eae25b5-bfd1-445a-b0d8-86e5ef9604a3,mobile,2,958.04,4.26,2025-08-20T13:51:20.967233
6dc65821-2258-49af-ac3a-255a6da28cd3,83f4d053-1157-4bf6-ba2d-e0c7bd42c0be,457d9d38-588b-41ff-8c67-d7258b51a8e6,store,4,1665.6,3.68,2025-12-31T13:51:20.967247
d8b73c55-c823-45a6-afaa-d5e7b010dc9b,01af8a00-d406-447f-b3dd-975ce21b49ec,321b80eb-c6e9-42e0-a6f5-86598247acd3,store,1,292.89,0.6,2026-03-09T13:51:20.967262
63932a01-1dfb-441d-b246-5249328a4ab3,0405e266-5a01-46aa-8949-ead219b74ace,08f682e0-0949-4d7f-9c1a-36bb48342221,web,3,646.65,12.63,2025-09-02T13:51:20.967275
6713c3bc-afcc-4bab-bc8d-ad1010fd4801,9258f655-3c64-4155-acfb-ce47710a63f6,321b80eb-c6e9-42e0-a6f5-86598247acd3,web,1,292.89,3.96,2026-03-31T13:51:20.967288
bb19598c-a6be-4158-b952-fe0e3254454c,a221350b-2da3-45e2-b548-7a7cef3f240c,6eae25b5-bfd1-445a-b0d8-86e5ef9604a3,store,3,1437.06,16.95,2026-01-16T13:51:20.967301
64476822-89f3-4c80-9aef-7a5cc6a6773d,8757f80d-81ed-4e4f-a7d0-dd997cfdac05,24665074-3a11-4fcf-82f7-1d50a0b2580f,web,2,763.62,16.86,2026-04-04T13:51:20.967317
df49e76d-1261-49e3-9cb2-4bc271088604,48186108-5140-477d-8d9c-59cf0f3db172,08cb9e44-2170-4369-9ab2-a47e52847e6c,web,1,117.12,7.58,2025-05-04T13:51:20.967332
c7d3c75e-ae75-42aa-a852-cf9fa35e3f22,706c92b2-4312-41a5-af08-065360ef288d,28de6b67-c5da-4fd9-9ae6-64f199eb885d,store,3,914.94,9.12,2025-12-29T13:51:20.967345
0d013451-a13c-4111-802d-5e6255123e47,43c92511-959a-4446-90c1-fe53cc07de9f,321b80eb-c6e9-42e0-a6f5-86598247acd3,mobile,2,585.78,17.63,2025-07-20T13:51:20.967358
5110ee55-46aa-44b2-9780-ed46e1992ece,c1fdb530-3f98-4f58-aebf-d3d9e2463e57,d5ee97fe-7203-4277-a432-29e8207ec8be,web,1,52.59,15.9,2026-02-01T13:51:20.967371
20e0d118-5099-475b-982b-83f8d5d3dbcf,6348aef4-0c22-4f32-82aa-af99e49beca1,168e2ef5-ab86-444e-ad38-6cbe82465e6a,store,4,360.24,6.36,2025-04-25T13:51:20.967384
4fbf0aa6-a419-4e23-b358-33e0a76bb26c,967a969f-428a-4ffe-ad7a-fb432d7496a2,bff07f43-24a8-4d20-b9e9-6cac1ecce307,mobile,1,60.07,3.78,2025-06-04T13:51:20.967397
2c1f7337-af38-4894-91ca-97086ac4c77e,2bf20add-b53d-4ece-be51-331ebb53ad0c,a0de6626-305c-473f-946f-bec5e72fa2b2,web,2,735.12,1.07,2025-10-30T13:51:20.967410
52fad213-3f8b-4720-b61d-ec42220874b9,2389a3ab-c7d9-4780-ab1f-1c558d6f7d54,a47d64f7-a098-44b9-8c64-05a8c978779f,mobile,2,611.64,17.72,2025-07-29T13:51:20.967423
1403ab75-1d23-42c6-a67a-8820f0033d0e,94d0b5a3-a86a-4abe-816b-c62b05ebe72f,1890b36f-a137-41e5-b5ed-1d9d565c4bd0,mobile,4,102.24,1.3,2025-05-11T13:51:20.967437
ba771afd-8278-4c76-93a2-125de8c2cccc,4b8e09cb-caba-44f2-a067-285da4e537ef,1308f602-c166-4cdc-868a-0b4938053d4d,store,5,162.2,10.38,2025-10-06T13:51:20.967450
460b8952-66bf-49df-8b54-ab1bb3894cf6,327977bd-0cc0-4e37-a898-be7b1668b132,905f2110-caca-46ad-b1fc-61c3fda110f1,mobile,3,145.8,9.67,2025-07-20T13:51:20.967463
bbf87b47-771b-4824-8423-4501de9d8006,10699e3c-9f67-4108-a71c-a0918eaa3418,ca3df109-0f94-4c65-bb50-5e247fa97614,mobile,4,1415.52,8.02,2025-11-29T13:51:20.967485
c03e04cb-c60c-4309-91d8-92003dc2333e,39d21055-64ab-4312-b0c0-d7ddc3e6fe12,944989d7-0474-4130-959f-c793bf62259e,web,2,238.72,9.04,2025-12-24T13:51:20.967535
0b04692c-08f4-4a8d-956d-cbe031bf2cba,a295cf72-e598-4850-963d-6023136619cc,f6df0b45-6106-42d3-8c75-195d0ad4baee,store,2,777.58,17.77,2025-11-10T13:51:20.967567
0583a59a-c39e-4985-abe2-f076a65ecd65,da6a2aa5-e06f-422f-a9d1-fb75cb459423,9c0e36b8-29dc-48d8-9869-8d952c29dbdb,mobile,3,896.19,1.7,2025-12-06T13:51:20.967886
a1e448b4-0523-4b4c-b05b-2d9a8bb8005c,0187210b-941d-4bad-b587-443bb52be2a0,1890b36f-a137-41e5-b5ed-1d9d565c4bd0,mobile,3,76.68,7.03,2025-08-31T13:51:20.967941
d8f0a641-5f7a-4755-aa92-f3845117a513,ecf80b21-a29e-48cc-aeed-993c3d386c46,944989d7-0474-4130-959f-c793bf62259e,mobile,4,477.44,6.73,2025-07-27T13:51:20.967973
7b133353-1e20-4af0-8aec-c8ec50711830,1730f2ee-7c94-409e-87b9-9e4384fc7de1,7df8e284-e832-44a7-94ef-f17a4e5da9d6,store,4,358.76,16.09,2025-09-18T13:51:20.968011
6369729e-5ed5-470c-863d-f56c169fd475,68fcba4b-67dc-40a5-b324-7628db4cddbb,a47d64f7-a098-44b9-8c64-05a8c978779f,web,4,1223.28,8.83,2026-04-03T13:51:20.968033
80fc118c-f3ae-456b-8074-96022b4d78d2,0560a543-8369-4fc5-a080-3704ce1ea87d,d5ee97fe-7203-4277-a432-29e8207ec8be,store,3,157.77,16.85,2026-03-04T13:51:20.968050
e9ce019c-6e99-4e39-b3f9-8966132a5c94,cc6dc755-3bcc-4846-adc8-a43fc84f193c,168e2ef5-ab86-444e-ad38-6cbe82465e6a,web,1,90.06,1.97,2025-11-25T13:51:20.968064
d3240c0a-b354-48cc-a07d-bf7f62622d62,09ea9b77-2776-4869-9b5d-0cfcb5dee3eb,321b80eb-c6e9-42e0-a6f5-86598247acd3,web,1,292.89,6.68,2025-07-10T13:51:20.968078
d4061fa8-ac1b-4a30-94c5-403294f46798,79f0c9f5-48e2-4825-9d7e-ccca692a8555,457d9d38-588b-41ff-8c67-d7258b51a8e6,mobile,3,1249.2,16.31,2025-11-12T13:51:20.968092
f3508c1c-0b65-4168-84f5-b48ef3439490,de18f223-7a95-47d7-892b-230c0354b118,a47d64f7-a098-44b9-8c64-05a8c978779f,mobile,2,611.64,19.96,2025-04-19T13:51:20.968105
1915f1b7-97cc-48fa-9c94-af5b75f2bc77,d4dc5799-8bb8-4688-96ac-4e344d8a351b,168e2ef5-ab86-444e-ad38-6cbe82465e6a,store,3,270.18,5.64,2026-04-11T13:51:20.968125
e63debb7-5d40-4cfd-8bec-f4c1d61c7f6a,032cac28-42f5-4e97-be1e-7846737d3d0c,f6df0b45-6106-42d3-8c75-195d0ad4baee,mobile,4,1555.16,0.24,2025-06-23T13:51:20.968151
359eea47-0c46-4555-9464-3f74a60f9f37,fbce644f-c034-451d-a9da-e01919623f87,bdea1b76-1208-4a2f-b2e1-1aa8a5626500,web,2,616.92,4.54,2025-09-24T13:51:20.968165
2b4a4951-731e-4b3e-97fb-c54f92ddf39a,660774c2-3e9a-4fb9-8a1d-efc23461f660,56ad6e1f-0691-4acd-a3de-c8da072e3963,mobile,4,584.6,11.74,2025-12-17T13:51:20.968178
8de45c45-8bbe-41b5-8ce5-21be0b5cde32,2265ad7d-6f3d-45e9-99ad-c1533863d3ba,7df8e284-e832-44a7-94ef-f17a4e5da9d6,web,4,358.76,6.26,2025-10-23T13:51:20.968191
50aa5fdd-c349-4c74-85ba-c65a8527286b,486e7590-a65d-4b51-90c2-c0656ce8f42e,e19c753d-318c-4edb-b565-fc406c99c72c,store,4,785.0,9.0,2025-12-29T13:51:20.968205
e86f59dd-479d-4c89-bb9e-ae96a6ce67a8,58baa912-a1cf-4bb6-a3ac-cdfccf1ec74b,cbf743b9-e903-4a26-825c-7bde33e1d82c,mobile,3,1120.05,17.48,2026-02-03T13:51:20.968217
7b9b00fb-4441-460a-bb56-6a693d70bb20,ac9e9fa2-9a9f-4abb-bf77-bce10aeed1be,79634690-8c5c-4240-8205-82b10c85c886,store,4,1293.24,6.8,2025-05-13T13:51:20.968230
9fdff5ba-bfa1-4172-ad55-26caf1f6d584,d5327b4f-92bb-47e0-8591-523fd0425dda,e19c753d-318c-4edb-b565-fc406c99c72c,mobile,4,785.0,5.99,2025-04-27T13:51:20.968243
be096bf7-a336-4b34-8a3b-4c945b2d503e,48939967-06c2-444f-bd14-4f7a500ae2cb,cbf743b9-e903-4a26-825c-7bde33e1d82c,web,5,1866.75,3.07,2026-03-30T13:51:20.968259
85d92a80-9c87-4cf7-9280-f92d11854cee,67da80eb-8c00-4328-9bd2-9b409e254a97,457d9d38-588b-41ff-8c67-d7258b51a8e6,mobile,5,2082.0,18.28,2025-05-28T13:51:20.968272
64a40f8a-7e5e-48bb-9103-4fefb6f66f83,51b8c361-d3b7-4bfc-a0c5-c15b2fc0a697,f6df0b45-6106-42d3-8c75-195d0ad4baee,store,4,1555.16,1.27,2026-01-01T13:51:20.968286
28f18c30-1188-4e10-8c0e-b19a62b132e2,d5c0759f-5701-4654-842a-fc8eae714de1,ad1fb5ee-a91c-4991-9341-e395d2beecef,store,4,1408.32,11.39,2026-02-19T13:51:20.968299
5c7ef2ff-a1f3-47dc-8a2b-5eada7928c2e,d27db049-06bb-49d0-9384-1d005fc4197d,053f89ae-21b6-4267-baf4-f4be573d366f,web,1,71.15,13.5,2026-01-18T13:51:20.968312
b239836a-2747-4261-ac2a-0227450a751b,fe8004db-ae57-4bee-a0a8-df5308934a24,944989d7-0474-4130-959f-c793bf62259e,web,5,596.8,3.73,2025-08-08T13:51:20.968325
13ef36db-9f91-4948-b0a1-587da35aa6b2,31264419-8df5-4371-9e63-b5b749b128fe,1308f602-c166-4cdc-868a-0b4938053d4d,web,3,97.32,5.82,2025-12-31T13:51:20.968342
6fd3df77-1858-422e-8ca1-9fe1f1094388,5034622a-2469-4dba-9e13-706f0eafd0c5,d5ee97fe-7203-4277-a432-29e8207ec8be,store,4,210.36,10.37,2026-03-17T13:51:20.968355
3d0e9de0-cb69-4266-817c-e9d561f2b532,32528c9b-b758-4757-b73f-1f5e974a7789,905f2110-caca-46ad-b1fc-61c3fda110f1,web,4,194.4,19.79,2025-09-27T13:51:20.968369
67f6830e-e7b1-4e80-a91c-9df3a9dd15cb,7a2b8734-d2fd-4488-8ef5-30d4b8a2d73e,168e2ef5-ab86-444e-ad38-6cbe82465e6a,mobile,4,360.24,1.38,2025-08-14T13:51:20.968382
00c1cbad-f8a1-4dda-a693-07b179882ca7,10699e3c-9f67-4108-a71c-a0918eaa3418,56ad6e1f-0691-4acd-a3de-c8da072e3963,store,2,292.3,8.64,2025-12-31T13:51:20.968395
ab6719e3-6cef-460e-8993-4415b2ba90d3,0a9d7983-6f35-4787-b27b-e0aca049aff4,0e9c5cdb-187a-4121-93cd-cd24adc53bc4,mobile,2,225.3,18.78,2025-06-10T13:51:20.968409
0ee5c312-acb4-47c2-8127-6481701e3d6f,48939967-06c2-444f-bd14-4f7a500ae2cb,ad1fb5ee-a91c-4991-9341-e395d2beecef,store,5,1760.4,5.51,2025-04-30T13:51:20.968422
a12aed14-fcb9-44ba-a051-2660d61b6d65,01af8a00-d406-447f-b3dd-975ce21b49ec,08f682e0-0949-4d7f-9c1a-36bb48342221,store,4,862.2,12.1,2026-03-14T13:51:20.968435
d68dfcd1-11d0-4f8b-86ff-02574b175177,fd6dddea-61e9-40b1-9ccc-6fa3d1499f25,1791a541-fe39-430b-9626-a24acd85e08e,store,3,815.16,9.2,2025-06-28T13:51:20.968453
76fdcbf1-22c1-4506-afa9-1293aa10024a,045d4675-4ee0-49ec-a9b1-1d1db855e831,944989d7-0474-4130-959f-c793bf62259e,mobile,1,119.36,17.62,2025-11-19T13:51:20.968471
06ea2bd9-ea75-4c17-bba2-bbbb6d6c59ac,893a1913-8bbc-4c49-821a-1dc2aff85261,6c37ac7c-22fb-489b-9e12-ba964446997b,mobile,3,1331.58,16.47,2025-09-27T13:51:20.968484
efff15f1-167b-4ee7-a477-8b1052ef93b9,2a6c32ce-d70a-4305-a174-d980455e126f,24665074-3a11-4fcf-82f7-1d50a0b2580f,web,4,1527.24,18.0,2025-12-09T13:51:20.968500
96d797b6-f9c2-4f04-8a9f-e76f7e35c109,207fbd9f-e63c-4a9c-b32d-dd00c57794da,e19c753d-318c-4edb-b565-fc406c99c72c,mobile,4,785.0,3.67,2025-10-01T13:51:20.968532
19f7863e-3904-4b4a-b7f4-b3b9eb231586,89052c15-2c75-45bd-b849-25d7912e366c,08cb9e44-2170-4369-9ab2-a47e52847e6c,web,4,468.48,4.79,2025-04-23T13:51:20.968566
7880c809-07ee-448c-8e52-d1979697317e,151c76f0-b52b-44c4-88d8-60c260d72682,9c0e36b8-29dc-48d8-9869-8d952c29dbdb,mobile,3,896.19,5.84,2025-05-29T13:51:20.968604
097bfef0-c640-47f0-8d99-0985fbcbc9f7,abb8399d-d557-4b20-a585-bdc3cbf9c14d,d5ee97fe-7203-4277-a432-29e8207ec8be,store,2,105.18,19.85,2025-08-06T13:51:20.968636
8c076863-8ee9-4311-8f4c-d9f49e5a2516,cd4bae82-f1c1-4249-b9de-54fb8ee5a56a,28de6b67-c5da-4fd9-9ae6-64f199eb885d,web,3,914.94,10.09,2026-03-07T13:51:20.968664
cdf056f9-09c0-4d04-ac3b-9a511f513382,3aa173fb-07c2-4854-8619-e70a310930dd,905f2110-caca-46ad-b1fc-61c3fda110f1,web,4,194.4,5.06,2025-08-28T13:51:20.968678
db7ca02f-6e5d-43a6-89f5-cb421911d5d9,399dd347-bbce-4207-aac1-1923f065145e,944989d7-0474-4130-959f-c793bf62259e,web,4,477.44,12.78,2026-04-02T13:51:20.968691
c6c8145d-29c1-4c4c-b2ee-f965e6ae0d50,79f0c9f5-48e2-4825-9d7e-ccca692a8555,7df8e284-e832-44a7-94ef-f17a4e5da9d6,mobile,4,358.76,7.99,2025-10-22T13:51:20.968709
c3fde408-0814-4356-b58d-fcf12bac41de,7093f3f7-0a13-433d-ac30-374888d8fff3,f6df0b45-6106-42d3-8c75-195d0ad4baee,store,1,388.79,2.29,2026-04-10T13:51:20.968727
4516925d-f740-495f-9868-a0cf92600f6d,abb8399d-d557-4b20-a585-bdc3cbf9c14d,542e404c-f975-45bf-b793-249b8d15665d,mobile,3,322.26,9.28,2025-05-07T13:51:20.968740
6da20113-275e-47fd-b7ef-f756cf8d4a45,e35fef50-cb52-412f-8c9d-fbe01e30d289,d5ee97fe-7203-4277-a432-29e8207ec8be,mobile,1,52.59,4.85,2025-07-09T13:51:20.968753
4b1fe2da-4c5e-46cf-a898-3655a961fe9c,5e641a6b-eeb5-414b-809f-987cfa2b1224,f1f6542b-4b3f-4e65-8d9a-766c8d57ad72,store,2,642.96,16.83,2025-08-17T13:51:20.968769
9bd7f4c8-71c1-4d24-ad78-74391ccd8a1f,32528c9b-b758-4757-b73f-1f5e974a7789,cbf743b9-e903-4a26-825c-7bde33e1d82c,web,5,1866.75,5.88,2026-02-23T13:51:20.968781
8873c4f1-f02b-4df3-a395-db9b850dec2d,934582b4-4335-41ae-8710-77f29f6f6c81,f6df0b45-6106-42d3-8c75-195d0ad4baee,mobile,2,777.58,15.27,2026-03-07T13:51:20.968796
52cfd148-cc9d-4687-96ff-de4e1481687a,d6de87d1-6cf1-400d-8b1d-d8af4573a316,a47d64f7-a098-44b9-8c64-05a8c978779f,store,2,611.64,3.56,2025-09-02T13:51:20.968816
fa759964-6ed1-4858-9a8b-fab9264ec830,63c5d37e-dcd5-4139-8a69-7e16620a0f45,944989d7-0474-4130-959f-c793bf62259e,store,5,596.8,13.93,2025-12-26T13:51:20.968830
d1ce0eb8-3a26-4e1c-8423-cf22736bc642,b0b5d801-ca6b-405b-820c-269c6367bf13,1791a541-fe39-430b-9626-a24acd85e08e,mobile,1,271.72,6.17,2025-09-28T13:51:20.968844
7aba164c-c793-422c-a88f-2beed91af321,edf7364c-5fb5-440f-9742-0f14133ceede,79634690-8c5c-4240-8205-82b10c85c886,web,1,323.31,18.58,2025-10-04T13:51:20.968856
71548a10-0f88-406d-b07a-9c282049e7e0,a7b1d04c-20b3-4043-8752-459a280b14a5,bff07f43-24a8-4d20-b9e9-6cac1ecce307,web,2,120.14,8.43,2026-02-28T13:51:20.968870
1b5ea3be-469c-44cc-b0c6-e5a623eeb67e,b9accf07-4584-4144-9b58-f58271dc0b61,457d9d38-588b-41ff-8c67-d7258b51a8e6,mobile,2,832.8,1.26,2025-05-02T13:51:20.968883
e1fe59bb-f239-448b-987b-a63f66ddc55b,a7efd861-82e5-43b1-9e1d-0c829bfa825e,08cb9e44-2170-4369-9ab2-a47e52847e6c,web,2,234.24,8.31,2026-01-20T13:51:20.968896
e8bb1520-eb67-45d2-87a8-346a0a4ef75c,a2db16fd-ba72-4f0b-9305-a8b470f9b0fa,905f2110-caca-46ad-b1fc-61c3fda110f1,mobile,3,145.8,3.79,2025-07-02T13:51:20.968909
357e457b-bbe5-4dff-a850-0c5db5cce9f4,5a523974-ed22-4369-bcef-5a8a76366df3,168e2ef5-ab86-444e-ad38-6cbe82465e6a,web,4,360.24,4.65,2025-09-08T13:51:20.968922
28318dfe-3f3f-4652-8a93-bae882bf2820,706a122a-0673-42d0-ab4d-15b133b4527f,6c37ac7c-22fb-489b-9e12-ba964446997b,web,3,1331.58,8.04,2026-01-17T13:51:20.968942
abdba98a-e8d6-4950-82ad-ea8965a69869,c7a05006-af72-4fe4-af69-4916237acd03,79634690-8c5c-4240-8205-82b10c85c886,store,4,1293.24,4.4,2025-12-28T13:51:20.968954
e76b72ac-159c-4416-82e1-996a7259775b,d9b7e479-7962-472f-9f45-ed44bb42d6aa,a47d64f7-a098-44b9-8c64-05a8c978779f,web,5,1529.1,1.35,2025-10-09T13:51:20.968967
f96a0fa0-a6be-43c9-bff6-dda1c2df856e,3b8720b7-1934-40c2-a4b6-c15492ac2d17,e68cd9b3-0f66-4719-b9c8-10a5e0acfc32,store,3,1287.3,19.66,2025-06-13T13:51:20.968980
cef7a95b-e293-4641-afc1-01bcc041386e,083e8a6f-8f77-46a2-9c02-e6aed9548dfb,168e2ef5-ab86-444e-ad38-6cbe82465e6a,store,5,450.3,19.18,2026-01-18T13:51:20.969000
bb12c379-f282-4da4-b6c7-ecc9eddf639b,c08b7d80-81ef-4d20-ae7b-8a8d690a6465,905f2110-caca-46ad-b1fc-61c3fda110f1,mobile,4,194.4,2.66,2025-05-03T13:51:20.969029
3ec91a24-47f4-4606-b55a-239dffcc0334,a221350b-2da3-45e2-b548-7a7cef3f240c,905f2110-caca-46ad-b1fc-61c3fda110f1,store,4,194.4,0.35,2026-03-12T13:51:20.969059
17d70244-9da9-4156-959c-43740388f053,48186108-5140-477d-8d9c-59cf0f3db172,f1f6542b-4b3f-4e65-8d9a-766c8d57ad72,mobile,4,1285.92,14.84,2025-07-28T13:51:20.969082
5fcf9e9b-c5f5-437e-8e85-6bfd10ed3244,f556570a-83d4-4f36-bcdc-aa50e4af7c10,79634690-8c5c-4240-8205-82b10c85c886,mobile,2,646.62,15.18,2026-04-05T13:51:20.969095
df82807f-58b7-495d-8e4b-64d516f58d04,bb4ef3c6-a55d-4ec2-9f3e-ed8bc693d9d5,053f89ae-21b6-4267-baf4-f4be573d366f,web,2,142.3,12.4,2025-09-08T13:51:20.969108
0f432b23-597e-4513-8f80-ddab39d2dc12,dd267d37-2603-4b70-afe3-80c93850b1f7,542e404c-f975-45bf-b793-249b8d15665d,store,3,322.26,4.04,2025-08-03T13:51:20.969121
8a1760c0-2ef7-4a66-9d44-0b71f7d967a5,dd438a1f-d050-4e92-8063-444c9b52b2e1,56ad6e1f-0691-4acd-a3de-c8da072e3963,mobile,1,146.15,11.96,2025-12-15T13:51:20.969135
a1b4e087-eed8-46c8-8f60-979daab10bbe,dbefa4ac-a450-4b00-adf5-b7bcf634fb24,f1f6542b-4b3f-4e65-8d9a-766c8d57ad72,store,3,964.44,6.35,2026-02-06T13:51:20.969153
2bd1ac65-4fca-4610-8aeb-e121324245a9,a7a9f9a9-f115-48e8-b2ee-1d075fc3402c,944989d7-0474-4130-959f-c793bf62259e,mobile,5,596.8,16.25,2025-09-15T13:51:20.969183
9a49e063-4465-427e-bc92-022a0cb0232f,0187210b-941d-4bad-b587-443bb52be2a0,cbf743b9-e903-4a26-825c-7bde33e1d82c,store,2,746.7,4.84,2025-10-28T13:51:20.969206
d65d605a-288c-4cd9-9f19-628b2bb8d36d,9250bcb7-8e85-4859-9210-77e4d80ea8af,69b6bb4a-cfaa-4878-91ae-e146f31c1955,mobile,2,683.14,14.39,2025-04-29T13:51:20.969219
3e3c93eb-7a25-4cca-baaa-bb65ccb8c165,1b01f236-b755-4298-ae6c-63febc013b50,1308f602-c166-4cdc-868a-0b4938053d4d,web,5,162.2,8.85,2025-11-02T13:51:20.969236
496c74a8-3b8c-4235-8de7-07fa7f9cf335,01af8a00-d406-447f-b3dd-975ce21b49ec,d5ee97fe-7203-4277-a432-29e8207ec8be,web,4,210.36,1.04,2026-03-11T13:51:20.969252
01f1b9b2-b12e-4112-9dc6-86b7630ac205,4f8976eb-b7a7-407e-a978-81c6b0ca8ebc,56ad6e1f-0691-4acd-a3de-c8da072e3963,web,2,292.3,11.85,2026-02-28T13:51:20.969265
4e893e56-ec86-41a9-b68e-32098d247bf6,d71e8f1d-919c-4e14-a319-147952812e42,56ad6e1f-0691-4acd-a3de-c8da072e3963,web,2,292.3,8.52,2025-07-30T13:51:20.969278
008d8389-8b01-49b6-8006-e53fb9f31a9d,8dffa9f2-549a-4fcc-bc8a-89381a4325e6,053f89ae-21b6-4267-baf4-f4be573d366f,web,2,142.3,8.48,2026-01-04T13:51:20.969292
32dc6623-2be8-435c-a46d-c72c7355ba4f,6e1cf5e7-7914-4d62-b2b0-b64a0772ac65,bff07f43-24a8-4d20-b9e9-6cac1ecce307,mobile,3,180.21,8.97,2025-11-20T13:51:20.969305
f041fa83-951d-4977-baa6-ed5e773a559c,7a17c39e-ac79-4a16-b21a-b842db9df252,ad1fb5ee-a91c-4991-9341-e395d2beecef,web,3,1056.24,19.02,2025-08-12T13:51:20.969318
f8142c28-1278-40d8-bac6-38c4f3febf46,ed10b742-1bb9-4089-81b1-75d4bac59b90,f6df0b45-6106-42d3-8c75-195d0ad4baee,store,4,1555.16,8.83,2026-01-20T13:51:20.969332
a1a5638c-8ee2-4f3d-a760-ed4007c9d7f2,7fc349aa-f17a-4f08-9eec-fab40d4f299b,e19c753d-318c-4edb-b565-fc406c99c72c,web,2,392.5,15.24,2025-08-12T13:51:20.969348
ea5b9a62-a083-43ab-bda5-25157fe74fe4,5a07bc88-ff0b-4476-965f-f4c8d2922d97,1890b36f-a137-41e5-b5ed-1d9d565c4bd0,mobile,3,76.68,3.06,2025-06-15T13:51:20.969362
895c2d43-7f45-475a-bda3-4f63d7356a1c,a91646c9-5f67-4156-b4d0-21a050b6575c,24665074-3a11-4fcf-82f7-1d50a0b2580f,store,3,1145.43,6.12,2025-10-03T13:51:20.969375
9637e227-9316-494a-abdd-f1554ebd1b5c,5bf4583e-b845-45d7-884b-2881ba288b9d,1308f602-c166-4cdc-868a-0b4938053d4d,store,5,162.2,1.44,2025-06-09T13:51:20.969390
d23397e8-51d8-404b-bf89-0e92df28deb4,e0218eae-26bc-40f7-820b-69b7e7a384a5,0e9c5cdb-187a-4121-93cd-cd24adc53bc4,web,2,225.3,0.08,2026-01-26T13:51:20.969403
3cbdccea-8893-49a2-bfc2-4acd23da4906,01345167-d5c6-442f-9e36-7a5740ee4bcf,bdea1b76-1208-4a2f-b2e1-1aa8a5626500,store,3,925.38,18.51,2025-08-07T13:51:20.969416
6cf963b7-5045-4b0d-bf17-39bf08ceba0f,01b0c61b-4ff2-4653-a90f-f2336d2cab3a,f6df0b45-6106-42d3-8c75-195d0ad4baee,store,3,1166.37,6.16,2025-10-01T13:51:20.969429
d03cad1a-a751-4865-98df-4cfc061a2fc4,ac9d43e7-e4a4-4d8f-b14c-e805d4976edf,d5ee97fe-7203-4277-a432-29e8207ec8be,web,4,210.36,7.7,2026-03-27T13:51:20.969442
f0237e52-9ae2-4e30-90d8-f30f38c25717,cfa50b22-dd88-4144-a163-40e5f68f236a,9c0e36b8-29dc-48d8-9869-8d952c29dbdb,store,2,597.46,15.43,2025-09-04T13:51:20.969456
11db4423-2531-4234-9b73-0b9d4f9e5df3,0187210b-941d-4bad-b587-443bb52be2a0,6c37ac7c-22fb-489b-9e12-ba964446997b,store,5,2219.3,12.7,2025-04-17T13:51:20.969469
2a6e7d78-7783-4a59-8cec-f5a5be68b705,6951a992-1ef4-4e7f-af9b-4a2989cadc35,69b6bb4a-cfaa-4878-91ae-e146f31c1955,mobile,4,1366.28,4.94,2025-09-10T13:51:20.969482
f8002cd1-896a-4632-8f79-f76aa903b065,46a28351-96db-49e2-8f94-2a1ff20a0c8d,944989d7-0474-4130-959f-c793bf62259e,mobile,3,358.08,13.53,2025-05-27T13:51:20.969505
30dc5f01-756b-4948-8381-4c52e0107067,80bb3786-c8a8-42d8-9893-287ac213c975,08f682e0-0949-4d7f-9c1a-36bb48342221,store,3,646.65,18.89,2025-06-10T13:51:20.969534
9aa69b9c-7aa3-408a-8449-fa36872d1732,f3a49fd3-455a-4ac4-9d70-9cd8d52b0e4e,11d7b21d-825c-442e-8c20-a64d4de4dd3c,mobile,2,114.76,19.04,2025-06-11T13:51:20.969569
27bcba98-6773-4124-b62b-6c88e312305e,539ff2c6-6954-426f-8aac-ef6ce054bfab,9c0e36b8-29dc-48d8-9869-8d952c29dbdb,web,1,298.73,12.89,2026-02-15T13:51:20.969582
03d6b053-7a82-4e15-9e19-6343a95a8372,abb8399d-d557-4b20-a585-bdc3cbf9c14d,1308f602-c166-4cdc-868a-0b4938053d4d,mobile,4,129.76,19.48,2025-04-19T13:51:20.969599
c021bb49-f52b-4770-b1fe-18b1a53a1dfc,4ef4042a-f263-4a37-919f-f91e554b9949,1791a541-fe39-430b-9626-a24acd85e08e,web,2,543.44,16.59,2025-09-11T13:51:20.969615
90e68717-a6dd-41cf-bf5c-821d79c1941c,caf9ba8e-9dd9-4b84-8f45-aaf06185a794,053f89ae-21b6-4267-baf4-f4be573d366f,mobile,5,355.75,17.73,2025-07-17T13:51:20.969636
bc5dd32e-b363-441e-80d0-e6993a59e449,48939967-06c2-444f-bd14-4f7a500ae2cb,053f89ae-21b6-4267-baf4-f4be573d366f,web,4,284.6,12.72,2026-03-01T13:51:20.969667
f6f0375f-c3ad-41e2-8545-5f25f4a00cc3,431580be-df8f-4693-a61b-a2d5910223b2,6c37ac7c-22fb-489b-9e12-ba964446997b,mobile,2,887.72,4.19,2025-11-29T13:51:20.969691
c475409c-dd3f-4317-ba1d-10beec636493,660774c2-3e9a-4fb9-8a1d-efc23461f660,f6df0b45-6106-42d3-8c75-195d0ad4baee,web,3,1166.37,16.33,2026-04-12T13:51:20.969724
7608f6ae-e5b1-4093-b7d8-10912354a054,448a6e6d-f8d5-4ebc-bf46-f25be1b499c3,08cb9e44-2170-4369-9ab2-a47e52847e6c,store,1,117.12,10.5,2025-04-24T13:51:20.969751
ef85037b-2c7b-4519-a67b-0972f6563a2f,d2d0328c-6454-4cfc-8e07-f86be9061924,a0de6626-305c-473f-946f-bec5e72fa2b2,web,4,1470.24,7.49,2026-01-18T13:51:20.969765
f73359c6-08bf-4a17-9b8a-3de0f6af5f0a,9b66b8f5-ba94-4ffa-9d5d-1385fe996de7,542e404c-f975-45bf-b793-249b8d15665d,web,2,214.84,10.05,2025-08-09T13:51:20.969777
2905e74e-45ba-4953-a709-099404f9fb16,e20398c7-b82b-42e3-9336-71ccbdfea714,f1f6542b-4b3f-4e65-8d9a-766c8d57ad72,web,5,1607.4,4.02,2025-12-28T13:51:20.969791
d18a18fe-46c6-4cb8-8c87-11dd38031905,660774c2-3e9a-4fb9-8a1d-efc23461f660,24665074-3a11-4fcf-82f7-1d50a0b2580f,store,2,763.62,8.81,2025-12-04T13:51:20.969804
7bb5a87b-b38d-4bd2-8557-b0c5130c0835,9258f655-3c64-4155-acfb-ce47710a63f6,08cb9e44-2170-4369-9ab2-a47e52847e6c,store,2,234.24,1.71,2026-03-06T13:51:20.969816
abb73bf5-7c49-4b78-b20c-5adbd4bf4de3,bb4ef3c6-a55d-4ec2-9f3e-ed8bc693d9d5,a47d64f7-a098-44b9-8c64-05a8c978779f,web,1,305.82,11.71,2025-10-22T13:51:20.969830
7bcd917e-9542-4a8a-a5d0-8cd9a8ff61ac,46a28351-96db-49e2-8f94-2a1ff20a0c8d,ca3df109-0f94-4c65-bb50-5e247fa97614,web,1,353.88,5.32,2026-04-11T13:51:20.969843
6419df77-4cf9-4bdf-a738-e815187c361a,10699e3c-9f67-4108-a71c-a0918eaa3418,79634690-8c5c-4240-8205-82b10c85c886,web,5,1616.55,4.22,2026-03-25T13:51:20.969858
31cee6b0-2231-4be1-90f0-fb57d1960c48,5ea34c47-e02d-45ce-bbe2-3ae31540f714,79634690-8c5c-4240-8205-82b10c85c886,mobile,4,1293.24,19.74,2025-06-11T13:51:20.969870
331ec89c-3948-4e9a-b1e7-e1d974b2ca8c,fa848a5c-ec51-4164-a85d-f28025f41073,a47d64f7-a098-44b9-8c64-05a8c978779f,store,4,1223.28,12.09,2025-08-16T13:51:20.969884
2fcbbbbc-98fd-4e18-bb7d-c6136f6375b8,897ea419-5205-4856-81b1-ab4a07c658a1,321b80eb-c6e9-42e0-a6f5-86598247acd3,web,3,878.67,18.82,2025-11-05T13:51:20.969897
d9c5ebab-e7f7-48a2-8135-26e3969e2bf3,9fbdd83e-1473-4d7d-88eb-05463f65126d,f6df0b45-6106-42d3-8c75-195d0ad4baee,web,4,1555.16,19.51,2025-06-07T13:51:20.969910
658f10c2-1506-4f8c-a8ed-9768aa00e321,fcde5f6e-e6d6-4d2d-b864-ca5cfe08fe46,457d9d38-588b-41ff-8c67-d7258b51a8e6,store,1,416.4,17.41,2026-04-14T13:51:20.969923
d1b06e65-2ab6-4e04-a307-8157b01642ec,03cd349e-dd04-4d46-a08f-6b40026ac251,542e404c-f975-45bf-b793-249b8d15665d,web,1,107.42,17.38,2025-06-11T13:51:20.969935
f76401a0-9de4-4560-bdab-37dba8b44098,e28f4770-6966-405d-a263-775367525a66,bff07f43-24a8-4d20-b9e9-6cac1ecce307,mobile,3,180.21,13.72,2025-08-27T13:51:20.969948
434851a8-a5d9-400d-a770-accdf3ad8f7b,151c76f0-b52b-44c4-88d8-60c260d72682,0e9c5cdb-187a-4121-93cd-cd24adc53bc4,mobile,5,563.25,3.76,2025-09-16T13:51:20.969961
7004a6d7-c1a6-4dcd-ac0d-853a16fceeb0,fcce4cc1-7186-4f54-85f6-10e497d9899f,905f2110-caca-46ad-b1fc-61c3fda110f1,store,1,48.6,17.47,2025-05-26T13:51:20.969977
889b008f-9835-46ec-919d-e791b3f7b4f9,bc2a15b3-8cd0-4701-8a84-5408610596e6,905f2110-caca-46ad-b1fc-61c3fda110f1,mobile,4,194.4,9.69,2025-12-17T13:51:20.969991
c369cd18-e7f9-40bd-951a-864da6f2ec06,2433a03f-64b2-4957-94be-f7b57ce9effc,1890b36f-a137-41e5-b5ed-1d9d565c4bd0,store,3,76.68,19.74,2025-09-08T13:51:20.970008
0ebca9e3-4363-4ec5-beb2-9074894e5785,058c636f-b73c-4bd9-bd6a-134962a13206,08cb9e44-2170-4369-9ab2-a47e52847e6c,mobile,4,468.48,3.9,2025-11-16T13:51:20.970021
2df8576f-b00d-4f98-8c64-c047eed6954b,25f511db-8e77-4fc1-b6e3-9e44765a64bb,1791a541-fe39-430b-9626-a24acd85e08e,web,5,1358.6,2.56,2025-07-31T13:51:20.970035
a152c833-4d80-43d0-8828-c4587b9dc44d,2389a3ab-c7d9-4780-ab1f-1c558d6f7d54,1890b36f-a137-41e5-b5ed-1d9d565c4bd0,mobile,3,76.68,19.74,2025-05-06T13:51:20.970050
a479d2cc-d039-4d18-a169-32ae38826c83,8dffa9f2-549a-4fcc-bc8a-89381a4325e6,9c0e36b8-29dc-48d8-9869-8d952c29dbdb,store,4,1194.92,13.25,2026-02-15T13:51:20.970063
560238f7-3028-4b50-b716-ba54fc2ff1e6,10c5aaaa-16e0-442a-b44c-907f6d455a23,bff07f43-24a8-4d20-b9e9-6cac1ecce307,mobile,2,120.14,14.0,2026-01-18T13:51:20.970076
efbd8e64-b651-4d57-80bb-824e261abc8c,706a122a-0673-42d0-ab4d-15b133b4527f,e19c753d-318c-4edb-b565-fc406c99c72c,store,1,196.25,18.05,2026-01-23T13:51:20.970089
d418ea18-81cb-42e8-b29f-e431471c6b5e,e1269dc6-362b-4eb3-bbfd-898d81402a48,a47d64f7-a098-44b9-8c64-05a8c978779f,mobile,2,611.64,9.53,2025-12-05T13:51:20.970111
a1d812ef-0f96-4ef2-a2ae-d1a09c781edc,db4623ff-6c9c-4697-a41d-b3a861bc38bd,28de6b67-c5da-4fd9-9ae6-64f199eb885d,mobile,2,609.96,14.51,2025-07-16T13:51:20.970140
8fe3439a-a7c7-4c91-bfb8-e0a51cf7bafb,8ccd0f15-fc71-4c67-ad0e-2f8a0beac395,457d9d38-588b-41ff-8c67-d7258b51a8e6,mobile,2,832.8,1.29,2025-06-25T13:51:20.970155
8d08b8ec-cd63-4742-9127-1459c504be16,c965e9c5-69cf-4549-9341-be2f2bdff784,1308f602-c166-4cdc-868a-0b4938053d4d,mobile,4,129.76,15.7,2025-05-16T13:51:20.970169
9c60e6a8-93e1-4f3d-96bc-73156657971f,b664366b-7c09-4ec4-aa85-c5b623eb61f3,e19c753d-318c-4edb-b565-fc406c99c72c,store,2,392.5,2.31,2025-12-22T13:51:20.970182
7bc09eed-a538-4081-80d4-eb156c80176c,2ec98caa-fbcb-44c8-9be4-a2b9a927b42d,28de6b67-c5da-4fd9-9ae6-64f199eb885d,mobile,1,304.98,11.84,2025-10-23T13:51:20.970195
ed8d6dc9-aefe-491d-ba16-898aab6344f6,486e7590-a65d-4b51-90c2-c0656ce8f42e,28de6b67-c5da-4fd9-9ae6-64f199eb885d,web,5,1524.9,17.07,2025-10-09T13:51:20.970207
c517c0d1-becd-4208-a10d-5cdd5442ccda,f65d479b-25d8-4802-84c9-42567ffe5a6e,1308f602-c166-4cdc-868a-0b4938053d4d,store,5,162.2,1.24,2026-04-15T13:51:20.970220
b78becf9-cf47-4cb4-a421-015a7b4a7b9b,2bf20add-b53d-4ece-be51-331ebb53ad0c,ad1fb5ee-a91c-4991-9341-e395d2beecef,store,4,1408.32,15.43,2025-09-11T13:51:20.970233
18d46af3-98de-4ad0-ad50-288292ee2b2d,4ec84b5f-b09d-47ae-b377-aa007382cd8e,542e404c-f975-45bf-b793-249b8d15665d,mobile,5,537.1,11.82,2025-05-11T13:51:20.970247
76b0cdd6-f621-4fc5-ac1e-2026f6393e30,706a122a-0673-42d0-ab4d-15b133b4527f,f6df0b45-6106-42d3-8c75-195d0ad4baee,store,1,388.79,6.32,2025-07-14T13:51:20.970269
3b6c71fb-f191-4a1d-b7fe-dc9a128fbe3b,05936011-9e61-41c0-bc67-638eee4f08eb,a0de6626-305c-473f-946f-bec5e72fa2b2,mobile,2,735.12,9.12,2025-08-03T13:51:20.970302
df71f7a1-3708-47bf-9411-4bbfd0c4295f,c08b7d80-81ef-4d20-ae7b-8a8d690a6465,a0de6626-305c-473f-946f-bec5e72fa2b2,mobile,2,735.12,0.69,2025-05-10T13:51:20.970325
cd3f6d5e-1890-456b-b848-6a4c3b104e07,b6bae32c-417a-4606-ab1f-a80de57064d7,053f89ae-21b6-4267-baf4-f4be573d366f,web,5,355.75,5.47,2025-04-28T13:51:20.970338
e3d39491-0405-4e61-b7ce-5886f29c9a22,740901b0-ea82-459c-b9c4-ebb6e59f3b9c,2341a1b6-ca76-4973-ad2e-4a906f9fd51d,web,4,470.4,9.9,2025-05-27T13:51:20.970352
5112c87e-8815-4792-ba75-65411262fdc4,9b66b8f5-ba94-4ffa-9d5d-1385fe996de7,1308f602-c166-4cdc-868a-0b4938053d4d,web,1,32.44,16.56,2025-10-27T13:51:20.970366
efd3279f-d14e-42cf-9ae2-d45614ba043f,94d0b5a3-a86a-4abe-816b-c62b05ebe72f,6eae25b5-bfd1-445a-b0d8-86e5ef9604a3,store,1,479.02,14.55,2026-01-14T13:51:20.970378
bb880f66-2666-4349-9069-63432a6c9448,eeba25c3-bc51-40f2-ad4f-d841787e2823,9c0e36b8-29dc-48d8-9869-8d952c29dbdb,store,1,298.73,6.75,2025-07-09T13:51:20.970392
29545d7b-6680-4742-8a5c-83daef304afb,1a02c0cc-fc75-4896-95e3-13aa5ba34d35,0e9c5cdb-187a-4121-93cd-cd24adc53bc4,store,3,337.95,1.44,2025-09-27T13:51:20.970405
2f17fa10-c16c-445a-8960-6deda80fde6b,a91646c9-5f67-4156-b4d0-21a050b6575c,a0de6626-305c-473f-946f-bec5e72fa2b2,web,3,1102.68,14.02,2025-04-24T13:51:20.970418
4bd28582-c4d8-49c7-a20f-e13b42668a11,aec97b20-5ba5-49c5-825e-394baa6577c2,f6df0b45-6106-42d3-8c75-195d0ad4baee,store,1,388.79,15.05,2026-02-07T13:51:20.970432
b1cebcab-d75d-4974-8691-ac378e2a69f6,a539424b-3bc3-488a-86dd-c9667b50b118,69b6bb4a-cfaa-4878-91ae-e146f31c1955,mobile,3,1024.71,3.27,2025-08-24T13:51:20.970447
b832d423-bdab-41af-9294-2cdc3d10f236,f81bcfa1-39d2-47e8-8236-8071706a6271,f1f6542b-4b3f-4e65-8d9a-766c8d57ad72,web,4,1285.92,4.2,2025-11-17T13:51:20.970461
81156d6f-b76e-4d5e-bf20-d24d2723d1a0,755b4c50-4d17-4e79-8c2a-5d83b8972610,ad1fb5ee-a91c-4991-9341-e395d2beecef,mobile,1,352.08,17.12,2025-10-12T13:51:20.970474
e6e24605-84f7-4f30-9ad4-46ca4f42395b,083e8a6f-8f77-46a2-9c02-e6aed9548dfb,08f682e0-0949-4d7f-9c1a-36bb48342221,mobile,4,862.2,16.83,2025-09-09T13:51:20.970487
62eeb176-ba0c-4371-86a6-fb80c13a07be,1a545b76-5860-41b1-baaa-3e68e201641e,69b6bb4a-cfaa-4878-91ae-e146f31c1955,store,1,341.57,3.59,2025-10-15T13:51:20.970500
422d6b17-3b15-4ef3-8548-a2fb903f4db2,edf7364c-5fb5-440f-9742-0f14133ceede,28de6b67-c5da-4fd9-9ae6-64f199eb885d,store,5,1524.9,11.87,2025-05-18T13:51:20.970526
21779937-7753-4d94-9f5f-b60e5788e3a2,bc2a15b3-8cd0-4701-8a84-5408610596e6,08f682e0-0949-4d7f-9c1a-36bb48342221,web,4,862.2,2.38,2025-12-11T13:51:20.970554
5e0bf386-b1a7-45c1-bde7-3b879811b3aa,617476de-8ec5-4f6e-860d-7c8277a7c4b1,ca3df109-0f94-4c65-bb50-5e247fa97614,mobile,3,1061.64,19.09,2025-04-28T13:51:20.970568
e98db346-30fc-4dd1-bfcb-b9ec8805cfa8,fbce644f-c034-451d-a9da-e01919623f87,1308f602-c166-4cdc-868a-0b4938053d4d,mobile,1,32.44,7.64,2025-08-21T13:51:20.970581
d7997268-6a38-4989-b1a9-e90737790dec,c1207f04-88b4-4471-845c-87ac01dd5ff3,f1f6542b-4b3f-4e65-8d9a-766c8d57ad72,web,3,964.44,2.33,2026-04-10T13:51:20.970598
0703742a-cadd-4b49-bb4e-16e93b30e301,d59d067c-81ef-43c0-8749-a85d38c15ba1,ca3df109-0f94-4c65-bb50-5e247fa97614,web,5,1769.4,11.74,2025-12-21T13:51:20.970611
50dd6abd-da0b-4180-b7ba-306d7596f5fd,51b8c361-d3b7-4bfc-a0c5-c15b2fc0a697,0e9c5cdb-187a-4121-93cd-cd24adc53bc4,mobile,3,337.95,1.89,2025-04-25T13:51:20.970627
911631ad-116a-4ede-9a9a-53a34af8ae00,8c0ec5af-151e-4280-ab18-606cae2ad64a,24665074-3a11-4fcf-82f7-1d50a0b2580f,mobile,4,1527.24,14.05,2025-08-11T13:51:20.970649
a40fa376-44bd-48bc-84bf-595a47e02186,c8bc6461-f15e-48de-b1ae-15a4fb815418,2341a1b6-ca76-4973-ad2e-4a906f9fd51d,store,2,235.2,1.27,2026-02-24T13:51:20.970662
dae4339e-75b5-4ff4-a6ad-2731dc8f209d,4b60a00d-31c4-4bfd-b30d-a2d859396ec2,168e2ef5-ab86-444e-ad38-6cbe82465e6a,mobile,2,180.12,0.39,2025-09-20T13:51:20.970675
dabaf565-cc43-4acf-b55e-b7ded0ce1db5,4d822340-7e45-4eb3-a279-41f8e82e1084,168e2ef5-ab86-444e-ad38-6cbe82465e6a,web,5,450.3,10.38,2025-08-08T13:51:20.970696
90973e9c-8238-4acc-83be-8ada4e2d1d4b,f45b6dd0-1af6-4a35-8377-7ab4e1b51575,168e2ef5-ab86-444e-ad38-6cbe82465e6a,mobile,1,90.06,17.95,2025-12-30T13:51:20.970716
1445d120-88bb-413f-bdee-e65f82649105,1ad0c269-9ca7-41f3-92b2-3f548e7fa43c,24665074-3a11-4fcf-82f7-1d50a0b2580f,store,1,381.81,16.01,2025-07-05T13:51:20.970739
20e8b24d-ad88-42af-ba96-31e8b6b77a20,d59d067c-81ef-43c0-8749-a85d38c15ba1,944989d7-0474-4130-959f-c793bf62259e,web,2,238.72,13.05,2025-06-25T13:51:20.970751
189001c7-8f99-4e13-97fd-70ff9ebf6b99,2ec98caa-fbcb-44c8-9be4-a2b9a927b42d,17c1c99f-c424-420e-8868-5ab21bafe8e5,web,3,426.78,19.6,2026-03-29T13:51:20.970770
93c003ba-73dd-4b29-9ce9-9cac202fb5d9,399dd347-bbce-4207-aac1-1923f065145e,053f89ae-21b6-4267-baf4-f4be573d366f,web,3,213.45,8.46,2025-07-11T13:51:20.970800
03be3053-85f7-4142-bfbb-36d22ad44e4e,8e2a7aa8-8e6c-4b41-9ba3-9577be455dc7,79634690-8c5c-4240-8205-82b10c85c886,web,2,646.62,18.92,2025-11-13T13:51:20.970825
3b8a0b28-0b4b-4c13-a631-3af08ef396e0,de68fb7c-314a-441e-8f92-23d7f49a490a,a0de6626-305c-473f-946f-bec5e72fa2b2,web,5,1837.8,11.54,2025-08-31T13:51:20.970839
d040fd79-93cf-4c5f-9cbf-d10c4a1b58c4,608deb86-6661-4f77-bb41-aecc5e51f64a,905f2110-caca-46ad-b1fc-61c3fda110f1,mobile,5,243.0,10.76,2025-10-17T13:51:20.970852
c8c37994-afa9-4f8c-8c4f-1b7675b51108,94d0b5a3-a86a-4abe-816b-c62b05ebe72f,08cb9e44-2170-4369-9ab2-a47e52847e6c,web,1,117.12,3.76,2025-12-15T13:51:20.970868
99bcbf72-764c-4b38-bcf6-e43e947ce25f,eeba25c3-bc51-40f2-ad4f-d841787e2823,56ad6e1f-0691-4acd-a3de-c8da072e3963,mobile,2,292.3,4.32,2025-06-11T13:51:20.970882
e3b599df-4454-4cf2-8d84-eee7cf4fe3f8,181f6def-75b2-4650-8010-6b2d2c405278,a47d64f7-a098-44b9-8c64-05a8c978779f,store,2,611.64,1.49,2025-06-01T13:51:20.970898
91ced69d-1c6f-4c62-ae3c-43362e5e7600,3353b7da-6f12-42f1-9424-fbde65b4b5f8,11d7b21d-825c-442e-8c20-a64d4de4dd3c,web,4,229.52,8.0,2025-05-18T13:51:20.970911
93e2cdbc-d66c-473e-be11-42eeb08ab841,1c13764a-936b-493a-8635-7e1a3faff27d,11d7b21d-825c-442e-8c20-a64d4de4dd3c,web,4,229.52,10.72,2025-04-25T13:51:20.970924
ed66f4a7-237f-4170-bfaa-8db66f77a0d5,09ea9b77-2776-4869-9b5d-0cfcb5dee3eb,a47d64f7-a098-44b9-8c64-05a8c978779f,store,2,611.64,11.27,2025-04-15T13:51:20.970940
01204b0e-e3fd-4b0e-88fd-58eadbed547f,8d828bfe-e76a-4489-8c2c-8660db2e545a,bdea1b76-1208-4a2f-b2e1-1aa8a5626500,store,5,1542.3,16.43,2026-01-22T13:51:20.970954
3b4587cf-8706-4103-81d0-37e79d48a5d2,c7a05006-af72-4fe4-af69-4916237acd03,e19c753d-318c-4edb-b565-fc406c99c72c,mobile,4,785.0,4.95,2026-04-02T13:51:20.970967
cac2e2d1-79e2-41cf-b708-ddb057f87e89,dfd88f4a-881a-4321-818c-18b086464918,28de6b67-c5da-4fd9-9ae6-64f199eb885d,mobile,5,1524.9,10.97,2026-02-18T13:51:20.970979
d8075478-ccf2-430d-87f5-af753b67bdae,ade7f931-425a-4ac1-9ba5-fb56ea154a33,457d9d38-588b-41ff-8c67-d7258b51a8e6,store,1,416.4,15.56,2025-10-12T13:51:20.970992
1a9a7566-7b3f-4400-aee7-0345a458394a,ed724f87-0665-460b-a58e-8e84c942f5a5,6eae25b5-bfd1-445a-b0d8-86e5ef9604a3,web,3,1437.06,7.54,2026-04-10T13:51:20.971010
75d89359-c2f1-4d35-acda-585a9784b737,bc2a15b3-8cd0-4701-8a84-5408610596e6,6eae25b5-bfd1-445a-b0d8-86e5ef9604a3,web,4,1916.08,3.51,2026-02-21T13:51:20.971023
51fe3085-74b4-4370-be57-fed9a210c008,a91646c9-5f67-4156-b4d0-21a050b6575c,053f89ae-21b6-4267-baf4-f4be573d366f,web,5,355.75,10.58,2025-08-08T13:51:20.971036
7ff4b4c6-c312-4b0b-b8ff-77b91c2dacd6,e08005e5-7c2d-4d4a-b8b0-0dfdef1cc73d,2341a1b6-ca76-4973-ad2e-4a906f9fd51d,store,3,352.8,12.15,2025-07-07T13:51:20.971050
3f0d2cee-76e2-4d56-a308-29e6399a30b9,db4623ff-6c9c-4697-a41d-b3a861bc38bd,69b6bb4a-cfaa-4878-91ae-e146f31c1955,store,2,683.14,3.61,2025-11-04T13:51:20.971062
2f990aa3-6cfd-48e3-8c63-0ed87d36b32c,f36fccea-2534-4b79-a552-2ebb363bad1a,168e2ef5-ab86-444e-ad38-6cbe82465e6a,store,5,450.3,9.54,2025-06-15T13:51:20.971075
28e07774-86ec-464a-945a-c73e194bd952,28bda88c-ec35-4327-97b4-3646020d3493,11d7b21d-825c-442e-8c20-a64d4de4dd3c,mobile,1,57.38,14.26,2025-04-29T13:51:20.971088
ef4ecaed-0e53-45a4-9dd1-81d417ca9fcf,d9b7e479-7962-472f-9f45-ed44bb42d6aa,542e404c-f975-45bf-b793-249b8d15665d,mobile,2,214.84,14.71,2025-10-04T13:51:20.971101
109cc297-3ffc-4bd6-a4aa-85584250b705,2e1846b9-5efb-4df6-9fa0-b8de321d8ce9,321b80eb-c6e9-42e0-a6f5-86598247acd3,mobile,2,585.78,8.36,2025-05-03T13:51:20.971115
3c39bcb8-ab23-4313-a2ae-e6e496f9edf3,f034c227-4c36-4efd-aaf6-21c60e1aa1f6,24665074-3a11-4fcf-82f7-1d50a0b2580f,store,4,1527.24,10.04,2025-10-16T13:51:20.971132
c2bf749a-8786-4c29-b1c9-f359620d6403,70928f45-8f59-44f3-973d-95a5d8e1a0c7,e19c753d-318c-4edb-b565-fc406c99c72c,store,5,981.25,12.71,2025-12-19T13:51:20.971145
45807d96-3a1b-4162-b8cc-fd235897af0b,2ec98caa-fbcb-44c8-9be4-a2b9a927b42d,053f89ae-21b6-4267-baf4-f4be573d366f,web,4,284.6,12.69,2025-11-06T13:51:20.971159
f5891b77-9987-4b85-817a-8dff7a7f61be,ccc80586-f348-4f03-85eb-7da4adedccb4,bff07f43-24a8-4d20-b9e9-6cac1ecce307,mobile,1,60.07,1.15,2026-01-21T13:51:20.971172
2253068c-2a53-4ea8-9027-a726ac927c98,78ef8c5e-d740-4e3d-aa65-2c822c418b3c,a0de6626-305c-473f-946f-bec5e72fa2b2,web,5,1837.8,19.24,2025-08-06T13:51:20.971192
05e2a508-36d6-4e29-a4ac-74a62abc4ef5,b5e852ab-dc42-45d2-80ed-061b15e85082,bdea1b76-1208-4a2f-b2e1-1aa8a5626500,store,2,616.92,10.3,2025-08-13T13:51:20.971222
4b168d58-802a-4840-b11d-a2a920ffad6e,d6de87d1-6cf1-400d-8b1d-d8af4573a316,168e2ef5-ab86-444e-ad38-6cbe82465e6a,web,1,90.06,12.33,2025-09-20T13:51:20.971245
8b033bb5-e86e-40f8-862b-7949c1655e5a,48186108-5140-477d-8d9c-59cf0f3db172,79634690-8c5c-4240-8205-82b10c85c886,mobile,4,1293.24,14.99,2025-04-21T13:51:20.971259
204912c5-613c-4554-828c-a6b7f23b8efb,8757f80d-81ed-4e4f-a7d0-dd997cfdac05,1791a541-fe39-430b-9626-a24acd85e08e,mobile,5,1358.6,8.97,2026-03-25T13:51:20.971274
e6aff2d7-0255-4ed5-ac74-a6406e5bd1bc,b3f884c2-631e-4f50-8ebb-a704e4cd049d,1791a541-fe39-430b-9626-a24acd85e08e,web,2,543.44,7.34,2026-01-16T13:51:20.971291
b592ad35-37e6-4563-b311-48277dc06a9d,ef8225e3-4aeb-459c-8242-fae62541926d,bdea1b76-1208-4a2f-b2e1-1aa8a5626500,store,3,925.38,9.91,2026-03-20T13:51:20.971304
23b98959-ebbc-44d7-9aa3-03bdfe0b4893,32528c9b-b758-4757-b73f-1f5e974a7789,321b80eb-c6e9-42e0-a6f5-86598247acd3,mobile,1,292.89,5.0,2025-10-24T13:51:20.971319
765e5036-54f3-4e0d-bcb3-1178a8394b60,9250bcb7-8e85-4859-9210-77e4d80ea8af,28de6b67-c5da-4fd9-9ae6-64f199eb885d,store,3,914.94,5.87,2025-11-13T13:51:20.971343
083c929e-6d6c-4995-b5a1-ee83a89f5188,b99c3e55-f199-4dc5-b146-d6358e2b84b5,79634690-8c5c-4240-8205-82b10c85c886,web,5,1616.55,18.46,2025-09-26T13:51:20.971377
b9069051-2dae-41de-b819-229741b3cdcb,27cdacc1-7d04-4490-b295-5991e94f9f5e,bdea1b76-1208-4a2f-b2e1-1aa8a5626500,mobile,1,308.46,16.97,2025-08-21T13:51:20.971391
63f055d1-99d7-4ece-bca2-6e1b3570c6e4,3e180188-758e-4f82-bfe5-3ce6dbd03f62,6c37ac7c-22fb-489b-9e12-ba964446997b,store,1,443.86,6.57,2025-06-04T13:51:20.971404
8d922ede-8291-44f3-b44d-a73f45eedf9f,4bc1996f-9825-4f06-85da-2b0db239e855,08cb9e44-2170-4369-9ab2-a47e52847e6c,mobile,1,117.12,3.72,2025-10-18T13:51:20.971417
c4aadbf8-10c2-4527-be51-213624a73092,4bc1996f-9825-4f06-85da-2b0db239e855,79634690-8c5c-4240-8205-82b10c85c886,store,1,323.31,3.95,2025-09-07T13:51:20.971429
5bfccf21-9308-4e64-b834-cc966953eeec,a18309c4-a283-406a-9f8a-e402aa32ac66,bdea1b76-1208-4a2f-b2e1-1aa8a5626500,web,2,616.92,18.26,2025-09-17T13:51:20.971442
a788b794-104f-4402-982b-2d9e28185c75,01af8a00-d406-447f-b3dd-975ce21b49ec,08f682e0-0949-4d7f-9c1a-36bb48342221,store,3,646.65,7.91,2025-12-21T13:51:20.971455
e6c2c3cb-4dbb-4c91-8aa8-a92994118d08,eeba25c3-bc51-40f2-ad4f-d841787e2823,321b80eb-c6e9-42e0-a6f5-86598247acd3,mobile,4,1171.56,16.23,2026-01-12T13:51:20.971468
f949b908-99c2-4d30-b776-5dc11570f78d,a2db16fd-ba72-4f0b-9305-a8b470f9b0fa,f1f6542b-4b3f-4e65-8d9a-766c8d57ad72,web,4,1285.92,7.07,2026-01-23T13:51:20.971482
f796b5b6-0dc2-4920-9d46-0d067fa18278,c49ee3c5-aa37-4df0-bed9-2497197ddbb3,79634690-8c5c-4240-8205-82b10c85c886,web,3,969.93,2.21,2025-04-17T13:51:20.971495
c2b89091-8d32-47ab-8135-be382a61576a,5bf4583e-b845-45d7-884b-2881ba288b9d,944989d7-0474-4130-959f-c793bf62259e,store,2,238.72,14.88,2025-09-25T13:51:20.971507
6c90aa91-dd12-41ae-b693-5e18f0929d53,26f752ae-cb28-42e6-8109-575dcebe96fb,944989d7-0474-4130-959f-c793bf62259e,web,2,238.72,18.97,2025-05-09T13:51:20.971540
e5b54413-98b4-4067-b3b3-3d140975ed86,6d40d013-a9c6-497a-a9a8-a3c69db7cdf1,a47d64f7-a098-44b9-8c64-05a8c978779f,store,1,305.82,11.0,2025-09-12T13:51:20.971570
7f730686-05ca-4217-9785-a95f63487c2f,0d2f63ba-8ff2-4772-8251-bd07c040e63e,542e404c-f975-45bf-b793-249b8d15665d,mobile,3,322.26,14.52,2025-09-23T13:51:20.971583
946e0528-7b59-45fd-80e8-2af9948639ab,3a0a8104-2429-4838-b9fb-61c66c54643d,1308f602-c166-4cdc-868a-0b4938053d4d,web,2,64.88,15.85,2026-02-18T13:51:20.971597
cc1e69eb-daa3-443d-b73d-cf24623a8b63,4fea6d9e-f8ff-4426-9531-797cc03943e1,08f682e0-0949-4d7f-9c1a-36bb48342221,web,3,646.65,15.35,2025-08-02T13:51:20.971610
2efde2f0-5b01-4fa2-80cb-e11d2bf24e7a,42739148-1263-40e6-8a79-44cde3b55420,69b6bb4a-cfaa-4878-91ae-e146f31c1955,mobile,3,1024.71,14.75,2025-09-08T13:51:20.971623
0587b192-f627-46f3-b788-81f9109efec0,c49ee3c5-aa37-4df0-bed9-2497197ddbb3,0e9c5cdb-187a-4121-93cd-cd24adc53bc4,store,3,337.95,1.65,2025-11-22T13:51:20.971636
4d723c53-b78c-4875-ac37-52a05084b3c7,967a969f-428a-4ffe-ad7a-fb432d7496a2,bff07f43-24a8-4d20-b9e9-6cac1ecce307,mobile,5,300.35,10.22,2026-01-27T13:51:20.971649
d4da4788-30c4-49b0-8ed8-bea1095527ce,5b737127-dd4b-42d2-8e51-24ce5e175dba,a47d64f7-a098-44b9-8c64-05a8c978779f,mobile,1,305.82,4.95,2025-12-02T13:51:20.971665
9e19c1ec-797a-4011-b0a8-e0dd96e2790b,3436f083-badb-42e6-b67e-49a63fe80587,e19c753d-318c-4edb-b565-fc406c99c72c,mobile,2,392.5,15.65,2025-08-16T13:51:20.971678
315e1727-0b56-41a5-98a0-3739ca89034c,083e8a6f-8f77-46a2-9c02-e6aed9548dfb,bdea1b76-1208-4a2f-b2e1-1aa8a5626500,web,5,1542.3,19.85,2026-01-13T13:51:20.971695
2a667b24-6e97-4569-bdaa-c156d64a5a3c,4a9cb868-6695-4bf7-93f9-6f179ead9401,08f682e0-0949-4d7f-9c1a-36bb48342221,web,2,431.1,8.03,2026-02-13T13:51:20.971709
9214b5af-2345-432c-a44c-08a250548924,034fb1e4-e5d9-468d-91ee-334981a4ff94,ad1fb5ee-a91c-4991-9341-e395d2beecef,web,2,704.16,12.33,2025-09-09T13:51:20.971722
d959baf6-64fe-45e3-8579-85304fc25e18,8ccd0f15-fc71-4c67-ad0e-2f8a0beac395,69b6bb4a-cfaa-4878-91ae-e146f31c1955,mobile,4,1366.28,6.13,2025-09-19T13:51:20.971734
c991209b-d232-45af-bd1c-7583f557dc38,4829a140-3157-48b9-87d5-344eb58b6325,6eae25b5-bfd1-445a-b0d8-86e5ef9604a3,store,2,958.04,9.58,2025-10-25T13:51:20.971748
2fbe43d6-07c7-4a3e-aa6d-928b52f24423,b9495a6f-5d1f-4934-9ae7-1176dbb78c66,e19c753d-318c-4edb-b565-fc406c99c72c,web,1,196.25,5.38,2025-11-11T13:51:20.971769
618b1e88-0a58-40a8-90a9-490c33ce451f,e28f4770-6966-405d-a263-775367525a66,6c37ac7c-22fb-489b-9e12-ba964446997b,store,4,1775.44,17.9,2025-12-10T13:51:20.971803
7f205c7e-2397-4387-ad82-165ad19ee239,ea4f8aeb-9ef4-46ca-953e-5e309b9171ca,944989d7-0474-4130-959f-c793bf62259e,mobile,1,119.36,14.9,2026-03-20T13:51:20.971816
b97c0155-635b-4dfd-b87a-0b91afb8f8eb,0dd9e3a0-993b-425d-814d-c34301fb337f,a0de6626-305c-473f-946f-bec5e72fa2b2,mobile,4,1470.24,2.02,2025-11-23T13:51:20.971828
553f9a0b-7567-4456-a536-26be50f343c6,0a6dd152-f4e3-4ace-b8a8-88e743549233,11d7b21d-825c-442e-8c20-a64d4de4dd3c,store,4,229.52,6.09,2025-10-11T13:51:20.971844
e251249d-6995-4391-bf4d-16573f8feb0f,acd34a34-250e-4096-9b7d-6f794c95fa49,79634690-8c5c-4240-8205-82b10c85c886,store,5,1616.55,7.21,2026-02-08T13:51:20.971877
d69e1288-2be1-4c93-913d-6cf59257bce9,97ef2d8d-9dfa-469c-9ff4-e4f4cfc6f847,321b80eb-c6e9-42e0-a6f5-86598247acd3,mobile,5,1464.45,7.43,2025-07-19T13:51:20.971908
c75485c1-709e-4b59-abc4-a2dc9bae3bc9,008f3c83-68c5-44b4-8a91-226b4738b52d,a47d64f7-a098-44b9-8c64-05a8c978779f,store,2,611.64,1.74,2025-06-20T13:51:20.971921
06b350f6-8eed-4380-a6f9-da50ea653b3b,706a122a-0673-42d0-ab4d-15b133b4527f,542e404c-f975-45bf-b793-249b8d15665d,web,5,537.1,11.73,2026-02-13T13:51:20.971935
c139660b-0b73-4dd2-961d-0292c8929aec,9258f655-3c64-4155-acfb-ce47710a63f6,ad1fb5ee-a91c-4991-9341-e395d2beecef,store,2,704.16,18.51,2025-04-20T13:51:20.971947
cd81dae0-b2fa-4509-8f59-96ea50ad09e6,d7b7e2da-9059-4d56-ae4f-90db25a23b66,168e2ef5-ab86-444e-ad38-6cbe82465e6a,store,5,450.3,14.51,2025-10-22T13:51:20.971961
12c67768-a362-4361-972d-858a19c1e95e,fa848a5c-ec51-4164-a85d-f28025f41073,ad1fb5ee-a91c-4991-9341-e395d2beecef,web,5,1760.4,2.56,2026-01-27T13:51:20.971974
09150990-e63f-4a44-9897-0e6b4c4c01a2,d5327b4f-92bb-47e0-8591-523fd0425dda,17c1c99f-c424-420e-8868-5ab21bafe8e5,store,3,426.78,17.9,2025-07-03T13:51:20.971987
3277b81d-2c74-44e5-893f-2d6a96daeba8,c8d10fb3-b0d6-4395-abbf-fd46d3f2dd82,28de6b67-c5da-4fd9-9ae6-64f199eb885d,store,4,1219.92,8.38,2026-03-12T13:51:20.972004
b832f007-f4f2-44d7-affe-1482aac6f4b4,a92984c0-2022-4ff4-9915-d94264c7fd2a,bdea1b76-1208-4a2f-b2e1-1aa8a5626500,mobile,1,308.46,5.48,2026-01-20T13:51:20.972018
a5df4e51-f8ad-467c-bc77-af06098b26a3,5f9a2f01-073f-4576-a173-61c06b068554,542e404c-f975-45bf-b793-249b8d15665d,mobile,3,322.26,1.22,2026-03-23T13:51:20.972030
3ff921ef-d11e-49e2-85d6-662aba3c7b4f,370f0855-85f1-477f-8f8e-0f1980e8cfc6,ad1fb5ee-a91c-4991-9341-e395d2beecef,mobile,4,1408.32,10.65,2025-08-05T13:51:20.972043
18807a5d-4381-409b-b644-fa3e1971ec0c,cc6dc755-3bcc-4846-adc8-a43fc84f193c,d5ee97fe-7203-4277-a432-29e8207ec8be,mobile,2,105.18,7.68,2025-09-03T13:51:20.972056
50cf6d9c-93ec-42bf-81f4-4d33a74ed9a3,3aa173fb-07c2-4854-8619-e70a310930dd,1308f602-c166-4cdc-868a-0b4938053d4d,store,4,129.76,4.14,2025-06-09T13:51:20.972069
ce6b371e-1dc3-408a-bfd5-99c787014536,5e7d9c86-0812-4f35-9b4d-2df0f399a1dd,9c0e36b8-29dc-48d8-9869-8d952c29dbdb,mobile,5,1493.65,13.93,2025-12-25T13:51:20.972081
92467d7a-b6c5-43f7-b1bb-c11bd75aaa26,c28076f1-629d-4e62-9dae-bd317892740b,bdea1b76-1208-4a2f-b2e1-1aa8a5626500,mobile,4,1233.84,14.41,2025-08-01T13:51:20.972097
abbe5e37-ce3c-4298-a0f8-bfc96a089c7e,400b741d-0ca0-45d6-8523-573617fee653,053f89ae-21b6-4267-baf4-f4be573d366f,mobile,2,142.3,5.37,2025-11-15T13:51:20.972109
53447efc-577c-46ed-80d5-e164f859c1f4,b9412933-cb49-4456-9667-7033dbd70b97,9c0e36b8-29dc-48d8-9869-8d952c29dbdb,mobile,2,597.46,4.76,2026-03-23T13:51:20.972122
92388df4-20ab-4ed3-bed8-33fdc269cc50,b0a631a6-9bfd-4a8c-8c49-40dba41cc45c,08f682e0-0949-4d7f-9c1a-36bb48342221,store,3,646.65,17.47,2026-02-06T13:51:20.972138
2b1008ea-b5ea-403d-865c-cf4e59eaa3c9,edf7364c-5fb5-440f-9742-0f14133ceede,bff07f43-24a8-4d20-b9e9-6cac1ecce307,web,2,120.14,0.03,2025-07-16T13:51:20.972153
3b9098a7-12a1-4d5d-8572-b5f1aeef7f61,032cac28-42f5-4e97-be1e-7846737d3d0c,321b80eb-c6e9-42e0-a6f5-86598247acd3,mobile,3,878.67,17.68,2026-03-04T13:51:20.972176
1bdc772c-99ac-4f71-9fdb-d4ee8063359d,0560a543-8369-4fc5-a080-3704ce1ea87d,542e404c-f975-45bf-b793-249b8d15665d,store,4,429.68,6.49,2025-06-06T13:51:20.972206
58391bbb-7fda-41cb-b4b6-513385b6147e,3e180188-758e-4f82-bfe5-3ce6dbd03f62,79634690-8c5c-4240-8205-82b10c85c886,mobile,3,969.93,19.3,2025-12-24T13:51:20.972219
9bf6c413-b085-4f79-acf0-e01c72c2d977,fe8004db-ae57-4bee-a0a8-df5308934a24,11d7b21d-825c-442e-8c20-a64d4de4dd3c,mobile,1,57.38,19.58,2025-07-14T13:51:20.972232
afa3c742-df1b-4f9a-a8ec-06a2b0876282,fc1c2ec0-aa0e-4069-8b6b-9fa8c982a54c,08cb9e44-2170-4369-9ab2-a47e52847e6c,store,4,468.48,17.4,2025-05-16T13:51:20.972245
aba09eb3-fd50-4e52-bc6d-2232ad2a2a59,4829a140-3157-48b9-87d5-344eb58b6325,17c1c99f-c424-420e-8868-5ab21bafe8e5,web,2,284.52,6.49,2025-09-01T13:51:20.972266
dc58f4aa-db10-4617-bd40-ed5134b9a09a,37719c60-2dce-4f9d-ac9f-4aa5da5bbcd8,f6df0b45-6106-42d3-8c75-195d0ad4baee,web,2,777.58,14.6,2025-08-30T13:51:20.972295
c27986a7-5e33-4324-97d0-1bea69d65fd9,c49ee3c5-aa37-4df0-bed9-2497197ddbb3,321b80eb-c6e9-42e0-a6f5-86598247acd3,web,2,585.78,9.92,2025-08-13T13:51:20.972314
86a74ba2-0cbb-4ce2-b100-0ae049ff0bbb,84d1dfb4-674d-49fb-b335-c37a563eaa93,24665074-3a11-4fcf-82f7-1d50a0b2580f,mobile,2,763.62,9.81,2026-01-09T13:51:20.972327
698e644a-7bb8-45bb-88bc-45dab1b42bf0,b1b3cebd-4a2a-433a-8058-12a34df6a3b3,24665074-3a11-4fcf-82f7-1d50a0b2580f,store,3,1145.43,3.26,2026-04-05T13:51:20.972340
aae31d51-4d08-47a2-ba9b-867c689ec613,fe8004db-ae57-4bee-a0a8-df5308934a24,f6df0b45-6106-42d3-8c75-195d0ad4baee,web,5,1943.95,2.87,2026-01-09T13:51:20.972353
fdc4fa14-9094-4b01-86b3-8d937645ab38,5a07bc88-ff0b-4476-965f-f4c8d2922d97,bff07f43-24a8-4d20-b9e9-6cac1ecce307,store,4,240.28,2.0,2025-05-20T13:51:20.972366
fd1e1bea-909d-4198-8eea-190a5fcfef96,4c7f58a8-13fa-4e51-9b68-67a6d7e2f59e,542e404c-f975-45bf-b793-249b8d15665d,web,1,107.42,7.56,2025-06-11T13:51:20.972379
99c0238d-d5c1-4fa9-bee9-3a73f985c0fd,a5469fbf-9ff0-42b2-a794-2a287bbc17b1,28de6b67-c5da-4fd9-9ae6-64f199eb885d,web,1,304.98,2.64,2025-05-21T13:51:20.972396
2a2f30a6-e862-4c98-9144-d30f9b8d660d,80a6b929-e1f9-4b9b-b8ea-5c1b93b29273,1890b36f-a137-41e5-b5ed-1d9d565c4bd0,mobile,3,76.68,11.99,2026-02-01T13:51:20.972432
24b51590-94cf-47f1-a10d-dd616299d6c1,5ea34c47-e02d-45ce-bbe2-3ae31540f714,79634690-8c5c-4240-8205-82b10c85c886,mobile,1,323.31,16.37,2025-07-12T13:51:20.972446
ab02058d-1add-48f6-a67e-04f95b8d9289,3f9dc824-91b5-4ab4-b84d-905a7500ef6d,1890b36f-a137-41e5-b5ed-1d9d565c4bd0,store,2,51.12,15.19,2026-02-03T13:51:20.972458
245ea5a8-1329-4a5a-9e8c-80e4f4e19edb,29dc093f-722e-4320-8b1c-a48df552bdf8,f1f6542b-4b3f-4e65-8d9a-766c8d57ad72,store,2,642.96,9.58,2025-11-09T13:51:20.972471
bf789386-a1db-4ccf-ba0a-818dd83167be,0662b6ce-20a3-4d11-92e7-9ebde7122461,69b6bb4a-cfaa-4878-91ae-e146f31c1955,store,5,1707.85,12.55,2025-04-26T13:51:20.972483
ca98e211-7847-4b65-bea5-89149b63c2d5,bb4ef3c6-a55d-4ec2-9f3e-ed8bc693d9d5,cbf743b9-e903-4a26-825c-7bde33e1d82c,mobile,1,373.35,5.93,2026-02-22T13:51:20.972499
87f6e618-1479-4644-9b6a-3195caad74e8,b9495a6f-5d1f-4934-9ae7-1176dbb78c66,e68cd9b3-0f66-4719-b9c8-10a5e0acfc32,web,2,858.2,0.48,2026-04-15T13:51:20.972524
8fb5128a-d366-4851-9bea-52ccc43062f7,5a07bc88-ff0b-4476-965f-f4c8d2922d97,1308f602-c166-4cdc-868a-0b4938053d4d,mobile,2,64.88,5.74,2025-10-17T13:51:20.972560
109afb9a-b89f-440a-a678-6e5454ca2b6d,39d21055-64ab-4312-b0c0-d7ddc3e6fe12,1308f602-c166-4cdc-868a-0b4938053d4d,web,1,32.44,19.82,2025-08-07T13:51:20.972576
c6fb08b8-2efb-4e40-a576-7262575b6dbf,71ed938f-c557-407e-b2c5-6db5e002ec6c,08cb9e44-2170-4369-9ab2-a47e52847e6c,web,3,351.36,12.31,2025-10-15T13:51:20.972590
5a08ae30-5f70-4b81-9eaa-a5a761449013,b9412933-cb49-4456-9667-7033dbd70b97,321b80eb-c6e9-42e0-a6f5-86598247acd3,mobile,1,292.89,3.02,2026-03-24T13:51:20.972603
dae43b31-4a0d-40a3-a5dd-8b906095ba87,967a969f-428a-4ffe-ad7a-fb432d7496a2,1791a541-fe39-430b-9626-a24acd85e08e,web,3,815.16,13.59,2025-06-12T13:51:20.972616
24811da5-153d-4e34-be10-0d17e8e63bcd,a217c9df-5a7e-43b6-a2e1-a6a71f171b05,053f89ae-21b6-4267-baf4-f4be573d366f,store,5,355.75,17.51,2025-11-20T13:51:20.972629
b0ffc917-7508-4b27-bf9e-220596c27946,dfd88f4a-881a-4321-818c-18b086464918,ca3df109-0f94-4c65-bb50-5e247fa97614,mobile,3,1061.64,15.97,2025-12-01T13:51:20.972643
81b50811-d8ce-4854-9934-4abe20996068,706c92b2-4312-41a5-af08-065360ef288d,79634690-8c5c-4240-8205-82b10c85c886,web,2,646.62,6.41,2025-05-15T13:51:20.972656
c9deb3c5-aa65-4e6f-97c2-fc55ed71f306,29a057d1-7c37-45a4-8af5-5c3dcb4ad8a3,f1f6542b-4b3f-4e65-8d9a-766c8d57ad72,web,4,1285.92,11.56,2026-03-12T13:51:20.972669
e0c5fcfe-d726-478e-a9ad-b1175f09ee18,6d40d013-a9c6-497a-a9a8-a3c69db7cdf1,a47d64f7-a098-44b9-8c64-05a8c978779f,store,2,611.64,19.9,2026-02-28T13:51:20.972682
b895a363-44bb-40f7-a7c2-129714dbe79b,ea4f8aeb-9ef4-46ca-953e-5e309b9171ca,1308f602-c166-4cdc-868a-0b4938053d4d,store,3,97.32,8.48,2025-11-03T13:51:20.972695
dc939353-2f45-4942-8abe-18dddba7de47,608deb86-6661-4f77-bb41-aecc5e51f64a,e68cd9b3-0f66-4719-b9c8-10a5e0acfc32,store,5,2145.5,2.76,2025-05-25T13:51:20.972711
2a8a8aa2-5931-47c8-a108-902baa97644b,8e2a7aa8-8e6c-4b41-9ba3-9577be455dc7,bff07f43-24a8-4d20-b9e9-6cac1ecce307,mobile,4,240.28,9.94,2025-09-13T13:51:20.972724
598afa4a-d25f-4429-a9ba-153d11a5f25b,934582b4-4335-41ae-8710-77f29f6f6c81,ca3df109-0f94-4c65-bb50-5e247fa97614,web,5,1769.4,7.69,2025-07-15T13:51:20.972741
f490973b-2c89-4626-a257-f98f3b1263a8,a539424b-3bc3-488a-86dd-c9667b50b118,e68cd9b3-0f66-4719-b9c8-10a5e0acfc32,mobile,5,2145.5,16.23,2025-06-24T13:51:20.972755
0fb507d3-ea38-49bd-8069-be6648138522,0728b6c8-7eab-48c3-a4e0-0f8f8dbf95f8,1890b36f-a137-41e5-b5ed-1d9d565c4bd0,web,2,51.12,4.07,2025-10-12T13:51:20.972767
f4afe116-b8be-47d2-b919-be4866d390b1,2a6c32ce-d70a-4305-a174-d980455e126f,cbf743b9-e903-4a26-825c-7bde33e1d82c,store,3,1120.05,19.15,2025-07-04T13:51:20.972780
612a744f-b34c-4c50-a9fb-5b8d6574777d,39d21055-64ab-4312-b0c0-d7ddc3e6fe12,28de6b67-c5da-4fd9-9ae6-64f199eb885d,store,1,304.98,16.98,2025-10-19T13:51:20.972793
652afe8b-c35a-4314-8dec-6685621833e0,0128dff7-59f2-4242-8cbc-aa2fd07f13b8,542e404c-f975-45bf-b793-249b8d15665d,web,3,322.26,16.71,2025-08-23T13:51:20.972809
fe8ef710-acdf-4866-9f7d-0a42e1d774ae,2265ad7d-6f3d-45e9-99ad-c1533863d3ba,e68cd9b3-0f66-4719-b9c8-10a5e0acfc32,web,2,858.2,1.12,2025-12-29T13:51:20.972823
99268c1a-cc32-46bc-8760-43f05e907715,f81bcfa1-39d2-47e8-8236-8071706a6271,28de6b67-c5da-4fd9-9ae6-64f199eb885d,mobile,2,609.96,0.53,2025-10-04T13:51:20.972843
76ad303e-f280-4725-8743-042647aba20d,b664366b-7c09-4ec4-aa85-c5b623eb61f3,e19c753d-318c-4edb-b565-fc406c99c72c,mobile,3,588.75,2.12,2026-03-19T13:51:20.972868
ef4f3e32-e7ce-4c48-9db4-0504dd80d186,a539424b-3bc3-488a-86dd-c9667b50b118,d5ee97fe-7203-4277-a432-29e8207ec8be,web,4,210.36,0.6,2025-06-15T13:51:20.972882
bc2e4513-0860-4b41-ad8e-d364ceb7d8ab,52b779bf-b219-4f6a-bf6d-facce6fa6900,08f682e0-0949-4d7f-9c1a-36bb48342221,web,1,215.55,0.25,2025-12-11T13:51:20.972898
0aa67033-ea20-4d99-ae2d-1862c01f7cb9,d71e8f1d-919c-4e14-a319-147952812e42,e68cd9b3-0f66-4719-b9c8-10a5e0acfc32,store,2,858.2,14.87,2026-01-12T13:51:20.972911
236155bc-18c7-4ec8-8749-c4d988464b09,660774c2-3e9a-4fb9-8a1d-efc23461f660,1791a541-fe39-430b-9626-a24acd85e08e,store,3,815.16,14.45,2025-08-18T13:51:20.972930
1a2eab3f-4aa8-4741-a833-b552604cd07f,8c0729b0-bedb-4edf-a078-95151b63f71e,79634690-8c5c-4240-8205-82b10c85c886,web,3,969.93,1.2,2026-02-18T13:51:20.972964
de0b4232-8580-4c88-8a26-90d0831c6d5d,a22427fa-587c-4ef8-ac58-a71016ef9984,944989d7-0474-4130-959f-c793bf62259e,mobile,5,596.8,3.21,2026-01-17T13:51:20.972988
79ded310-7708-46e8-af0f-6430de58018e,643e9ab7-7f06-4631-b966-7cdf4dff8ad3,e19c753d-318c-4edb-b565-fc406c99c72c,mobile,4,785.0,16.59,2025-07-06T13:51:20.973007
727f4fd7-9a53-41c7-9651-c07214077288,d44fe8d0-8697-478a-b561-5412b92c3cdd,2341a1b6-ca76-4973-ad2e-4a906f9fd51d,mobile,5,588.0,4.55,2025-11-10T13:51:20.973028
0bb49f54-eaa5-4d64-8f2a-0f44bca3d8e5,a92984c0-2022-4ff4-9915-d94264c7fd2a,9c0e36b8-29dc-48d8-9869-8d952c29dbdb,mobile,3,896.19,7.55,2026-02-27T13:51:20.973041
cf506f9a-40cc-4d5d-8d80-357b758623b3,5e641a6b-eeb5-414b-809f-987cfa2b1224,542e404c-f975-45bf-b793-249b8d15665d,mobile,2,214.84,1.12,2025-09-22T13:51:20.973054
cade7860-cf03-4626-9711-02f20ee39365,6b1fe901-5849-41af-9f5a-20e3dd30b27e,24665074-3a11-4fcf-82f7-1d50a0b2580f,web,5,1909.05,16.33,2025-06-10T13:51:20.973067
19702c53-38c7-4413-988c-5a19bb822a66,8dffa9f2-549a-4fcc-bc8a-89381a4325e6,0e9c5cdb-187a-4121-93cd-cd24adc53bc4,mobile,3,337.95,8.1,2025-05-16T13:51:20.973081
8e92829a-7150-4e0a-a88b-8d5a84ecbf3a,eb136255-db39-4861-8dc4-15cb1a767613,9c0e36b8-29dc-48d8-9869-8d952c29dbdb,mobile,1,298.73,8.48,2025-10-07T13:51:20.973094
d07d9f48-66ed-4983-95b3-99ebe6341be4,dfd88f4a-881a-4321-818c-18b086464918,08cb9e44-2170-4369-9ab2-a47e52847e6c,store,1,117.12,12.06,2026-03-07T13:51:20.973107
a1b657b0-c498-4366-a558-8a0b4461db26,a177a8f2-78cc-4b69-8423-50b9e3c5cb7e,457d9d38-588b-41ff-8c67-d7258b51a8e6,store,1,416.4,3.26,2025-12-14T13:51:20.973120
1dc29317-280f-423d-99f1-0391e218fb27,706a122a-0673-42d0-ab4d-15b133b4527f,d5ee97fe-7203-4277-a432-29e8207ec8be,web,2,105.18,15.13,2025-06-14T13:51:20.973135
fc56fc7c-824d-42b0-b25b-0c03aceb647b,16e7deb1-5e07-4f9f-b198-5181d24733dd,ad1fb5ee-a91c-4991-9341-e395d2beecef,mobile,5,1760.4,18.58,2026-01-02T13:51:20.973148
b24eea62-e67c-4f72-a474-f415c93ea943,10c5aaaa-16e0-442a-b44c-907f6d455a23,a47d64f7-a098-44b9-8c64-05a8c978779f,mobile,1,305.82,0.9,2025-06-28T13:51:20.973161
27f9d535-fb2b-4187-9bbb-206917386a6d,3226488b-4d5b-4e5c-b1a2-eb3197174b97,0e9c5cdb-187a-4121-93cd-cd24adc53bc4,store,1,112.65,1.86,2026-03-22T13:51:20.973174
d1a9cd13-13db-466b-9163-db2d747b22bb,16e7deb1-5e07-4f9f-b198-5181d24733dd,79634690-8c5c-4240-8205-82b10c85c886,store,3,969.93,10.0,2025-11-22T13:51:20.973187
06eaf6bd-1d14-4134-9c45-6d592d11fbab,c7a05006-af72-4fe4-af69-4916237acd03,f6df0b45-6106-42d3-8c75-195d0ad4baee,mobile,3,1166.37,13.49,2026-02-08T13:51:20.973200
5584c665-2142-442f-9298-4d8e9d2557ee,02e42010-f231-4ab6-bf73-8efa9d7e8f75,e68cd9b3-0f66-4719-b9c8-10a5e0acfc32,mobile,5,2145.5,16.15,2026-02-23T13:51:20.973214
a3f49af2-6fbe-4606-9479-9fced6593865,a217c9df-5a7e-43b6-a2e1-a6a71f171b05,cbf743b9-e903-4a26-825c-7bde33e1d82c,store,5,1866.75,11.73,2025-10-02T13:51:20.973226
3940354c-2cf7-48c0-b340-9aca0480fb07,3f9dc824-91b5-4ab4-b84d-905a7500ef6d,944989d7-0474-4130-959f-c793bf62259e,web,3,358.08,13.65,2026-01-23T13:51:20.973239
c9e4366f-4283-46e5-926f-064b5970414b,d8a407c5-77a8-4d42-8b41-ca20287cf760,1890b36f-a137-41e5-b5ed-1d9d565c4bd0,mobile,2,51.12,13.08,2025-12-26T13:51:20.973253
186028cd-f89b-45ef-b94e-f3b08aa812eb,00e32ae3-176f-46d2-894c-5504a1bdace4,9c0e36b8-29dc-48d8-9869-8d952c29dbdb,mobile,5,1493.65,12.17,2025-07-25T13:51:20.973267
c757ad1e-1472-4231-8688-88581ca7ae39,be029ce5-cd24-42ad-8779-03ff5f9f714b,457d9d38-588b-41ff-8c67-d7258b51a8e6,store,4,1665.6,5.82,2026-02-07T13:51:20.973281
58d1b707-b5ac-4c06-b02c-f30a75cb33a9,02653886-b18f-49d1-befb-1360de21e764,e19c753d-318c-4edb-b565-fc406c99c72c,mobile,1,196.25,7.75,2025-04-16T13:51:20.973294
c397c5c9-b06b-477a-901c-3d20fbe3a4a6,5a523974-ed22-4369-bcef-5a8a76366df3,d5ee97fe-7203-4277-a432-29e8207ec8be,mobile,2,105.18,19.89,2025-06-29T13:51:20.973308
d19ca9be-2b01-400a-8a1b-02748eceacd4,acd34a34-250e-4096-9b7d-6f794c95fa49,79634690-8c5c-4240-8205-82b10c85c886,mobile,2,646.62,17.35,2025-11-08T13:51:20.973323
c338bb8b-788c-4dd8-9e2f-646da58730e9,4ec84b5f-b09d-47ae-b377-aa007382cd8e,1890b36f-a137-41e5-b5ed-1d9d565c4bd0,store,4,102.24,6.27,2026-02-26T13:51:20.973342
dc3ac47a-b4c7-4bad-b9b9-6a80e2b39d6c,aa2d2b25-ba43-40c2-9f6d-c4ba45a3fb67,a0de6626-305c-473f-946f-bec5e72fa2b2,store,2,735.12,11.53,2026-03-12T13:51:20.973370
34fb0b98-c6b6-4ca7-8634-cdab993287c6,964b7af0-f945-4a93-a040-a1f71aed720f,1890b36f-a137-41e5-b5ed-1d9d565c4bd0,mobile,1,25.56,15.44,2026-01-14T13:51:20.973385
b4f0c2fe-50b3-4824-89e0-decf288ab341,400b741d-0ca0-45d6-8523-573617fee653,0e9c5cdb-187a-4121-93cd-cd24adc53bc4,mobile,3,337.95,18.48,2025-09-01T13:51:20.973400
544da4ba-4afa-4e37-837a-6e57edf03ecb,01b0c61b-4ff2-4653-a90f-f2336d2cab3a,28de6b67-c5da-4fd9-9ae6-64f199eb885d,web,5,1524.9,7.27,2025-08-09T13:51:20.973413
6ec66240-4b1b-43b6-a4a3-36051274c1e5,46ea7f90-58e8-4782-952d-04f6cbed438e,f6df0b45-6106-42d3-8c75-195d0ad4baee,mobile,4,1555.16,2.58,2025-06-02T13:51:20.973429
29e3e670-02af-49b2-ab99-e3b9685570f4,52b779bf-b219-4f6a-bf6d-facce6fa6900,bdea1b76-1208-4a2f-b2e1-1aa8a5626500,store,5,1542.3,1.67,2025-11-06T13:51:20.973442
a37bed5b-d7f7-48c7-baa4-ef01583560b9,029bb607-5a35-4265-a4d3-cf749e6ea3f3,bdea1b76-1208-4a2f-b2e1-1aa8a5626500,mobile,4,1233.84,0.85,2025-12-02T13:51:20.973457
793dc99f-c136-46eb-b48f-ea09240e3766,def31f26-998a-4ab5-805e-1a02aac4ed26,69b6bb4a-cfaa-4878-91ae-e146f31c1955,mobile,2,683.14,0.16,2025-04-22T13:51:20.973479
9d1b19cc-b4a6-4c1f-bb7f-d6efd15bbbc6,3f9dc824-91b5-4ab4-b84d-905a7500ef6d,08cb9e44-2170-4369-9ab2-a47e52847e6c,web,3,351.36,11.4,2025-10-05T13:51:20.973526
f4366910-0fe0-4230-8a66-041466b15528,d4dc5799-8bb8-4688-96ac-4e344d8a351b,d5ee97fe-7203-4277-a432-29e8207ec8be,store,2,105.18,13.38,2025-09-29T13:51:20.973561
9c3e1452-2344-4f27-b7de-541cd42113f0,0243414e-22d6-4838-af16-077df8d8686f,7df8e284-e832-44a7-94ef-f17a4e5da9d6,mobile,4,358.76,18.0,2025-05-22T13:51:20.973575
07d6cffe-1c34-42f3-aa63-3cc3d7d108f5,90a4a608-cd97-4173-87a3-ad27a512c33e,08cb9e44-2170-4369-9ab2-a47e52847e6c,mobile,1,117.12,2.17,2026-01-13T13:51:20.973588
adaf31e2-4d9c-4136-9999-701bb827ccef,6d40d013-a9c6-497a-a9a8-a3c69db7cdf1,f6df0b45-6106-42d3-8c75-195d0ad4baee,store,4,1555.16,6.57,2026-01-03T13:51:20.973601
8c924f8e-d0b5-41cb-97a0-9c4b652c8e4f,68fcba4b-67dc-40a5-b324-7628db4cddbb,457d9d38-588b-41ff-8c67-d7258b51a8e6,web,5,2082.0,14.05,2025-08-10T13:51:20.973614
0e2dd857-a9d8-4beb-938a-0d898ebd6f6e,59734e6c-879e-4a68-86e6-a30c9e01f2a6,28de6b67-c5da-4fd9-9ae6-64f199eb885d,web,3,914.94,10.9,2025-08-26T13:51:20.973627
bcc2923c-1952-439d-903f-ab1da60ed4c6,1ad8fec9-6f2f-465b-85b5-6d9a98406fce,0e9c5cdb-187a-4121-93cd-cd24adc53bc4,web,2,225.3,6.4,2025-05-23T13:51:20.973641
0563bf6a-f273-4df6-80e0-80bf6c1f183c,53e0275c-fc42-4900-a0ea-d5048e14d832,1308f602-c166-4cdc-868a-0b4938053d4d,store,1,32.44,19.57,2025-10-12T13:51:20.973654
afc8a167-fda8-4a0f-bac2-ecb51d066f2a,b99c3e55-f199-4dc5-b146-d6358e2b84b5,69b6bb4a-cfaa-4878-91ae-e146f31c1955,mobile,2,683.14,8.46,2026-04-04T13:51:20.973671
bf09dc3b-de90-438c-bcb8-3fa1ebbc2dc7,caf9ba8e-9dd9-4b84-8f45-aaf06185a794,24665074-3a11-4fcf-82f7-1d50a0b2580f,web,1,381.81,5.48,2026-02-02T13:51:20.973695
c304e3fa-eb21-4c0f-80d2-acd4c9320db0,4ef4042a-f263-4a37-919f-f91e554b9949,053f89ae-21b6-4267-baf4-f4be573d366f,mobile,4,284.6,4.28,2025-09-13T13:51:20.973708
a011d502-6019-4c1d-950b-6575e1ad1f51,980e4b8c-94c3-4334-bcf6-5106b7ec56c1,11d7b21d-825c-442e-8c20-a64d4de4dd3c,web,2,114.76,17.9,2026-03-19T13:51:20.973721
9c348ba9-781e-4e62-8622-944033ee5272,967a969f-428a-4ffe-ad7a-fb432d7496a2,457d9d38-588b-41ff-8c67-d7258b51a8e6,web,3,1249.2,6.99,2026-01-21T13:51:20.973738
4a7d999f-d5dc-48e8-baf3-39e87fd7ffdc,d5327b4f-92bb-47e0-8591-523fd0425dda,0e9c5cdb-187a-4121-93cd-cd24adc53bc4,mobile,4,450.6,15.68,2025-07-15T13:51:20.973752
84e7986b-975e-4d01-862f-e581bc50a9a1,b664366b-7c09-4ec4-aa85-c5b623eb61f3,e19c753d-318c-4edb-b565-fc406c99c72c,mobile,3,588.75,7.78,2025-04-26T13:51:20.973770
101d921f-511f-4e74-bf99-3ae3230f3d89,540330b2-5f16-49dc-872a-7e8b69278d22,17c1c99f-c424-420e-8868-5ab21bafe8e5,web,5,711.3,14.45,2026-01-04T13:51:20.973797
2736df25-28d2-4dd1-b774-cb80acd63d5d,0020e35e-aa5d-4890-a121-d2a1de6df4ca,08f682e0-0949-4d7f-9c1a-36bb48342221,mobile,3,646.65,14.86,2025-05-10T13:51:20.973809
10f362e1-3091-44ac-8afa-480114fdc227,0aecb8b1-e5bf-4a41-88ed-1559a7e7a3a1,905f2110-caca-46ad-b1fc-61c3fda110f1,store,1,48.6,18.68,2026-01-28T13:51:20.973822
73fdf8ff-82f0-4301-8c34-e12332bf4d61,10a2df5c-33d0-4125-922e-bf481cd31fd5,905f2110-caca-46ad-b1fc-61c3fda110f1,store,1,48.6,5.26,2025-05-05T13:51:20.973835
61a7ba59-4d30-4131-b673-1cd7180727d3,ebcca014-8ee1-48b0-8f73-19d476e0b3a8,79634690-8c5c-4240-8205-82b10c85c886,mobile,4,1293.24,8.99,2026-02-10T13:51:20.973848
c8250e49-afb2-4a4b-93e9-560615114971,bc2a15b3-8cd0-4701-8a84-5408610596e6,08cb9e44-2170-4369-9ab2-a47e52847e6c,mobile,1,117.12,19.58,2025-12-25T13:51:20.973861
6c51a576-b259-421e-bfab-f65456378636,5346484c-2d6c-4d8b-abc1-1949a60165bb,168e2ef5-ab86-444e-ad38-6cbe82465e6a,store,2,180.12,4.32,2025-06-12T13:51:20.973874
a321a2a7-e480-4040-9a1d-f445e20eadae,94d0b5a3-a86a-4abe-816b-c62b05ebe72f,ad1fb5ee-a91c-4991-9341-e395d2beecef,store,5,1760.4,16.28,2026-04-08T13:51:20.973886
9a3ac97e-fb8e-4a1b-ab56-6d6be6dad71c,3cae7953-c156-471c-9a5f-92f3526f83e4,053f89ae-21b6-4267-baf4-f4be573d366f,web,3,213.45,13.99,2025-08-01T13:51:20.973901
52660651-3311-4a74-9e39-041f39d30508,008f3c83-68c5-44b4-8a91-226b4738b52d,7df8e284-e832-44a7-94ef-f17a4e5da9d6,store,4,358.76,7.04,2025-09-17T13:51:20.973923
5064d91a-24e8-4e56-bdda-46edc9fa0cb7,c69c213c-78e1-4bab-9a52-334bd420ad6d,e19c753d-318c-4edb-b565-fc406c99c72c,web,5,981.25,18.53,2025-10-26T13:51:20.973948
31559cc4-ce1e-47d8-9a9e-9353d502bef0,f034c227-4c36-4efd-aaf6-21c60e1aa1f6,e19c753d-318c-4edb-b565-fc406c99c72c,mobile,3,588.75,11.9,2026-01-15T13:51:20.973963
24257d3a-7fe0-45b3-9913-4a4c5467fa9f,c69c213c-78e1-4bab-9a52-334bd420ad6d,e19c753d-318c-4edb-b565-fc406c99c72c,mobile,4,785.0,13.77,2025-11-21T13:51:20.973977
868ece28-c01e-4a93-843b-343f5ecf4fab,6301e89f-3cc4-42a0-8a28-abe0a1c9dfcf,a0de6626-305c-473f-946f-bec5e72fa2b2,web,5,1837.8,16.12,2026-02-24T13:51:20.973990
80fb9f30-1132-477c-83e3-a19f0304f039,fd777368-7e59-48b1-b85b-1619bc87c5dc,1890b36f-a137-41e5-b5ed-1d9d565c4bd0,store,1,25.56,2.07,2025-06-04T13:51:20.974024
cd71b165-4519-4dc6-b72e-08d5a4907d53,660774c2-3e9a-4fb9-8a1d-efc23461f660,168e2ef5-ab86-444e-ad38-6cbe82465e6a,store,1,90.06,10.07,2025-05-26T13:51:20.974051
788d63de-d182-4f30-bcdb-a1cec9bb0b1d,f36fccea-2534-4b79-a552-2ebb363bad1a,944989d7-0474-4130-959f-c793bf62259e,web,3,358.08,4.46,2025-09-12T13:51:20.974064
f2cd9c10-b8ff-441b-8343-b769a0df2923,8290b56a-c317-4563-a6ed-d3324c017372,17c1c99f-c424-420e-8868-5ab21bafe8e5,web,4,569.04,17.13,2026-02-16T13:51:20.974078
5b41eebe-401d-452b-aaf9-478893127712,5e641a6b-eeb5-414b-809f-987cfa2b1224,28de6b67-c5da-4fd9-9ae6-64f199eb885d,store,3,914.94,18.16,2025-08-21T13:51:20.974091
73a5bb21-152b-41c7-99a7-1b85c917d768,325a16f2-810b-43e0-b3fa-e2d5e3c13093,f6df0b45-6106-42d3-8c75-195d0ad4baee,web,1,388.79,10.15,2025-10-06T13:51:20.974108
3e0f8d8f-1944-4d70-8b31-ac442a9b0d89,32ffa999-0fab-4f21-8377-940aa0f754eb,11d7b21d-825c-442e-8c20-a64d4de4dd3c,mobile,3,172.14,4.83,2025-09-15T13:51:20.974121
d8074fb4-0d3e-4ce9-81b6-020bb1398878,ab9746c7-803a-4cf1-9ab2-b32655c44619,e68cd9b3-0f66-4719-b9c8-10a5e0acfc32,web,1,429.1,3.07,2026-04-08T13:51:20.974134
0a29821b-5d7a-494b-9550-597f8992df7c,a7b1d04c-20b3-4043-8752-459a280b14a5,1791a541-fe39-430b-9626-a24acd85e08e,store,5,1358.6,3.41,2025-11-04T13:51:20.974148
eaea8ea5-196a-4346-9237-58c56be21497,da6a2aa5-e06f-422f-a9d1-fb75cb459423,e19c753d-318c-4edb-b565-fc406c99c72c,store,2,392.5,3.85,2025-07-05T13:51:20.974162
55c90073-a47a-4780-b919-9b7913e168de,def31f26-998a-4ab5-805e-1a02aac4ed26,f6df0b45-6106-42d3-8c75-195d0ad4baee,store,1,388.79,2.58,2025-06-24T13:51:20.974176
4fc60144-b382-4474-98f5-3d8a627fe781,7a17c39e-ac79-4a16-b21a-b842db9df252,1308f602-c166-4cdc-868a-0b4938053d4d,store,2,64.88,10.35,2025-09-21T13:51:20.974191
0fe365c4-abc2-40e5-ad09-7f302f871795,6301e89f-3cc4-42a0-8a28-abe0a1c9dfcf,6eae25b5-bfd1-445a-b0d8-86e5ef9604a3,web,1,479.02,10.09,2025-04-17T13:51:20.974205
6b5244ed-3c54-4352-957b-7fb5efcb19ee,c1207f04-88b4-4471-845c-87ac01dd5ff3,2341a1b6-ca76-4973-ad2e-4a906f9fd51d,store,4,470.4,16.75,2025-05-29T13:51:20.974219
833961c6-a7d5-4ca3-b917-1cbfd27f0dd2,d926ac6a-7059-48e3-9158-1d17c4eddd09,905f2110-caca-46ad-b1fc-61c3fda110f1,web,2,97.2,0.51,2026-02-27T13:51:20.974232
2ccc47a0-23ed-4f08-b0e7-e2a37b461ac4,540330b2-5f16-49dc-872a-7e8b69278d22,08f682e0-0949-4d7f-9c1a-36bb48342221,mobile,1,215.55,10.87,2025-06-03T13:51:20.974246
49c5a61d-c578-40b4-b0c2-e6da69ae1fce,370f0855-85f1-477f-8f8e-0f1980e8cfc6,1890b36f-a137-41e5-b5ed-1d9d565c4bd0,web,5,127.8,14.85,2025-10-02T13:51:20.974260
e2d59c4f-003d-48b5-8928-bfc5c8f7e366,7a2b8734-d2fd-4488-8ef5-30d4b8a2d73e,7df8e284-e832-44a7-94ef-f17a4e5da9d6,web,3,269.07,13.05,2026-01-10T13:51:20.974274
17e86500-39b1-4b7f-978a-ad1a6c469860,255c4ea4-afab-4c32-a4e0-91d634e91b6a,053f89ae-21b6-4267-baf4-f4be573d366f,web,2,142.3,14.53,2025-07-15T13:51:20.974286
19fb8b7e-eb51-4424-b2b4-ad47086309ba,735c5be2-ba98-4be8-ac04-410d8c7bea4d,1308f602-c166-4cdc-868a-0b4938053d4d,web,3,97.32,5.5,2025-05-13T13:51:20.974300
bc4c1948-6a89-437e-ae74-75819f5152c9,aa2d2b25-ba43-40c2-9f6d-c4ba45a3fb67,08f682e0-0949-4d7f-9c1a-36bb48342221,mobile,1,215.55,17.34,2025-05-24T13:51:20.974313
83abffb9-97dd-4aa5-8af4-45c3acf02047,e20398c7-b82b-42e3-9336-71ccbdfea714,7df8e284-e832-44a7-94ef-f17a4e5da9d6,web,5,448.45,2.84,2026-02-12T13:51:20.974326
83bfa912-5d60-4832-b31b-0d55f8c6d3a8,3446f091-304c-48ee-8228-02b3d1c875dc,24665074-3a11-4fcf-82f7-1d50a0b2580f,store,1,381.81,16.89,2026-03-07T13:51:20.974341
53361f98-a24d-4066-9ac4-7f2f958da07a,9258f655-3c64-4155-acfb-ce47710a63f6,56ad6e1f-0691-4acd-a3de-c8da072e3963,store,4,584.6,15.91,2026-02-23T13:51:20.974353
4fe1a700-17ce-4ad5-b001-2d5ca4e44a48,029bb607-5a35-4265-a4d3-cf749e6ea3f3,d5ee97fe-7203-4277-a432-29e8207ec8be,web,4,210.36,4.21,2025-05-30T13:51:20.974369
6545d62a-dd6d-46f6-ab8b-167e4ee06216,d5327b4f-92bb-47e0-8591-523fd0425dda,1308f602-c166-4cdc-868a-0b4938053d4d,store,3,97.32,16.17,2025-05-26T13:51:20.974382
92315fef-dcc1-4015-9d3c-5b5ad8713a07,1ad0c269-9ca7-41f3-92b2-3f548e7fa43c,053f89ae-21b6-4267-baf4-f4be573d366f,mobile,1,71.15,11.35,2026-01-14T13:51:20.974395
c5c8f780-7afd-4768-afae-e1283c40bb91,6e1cf5e7-7914-4d62-b2b0-b64a0772ac65,944989d7-0474-4130-959f-c793bf62259e,store,1,119.36,9.68,2025-10-22T13:51:20.974410
18572ded-8cd4-4f9c-9f61-8ef80a356fa2,5616721d-0a88-4f6c-b9ec-f604a0e9cde9,168e2ef5-ab86-444e-ad38-6cbe82465e6a,mobile,1,90.06,14.83,2026-01-24T13:51:20.974431
819321a8-a3aa-4b7d-8461-24a09a2f5b21,1a545b76-5860-41b1-baaa-3e68e201641e,28de6b67-c5da-4fd9-9ae6-64f199eb885d,web,2,609.96,10.72,2025-06-09T13:51:20.974458
b0eb0f6a-92d4-425e-b044-0ae0dde279f4,de68fb7c-314a-441e-8f92-23d7f49a490a,bdea1b76-1208-4a2f-b2e1-1aa8a5626500,store,2,616.92,2.3,2025-12-26T13:51:20.974472
f35677c0-7b10-4482-a502-cb465faa1e7d,3b8720b7-1934-40c2-a4b6-c15492ac2d17,cbf743b9-e903-4a26-825c-7bde33e1d82c,web,3,1120.05,1.67,2026-02-04T13:51:20.974485
7e0aad5d-c76a-4556-bb30-56f8f53d6fe4,abb09602-3d21-4475-9c51-63cd8e7fa013,542e404c-f975-45bf-b793-249b8d15665d,store,3,322.26,3.98,2025-11-26T13:51:20.974498
5415c311-f261-4186-b273-e6e1e66e484b,d211948e-8e58-4cae-862a-3e11e5fe3f2d,6c37ac7c-22fb-489b-9e12-ba964446997b,store,5,2219.3,9.34,2025-05-17T13:51:20.974522
a9afede8-8dac-4685-b90c-72a4a8c17cb1,97ef2d8d-9dfa-469c-9ff4-e4f4cfc6f847,ca3df109-0f94-4c65-bb50-5e247fa97614,store,4,1415.52,18.45,2025-07-27T13:51:20.974555
05925a3e-ff86-4596-9e0a-1a558364c2ff,84af72e6-800a-4dd4-88b4-15fe1f894bef,24665074-3a11-4fcf-82f7-1d50a0b2580f,mobile,2,763.62,5.62,2025-04-29T13:51:20.974579
50deb257-fa15-424f-a115-4c701ad1d788,4bc84d88-5090-4d9a-b9f2-9f3db59d8a27,08cb9e44-2170-4369-9ab2-a47e52847e6c,store,5,585.6,3.31,2025-06-19T13:51:20.974592
771b4ccf-e23f-45d8-9004-53687f8f8a3e,bdb77e2b-5d39-41d7-8683-b92222eebcd7,ca3df109-0f94-4c65-bb50-5e247fa97614,store,4,1415.52,11.93,2025-08-30T13:51:20.974610
ad321672-1f42-4d64-978d-c6bfd4bdf2eb,616ee21c-1141-485b-98f2-fdb0e48d66c0,905f2110-caca-46ad-b1fc-61c3fda110f1,mobile,5,243.0,7.66,2026-02-19T13:51:20.974624
bb27ba8c-0bb5-4f43-bd98-18678d763798,039c9b20-dd1e-4d98-ac25-be384c76f160,2341a1b6-ca76-4973-ad2e-4a906f9fd51d,mobile,3,352.8,16.39,2025-10-06T13:51:20.974638
c341a813-2063-4d60-b509-40587dcbd41f,1730f2ee-7c94-409e-87b9-9e4384fc7de1,9c0e36b8-29dc-48d8-9869-8d952c29dbdb,store,1,298.73,11.74,2025-07-28T13:51:20.974651
2d085826-18ab-464a-a2a2-ce2ce75ce604,89d1cd9f-53a3-4cb9-8d4c-783ca398d230,1791a541-fe39-430b-9626-a24acd85e08e,web,3,815.16,2.29,2025-09-24T13:51:20.974664
1dad76ec-cdd3-43cb-8712-982a42a3f5da,97ef2d8d-9dfa-469c-9ff4-e4f4cfc6f847,905f2110-caca-46ad-b1fc-61c3fda110f1,store,4,194.4,4.91,2026-01-10T13:51:20.974677
698487a6-2e30-44d8-b944-67f1a3212037,bfa1faa6-7870-4ab7-b386-25eb3624f4dc,321b80eb-c6e9-42e0-a6f5-86598247acd3,store,3,878.67,2.45,2026-01-31T13:51:20.974690
d1f04478-19a1-404c-9841-135b5b546ad7,b6bae32c-417a-4606-ab1f-a80de57064d7,79634690-8c5c-4240-8205-82b10c85c886,store,3,969.93,11.35,2025-12-27T13:51:20.974705
ea036cfa-e7c1-4611-afe7-8d342d22d8f0,d94b6713-3071-40cb-b879-b1983278bef5,6eae25b5-bfd1-445a-b0d8-86e5ef9604a3,store,5,2395.1,5.67,2026-03-13T13:51:20.974718
cbccbcab-999e-458a-9cbc-a84c2c0f5f99,0dd9e3a0-993b-425d-814d-c34301fb337f,1791a541-fe39-430b-9626-a24acd85e08e,mobile,2,543.44,5.56,2026-02-22T13:51:20.974732
0071eaf1-3c98-4215-b537-6cc2479f13d0,1b01f236-b755-4298-ae6c-63febc013b50,d5ee97fe-7203-4277-a432-29e8207ec8be,store,5,262.95,13.64,2025-05-20T13:51:20.974746
bea77d15-6270-4300-80df-bed81d21ce42,c49ee3c5-aa37-4df0-bed9-2497197ddbb3,905f2110-caca-46ad-b1fc-61c3fda110f1,web,3,145.8,0.99,2026-01-04T13:51:20.974760
498e83c6-99a5-4c32-a2c7-e85e89717f17,77a1f19a-1cff-43c5-b777-99dc030e28ab,ca3df109-0f94-4c65-bb50-5e247fa97614,store,1,353.88,2.39,2025-11-26T13:51:20.974773
f8e83e4d-03d4-4c3e-9638-3b2c2bf74c8c,d27db049-06bb-49d0-9384-1d005fc4197d,9c0e36b8-29dc-48d8-9869-8d952c29dbdb,mobile,5,1493.65,7.66,2025-10-30T13:51:20.974786
bfa38bef-b7fa-4687-aefb-13f2e1b10c92,e80f3f91-63af-4ba4-8042-16c99c87b341,cbf743b9-e903-4a26-825c-7bde33e1d82c,mobile,3,1120.05,15.67,2026-04-06T13:51:20.974799
abca5d45-fe8c-4777-a26f-a71bd53fe9f9,045d4675-4ee0-49ec-a9b1-1d1db855e831,79634690-8c5c-4240-8205-82b10c85c886,web,4,1293.24,16.83,2025-11-21T13:51:20.974811
b180f4c2-e3cb-4aa0-bfc4-1677d52e8d2a,0a3c7b2d-e015-4c8e-aa15-0904eea35e94,944989d7-0474-4130-959f-c793bf62259e,web,5,596.8,6.75,2025-07-19T13:51:20.974827
14445502-7cce-444f-b48d-e7455d763a19,3cae7953-c156-471c-9a5f-92f3526f83e4,d5ee97fe-7203-4277-a432-29e8207ec8be,store,4,210.36,14.47,2026-02-26T13:51:20.974840
cd883de8-9a37-4bce-820e-3b29ad518de5,034fb1e4-e5d9-468d-91ee-334981a4ff94,905f2110-caca-46ad-b1fc-61c3fda110f1,web,3,145.8,11.13,2025-09-23T13:51:20.974853
5717cd81-15f8-45ca-9ea4-24e706e450a8,de68630e-da9e-45bb-9038-1aeb89f735f1,ca3df109-0f94-4c65-bb50-5e247fa97614,store,5,1769.4,5.97,2026-03-22T13:51:20.974866
0890de10-0399-40a9-b7ed-3f84f954b9ec,8290b56a-c317-4563-a6ed-d3324c017372,ca3df109-0f94-4c65-bb50-5e247fa97614,mobile,1,353.88,2.05,2025-10-06T13:51:20.974880
5d203541-3068-4ad7-957a-17c4630c4367,71ed938f-c557-407e-b2c5-6db5e002ec6c,69b6bb4a-cfaa-4878-91ae-e146f31c1955,web,1,341.57,19.87,2026-02-03T13:51:20.974892
67877f7e-bbeb-4f9f-b33e-fb2b55245fe6,01345167-d5c6-442f-9e36-7a5740ee4bcf,e19c753d-318c-4edb-b565-fc406c99c72c,web,2,392.5,3.82,2026-01-18T13:51:20.974906
08fe3fc9-7e6e-40e0-9f1f-2ce9d3cfab89,26f752ae-cb28-42e6-8109-575dcebe96fb,321b80eb-c6e9-42e0-a6f5-86598247acd3,mobile,5,1464.45,17.36,2026-04-13T13:51:20.974921
40c4876b-3996-42e0-986a-4a49839b9343,400b741d-0ca0-45d6-8523-573617fee653,944989d7-0474-4130-959f-c793bf62259e,store,1,119.36,1.5,2026-03-22T13:51:20.974935
dddea899-2f8b-43bc-831e-1c99155419ec,aeba8343-1c08-4938-bff0-4056adb1a9f6,1308f602-c166-4cdc-868a-0b4938053d4d,web,3,97.32,18.5,2025-04-23T13:51:20.974950
e8c61805-42ce-40f1-b522-cc2f10957709,ecf80b21-a29e-48cc-aeed-993c3d386c46,7df8e284-e832-44a7-94ef-f17a4e5da9d6,store,1,89.69,17.24,2026-02-10T13:51:20.974965
4cd2dab9-776c-4ee7-b4b5-bcbc3330568f,f4c7a126-7279-4bb5-95c4-573c4e1d70c9,e68cd9b3-0f66-4719-b9c8-10a5e0acfc32,web,4,1716.4,10.44,2025-05-08T13:51:20.975000
67f99ce6-fffb-4104-a9c8-dd4247cf661f,10c5aaaa-16e0-442a-b44c-907f6d455a23,2341a1b6-ca76-4973-ad2e-4a906f9fd51d,store,4,470.4,19.53,2025-05-12T13:51:20.975023
c85b671d-b379-45d7-a4a5-2bfecb8172d9,d94b6713-3071-40cb-b879-b1983278bef5,0e9c5cdb-187a-4121-93cd-cd24adc53bc4,store,2,225.3,15.32,2026-02-27T13:51:20.975037
3b4e56fa-7a0c-42d1-bb24-c1611a32683b,1b23ba1c-10e6-4969-af23-0bc504b3ce59,1890b36f-a137-41e5-b5ed-1d9d565c4bd0,web,3,76.68,13.19,2025-07-04T13:51:20.975050
81fd83f7-189a-410c-bd24-727f893ce3fd,285b0a46-ec54-4ca2-b675-3bcd0a09e21a,56ad6e1f-0691-4acd-a3de-c8da072e3963,store,1,146.15,1.21,2026-03-08T13:51:20.975063
e41db057-9cc8-4084-895e-1990b4a8ee7a,ce2cc2b4-d6d0-413b-9a29-38c333953cb9,56ad6e1f-0691-4acd-a3de-c8da072e3963,web,4,584.6,9.75,2025-09-30T13:51:20.975079
b0072b1f-3868-4764-a0f5-635d2500eaee,6fe8c4f8-6f02-4706-b398-6c3d0653b820,56ad6e1f-0691-4acd-a3de-c8da072e3963,mobile,5,730.75,17.17,2025-07-19T13:51:20.975099
e4eab040-d0ac-440f-a79f-1e8a0fb1c476,fa848a5c-ec51-4164-a85d-f28025f41073,053f89ae-21b6-4267-baf4-f4be573d366f,web,4,284.6,16.96,2025-05-15T13:51:20.975127
a83a6697-36ca-470e-b98f-a67009281939,706a122a-0673-42d0-ab4d-15b133b4527f,542e404c-f975-45bf-b793-249b8d15665d,store,2,214.84,19.5,2025-10-11T13:51:20.975140
1f7e7757-63c6-4fbd-bfb9-aafbad5dbf29,3e0f0892-3271-4349-a4d6-c5b43dd208f5,bdea1b76-1208-4a2f-b2e1-1aa8a5626500,web,2,616.92,1.37,2025-09-23T13:51:20.975154
094c2808-6c2c-4677-baaf-bfef34fc2829,48fb6021-8054-4fbb-8b47-87326c61c00b,9c0e36b8-29dc-48d8-9869-8d952c29dbdb,mobile,3,896.19,2.04,2025-06-24T13:51:20.975167
c2bea299-3368-4624-acb2-d3c6be1927d1,e35fef50-cb52-412f-8c9d-fbe01e30d289,08cb9e44-2170-4369-9ab2-a47e52847e6c,web,1,117.12,17.88,2025-12-13T13:51:20.975180
e9b95975-c79a-4247-8045-495129af007a,637c0f84-207d-48a7-a962-320e19bc238f,a47d64f7-a098-44b9-8c64-05a8c978779f,mobile,1,305.82,10.62,2025-08-15T13:51:20.975193
2beb9437-7361-4730-9deb-76a770dfb512,964b7af0-f945-4a93-a040-a1f71aed720f,11d7b21d-825c-442e-8c20-a64d4de4dd3c,web,1,57.38,7.09,2025-07-08T13:51:20.975205
02378c2e-c9a0-4c45-af82-1b9a3f5550fd,0dd9e3a0-993b-425d-814d-c34301fb337f,08f682e0-0949-4d7f-9c1a-36bb48342221,store,4,862.2,10.16,2025-08-01T13:51:20.975218
0a75fb98-ed2b-44f3-9be8-90c6af9e7da4,2e1846b9-5efb-4df6-9fa0-b8de321d8ce9,f1f6542b-4b3f-4e65-8d9a-766c8d57ad72,web,3,964.44,0.98,2025-10-08T13:51:20.975232
5c9a17cc-1091-4413-a0f5-892603a78ec6,8040cbdd-63a5-4643-98aa-2a7670be6024,e19c753d-318c-4edb-b565-fc406c99c72c,web,2,392.5,8.05,2025-11-16T13:51:20.975247
252d6437-4f19-4705-9580-d182604de13a,4220b0ed-148d-4a5e-ac8f-7593460ab12d,a47d64f7-a098-44b9-8c64-05a8c978779f,store,5,1529.1,10.37,2025-06-08T13:51:20.975262
10ddacf3-3d0d-4304-92a6-98c05a858a2a,a2db16fd-ba72-4f0b-9305-a8b470f9b0fa,69b6bb4a-cfaa-4878-91ae-e146f31c1955,web,2,683.14,2.3,2026-02-18T13:51:20.975275
2f9ef5f2-cdd9-4e91-b65b-0be847b6462f,6b392f66-a330-4f27-b492-3b50aac92199,944989d7-0474-4130-959f-c793bf62259e,web,5,596.8,1.32,2025-11-30T13:51:20.975290
ed6fd56b-dd9a-402a-a8b1-5ecafc72751a,b2f52649-2de7-4158-96f1-800ae16d25f0,a47d64f7-a098-44b9-8c64-05a8c978779f,mobile,2,611.64,14.32,2025-06-02T13:51:20.975304
60e15bca-9fc3-4282-91a7-c40f9244f8ef,6b1fe901-5849-41af-9f5a-20e3dd30b27e,f6df0b45-6106-42d3-8c75-195d0ad4baee,mobile,1,388.79,16.48,2025-12-24T13:51:20.975318
ad0be447-7c25-42cb-8d0a-4cc3bab73f90,abb09602-3d21-4475-9c51-63cd8e7fa013,a47d64f7-a098-44b9-8c64-05a8c978779f,web,4,1223.28,15.71,2025-12-31T13:51:20.975331
4094e13d-e8ed-42c8-b60a-e534f534b21e,032cac28-42f5-4e97-be1e-7846737d3d0c,a0de6626-305c-473f-946f-bec5e72fa2b2,mobile,5,1837.8,0.06,2025-11-19T13:51:20.975346
68a14efd-f769-47f5-84ff-0785afb827a3,0a6dd152-f4e3-4ace-b8a8-88e743549233,bdea1b76-1208-4a2f-b2e1-1aa8a5626500,mobile,5,1542.3,6.11,2025-08-14T13:51:20.975360
b08102ff-d162-4ab0-8841-ba1814e92869,57e6db98-be89-47c5-87f3-a3ff20643236,bff07f43-24a8-4d20-b9e9-6cac1ecce307,mobile,2,120.14,1.39,2025-11-05T13:51:20.975373
a02506ad-a8ad-48c6-921b-ce59d836f8d9,637c0f84-207d-48a7-a962-320e19bc238f,457d9d38-588b-41ff-8c67-d7258b51a8e6,web,4,1665.6,13.32,2026-02-02T13:51:20.975387
13de2e71-7af8-4124-bd70-ae52a3341b34,967a969f-428a-4ffe-ad7a-fb432d7496a2,457d9d38-588b-41ff-8c67-d7258b51a8e6,store,1,416.4,17.63,2026-01-15T13:51:20.975400
f4923a22-ea1e-4e1a-bf25-7c3e96b3e5b3,32528c9b-b758-4757-b73f-1f5e974a7789,79634690-8c5c-4240-8205-82b10c85c886,store,5,1616.55,11.66,2025-10-17T13:51:20.975413
d86cf10f-5e80-4e77-ad89-0ffb12577781,358a9a69-4053-46f2-a165-b9bfb7aef8e6,bff07f43-24a8-4d20-b9e9-6cac1ecce307,web,4,240.28,16.38,2026-02-18T13:51:20.975426
70458f22-c5f9-4c73-9732-01ee2e31a17c,4d5be6ed-605b-4d3a-83b2-7f62be7a5259,a0de6626-305c-473f-946f-bec5e72fa2b2,mobile,2,735.12,3.35,2025-07-21T13:51:20.975439
4cd43dda-0cdb-4796-acb4-91122626ae29,f3a49fd3-455a-4ac4-9d70-9cd8d52b0e4e,08cb9e44-2170-4369-9ab2-a47e52847e6c,mobile,1,117.12,6.71,2025-11-11T13:51:20.975451
1c69b8b6-d742-4143-b82b-7381ba841181,78d4e439-fa45-4a8f-9594-3c1461777872,6c37ac7c-22fb-489b-9e12-ba964446997b,mobile,5,2219.3,9.73,2025-12-05T13:51:20.975465
cf27147f-5cf2-4868-a507-d4a01843ea60,8de4ba42-f9cc-4561-9d63-a626e4997a50,7df8e284-e832-44a7-94ef-f17a4e5da9d6,store,1,89.69,14.2,2025-10-17T13:51:20.975478
d516802d-d671-4a5c-ae7a-2e53ded446f6,29dc093f-722e-4320-8b1c-a48df552bdf8,1791a541-fe39-430b-9626-a24acd85e08e,web,5,1358.6,5.4,2025-08-11T13:51:20.975497
732e1f7a-99c8-4f49-bcf2-0e30a76a353e,de68fb7c-314a-441e-8f92-23d7f49a490a,cbf743b9-e903-4a26-825c-7bde33e1d82c,web,2,746.7,13.19,2025-09-17T13:51:20.975538
c9742e5d-78ea-4655-92b2-d8924b9ae584,4f8976eb-b7a7-407e-a978-81c6b0ca8ebc,6c37ac7c-22fb-489b-9e12-ba964446997b,web,4,1775.44,11.55,2026-03-31T13:51:20.975552
115c4259-72de-48fa-94a8-adaee3f9fd05,b3b9c473-d479-4061-9770-ea72c7a0d95c,e19c753d-318c-4edb-b565-fc406c99c72c,mobile,3,588.75,1.79,2025-12-31T13:51:20.975566
972678a9-40cc-439c-8779-71c2448d1ca8,39d21055-64ab-4312-b0c0-d7ddc3e6fe12,1308f602-c166-4cdc-868a-0b4938053d4d,mobile,1,32.44,13.58,2025-11-26T13:51:20.975583
609fd0cf-54a4-4f16-87ee-74f6091fcfce,ab9746c7-803a-4cf1-9ab2-b32655c44619,f1f6542b-4b3f-4e65-8d9a-766c8d57ad72,store,5,1607.4,18.21,2026-01-16T13:51:20.975598
5f5d8174-fa45-4db3-892b-a229b7627b45,0243414e-22d6-4838-af16-077df8d8686f,457d9d38-588b-41ff-8c67-d7258b51a8e6,store,4,1665.6,18.91,2025-06-18T13:51:20.975618
43c87b15-97c8-4e91-846e-f8aac6f1f692,70928f45-8f59-44f3-973d-95a5d8e1a0c7,053f89ae-21b6-4267-baf4-f4be573d366f,mobile,2,142.3,10.4,2026-03-25T13:51:20.975646
a3b11d3f-b709-4a29-89b8-98e61030f8c7,c965e9c5-69cf-4549-9341-be2f2bdff784,28de6b67-c5da-4fd9-9ae6-64f199eb885d,mobile,4,1219.92,19.36,2025-08-26T13:51:20.975659
b5721b5c-4d2d-43f3-a577-85ac17310f80,5ea34c47-e02d-45ce-bbe2-3ae31540f714,6c37ac7c-22fb-489b-9e12-ba964446997b,web,3,1331.58,9.98,2026-02-18T13:51:20.975673
4e43f26e-59b5-4fa5-a767-fa4743e9b59d,6b9384d5-4658-499e-aa0e-261e25506abf,08f682e0-0949-4d7f-9c1a-36bb48342221,web,4,862.2,10.46,2025-05-02T13:51:20.975685
8f4073d9-67ba-406c-a180-b0484bfb50f6,7d28fc06-382b-4f4f-9e91-26fffddc8356,17c1c99f-c424-420e-8868-5ab21bafe8e5,store,2,284.52,5.77,2025-11-11T13:51:20.975699
c494fb5d-c70e-416e-a8fe-b1c47c5a6c50,0d2f63ba-8ff2-4772-8251-bd07c040e63e,a0de6626-305c-473f-946f-bec5e72fa2b2,web,1,367.56,4.35,2025-08-26T13:51:20.975712
0e74db41-4fd4-4d19-8043-f5a42570cc40,54e0fdd2-0846-4239-b960-d6e6580496ae,28de6b67-c5da-4fd9-9ae6-64f199eb885d,store,1,304.98,0.1,2025-08-08T13:51:20.975728
3c8199e0-5e1c-479b-a316-63aae4eaf05a,964b7af0-f945-4a93-a040-a1f71aed720f,79634690-8c5c-4240-8205-82b10c85c886,web,1,323.31,7.0,2025-12-08T13:51:20.975741
ba8bf2b4-06dd-4ade-81d3-68386f8febb1,5bf4583e-b845-45d7-884b-2881ba288b9d,bdea1b76-1208-4a2f-b2e1-1aa8a5626500,web,5,1542.3,14.26,2026-01-26T13:51:20.975757
a179e74b-9a4a-4710-85dc-384ad14d0135,25f511db-8e77-4fc1-b6e3-9e44765a64bb,ad1fb5ee-a91c-4991-9341-e395d2beecef,web,4,1408.32,5.82,2025-06-20T13:51:20.975770
696e8fba-0b20-4592-994c-15f4172b405d,53e0275c-fc42-4900-a0ea-d5048e14d832,0e9c5cdb-187a-4121-93cd-cd24adc53bc4,mobile,3,337.95,12.74,2025-12-09T13:51:20.975783
24d995a1-ca76-408d-9cbc-a196b6896380,48fb6021-8054-4fbb-8b47-87326c61c00b,f6df0b45-6106-42d3-8c75-195d0ad4baee,store,1,388.79,11.94,2025-12-03T13:51:20.975797
edbed266-d610-4659-b345-94ce2972b141,d8485234-37db-4394-ae90-cbf6891d00c3,2341a1b6-ca76-4973-ad2e-4a906f9fd51d,store,4,470.4,16.09,2025-05-03T13:51:20.975811
7fbf9ebc-2294-4637-851f-bdf9bcf458bf,45aafc55-589b-4421-813b-4d61aa30747f,ad1fb5ee-a91c-4991-9341-e395d2beecef,store,3,1056.24,11.09,2026-02-05T13:51:20.975824
f5f0df3d-0009-4673-9041-d9b3352e03c8,26c7cb26-7ff0-42e0-be22-ca8bac43dfda,053f89ae-21b6-4267-baf4-f4be573d366f,mobile,1,71.15,18.54,2025-11-14T13:51:20.975837
1596fa78-7eed-456f-97ce-f616288c7f94,e35fef50-cb52-412f-8c9d-fbe01e30d289,168e2ef5-ab86-444e-ad38-6cbe82465e6a,store,2,180.12,1.92,2025-10-05T13:51:20.975850
3134537a-2f38-4681-a312-73f9d8ac2f71,4c7f58a8-13fa-4e51-9b68-67a6d7e2f59e,f1f6542b-4b3f-4e65-8d9a-766c8d57ad72,mobile,3,964.44,14.25,2025-08-01T13:51:20.975864
fed0666a-e836-4129-a9b3-081b59c4dea9,8dffa9f2-549a-4fcc-bc8a-89381a4325e6,6c37ac7c-22fb-489b-9e12-ba964446997b,store,4,1775.44,19.23,2025-08-20T13:51:20.975880
2212ed25-1470-4895-9817-570664c24a28,e35fef50-cb52-412f-8c9d-fbe01e30d289,cbf743b9-e903-4a26-825c-7bde33e1d82c,store,5,1866.75,1.77,2026-04-02T13:51:20.975893
a6ef21ee-24cb-4475-a8c8-54892fdbd67c,45aafc55-589b-4421-813b-4d61aa30747f,053f89ae-21b6-4267-baf4-f4be573d366f,mobile,2,142.3,7.46,2025-06-22T13:51:20.975908
a1aec945-9570-401e-ab2d-6282d5cc3727,d0bf5589-ddd1-482b-a8f0-a1a1f51950c4,168e2ef5-ab86-444e-ad38-6cbe82465e6a,web,5,450.3,15.11,2025-11-16T13:51:20.975921
1454e3c7-4ad1-447d-b812-e51dd56fff30,4bc84d88-5090-4d9a-b9f2-9f3db59d8a27,542e404c-f975-45bf-b793-249b8d15665d,web,4,429.68,9.26,2025-05-07T13:51:20.975934
3d0428c1-e369-41f0-8b50-7087966e4139,f1e85f7e-0df4-4232-b450-87ea70eaed9e,1791a541-fe39-430b-9626-a24acd85e08e,web,4,1086.88,1.09,2026-03-19T13:51:20.975948
50e4c8d8-036c-451b-ac6a-74395f516e7a,d34b6e61-d1a7-4387-9cfb-0e7ab4e5d294,08cb9e44-2170-4369-9ab2-a47e52847e6c,web,3,351.36,16.44,2025-06-15T13:51:20.975961
8a901f5a-7cf4-4e9d-9d5e-99cd3b329db7,cfa50b22-dd88-4144-a163-40e5f68f236a,0e9c5cdb-187a-4121-93cd-cd24adc53bc4,web,3,337.95,14.81,2026-03-15T13:51:20.975974
7eb7981b-1705-469c-886d-256f2922f8be,79f0c9f5-48e2-4825-9d7e-ccca692a8555,bdea1b76-1208-4a2f-b2e1-1aa8a5626500,web,1,308.46,10.33,2025-04-21T13:51:20.975987
064c6bcb-cd2f-4154-a459-0e0f8df46345,56753df8-73b2-4c85-bad5-0476a1357785,ca3df109-0f94-4c65-bb50-5e247fa97614,mobile,2,707.76,12.79,2025-12-22T13:51:20.976005
7f22ce86-8f1a-4c54-b83b-5aa2894e4fbb,04ecb97a-42da-4546-96ee-d1ae2e3400b2,053f89ae-21b6-4267-baf4-f4be573d366f,store,3,213.45,12.47,2026-04-12T13:51:20.976019
2616ca65-c04d-4281-a17b-1f3a5c862cb1,039c9b20-dd1e-4d98-ac25-be384c76f160,28de6b67-c5da-4fd9-9ae6-64f199eb885d,web,1,304.98,12.08,2026-04-15T13:51:20.976032
4c260468-3c4d-435a-8727-b0c712ad3241,c201751d-3703-40ae-8b50-ef3cb48ddcf8,1791a541-fe39-430b-9626-a24acd85e08e,web,1,271.72,2.07,2025-12-10T13:51:20.976051
86be23e4-18f5-4867-bdc7-446aaf468b6c,d010c452-9bd9-44e7-b595-21b37cd41c07,bdea1b76-1208-4a2f-b2e1-1aa8a5626500,web,4,1233.84,18.52,2025-09-27T13:51:20.976078
5b8a76b3-ef10-487f-b966-013220c7a021,eeba25c3-bc51-40f2-ad4f-d841787e2823,f6df0b45-6106-42d3-8c75-195d0ad4baee,web,4,1555.16,16.83,2026-01-11T13:51:20.976092
f93ba8fd-2df8-4104-98a0-29c1ad1dabc5,a297e636-369b-47d2-b6d9-e19bf136f198,11d7b21d-825c-442e-8c20-a64d4de4dd3c,store,5,286.9,17.19,2025-05-02T13:51:20.976105
5a89b1a4-5294-42a0-92c2-87a0708b3e9e,ba0f0624-b1c9-4f49-9041-fd7c7b1028a5,28de6b67-c5da-4fd9-9ae6-64f199eb885d,mobile,4,1219.92,0.43,2026-01-31T13:51:20.976118
55fbcc7a-3c86-44c1-a91f-60aed8aa7de8,4f8976eb-b7a7-407e-a978-81c6b0ca8ebc,bff07f43-24a8-4d20-b9e9-6cac1ecce307,mobile,2,120.14,13.99,2025-07-28T13:51:20.976135
db2a27c7-afd1-435d-93b3-b6d00d972d82,039c9b20-dd1e-4d98-ac25-be384c76f160,0e9c5cdb-187a-4121-93cd-cd24adc53bc4,store,4,450.6,13.35,2025-11-18T13:51:20.976148
c7672df4-c9a1-40ed-a431-89db3f2673aa,6d40d013-a9c6-497a-a9a8-a3c69db7cdf1,ca3df109-0f94-4c65-bb50-5e247fa97614,store,3,1061.64,7.82,2025-05-09T13:51:20.976170
b5d94a20-79a6-4fb0-85bd-686b94b5a22d,80bb3786-c8a8-42d8-9893-287ac213c975,08cb9e44-2170-4369-9ab2-a47e52847e6c,store,4,468.48,2.96,2025-09-14T13:51:20.976201
a89a83cd-e9a8-45af-a187-924e635396c7,5bf4583e-b845-45d7-884b-2881ba288b9d,7df8e284-e832-44a7-94ef-f17a4e5da9d6,store,1,89.69,0.22,2025-07-01T13:51:20.976224
65257296-13ee-470a-b5d0-b2f2b363a54a,0ffa2fd2-7b2b-4401-b033-eccfd8ef021c,944989d7-0474-4130-959f-c793bf62259e,web,5,596.8,18.16,2025-08-31T13:51:20.976237
cc94d9f9-66a8-4e2e-8204-71436e99be79,4bc1996f-9825-4f06-85da-2b0db239e855,542e404c-f975-45bf-b793-249b8d15665d,store,4,429.68,0.18,2025-08-24T13:51:20.976252
597d5006-bf56-4b74-8e18-4664f50fa38c,d926ac6a-7059-48e3-9158-1d17c4eddd09,6c37ac7c-22fb-489b-9e12-ba964446997b,web,5,2219.3,6.98,2025-08-01T13:51:20.976266
bf795521-8ded-4428-a0fc-22f0a1b8a499,102b9f49-a914-4bb7-9fbf-cd661f9867f3,1791a541-fe39-430b-9626-a24acd85e08e,web,4,1086.88,3.49,2025-07-27T13:51:20.976280
9115b3d2-b28d-42fe-897c-bb165578d1e4,85614ccc-0949-4a03-a33a-38b2340aaca1,6c37ac7c-22fb-489b-9e12-ba964446997b,store,5,2219.3,14.3,2025-10-24T13:51:20.976293
36a3fef1-62c4-4f59-b489-4a0e90179d17,a7a9f9a9-f115-48e8-b2ee-1d075fc3402c,542e404c-f975-45bf-b793-249b8d15665d,store,3,322.26,18.47,2025-05-13T13:51:20.976306
296c695d-3948-4c3a-b889-ecded72f34f3,13827467-0bd2-4e34-876c-8bb8ec7a0c88,0e9c5cdb-187a-4121-93cd-cd24adc53bc4,mobile,4,450.6,13.18,2025-08-17T13:51:20.976320
ecb8d64b-de56-409c-a868-e96dd7044a1a,045d4675-4ee0-49ec-a9b1-1d1db855e831,bdea1b76-1208-4a2f-b2e1-1aa8a5626500,web,5,1542.3,13.96,2025-12-04T13:51:20.976333
c0c28ff8-08bd-4b1d-80f4-5fce7b319fbf,ac9d43e7-e4a4-4d8f-b14c-e805d4976edf,6c37ac7c-22fb-489b-9e12-ba964446997b,store,5,2219.3,1.35,2025-06-03T13:51:20.976347
ef565e53-34d3-4b7c-a30e-523f8bcd13ac,4c3b7dd1-c7ed-48ad-a424-3974280ffa05,9c0e36b8-29dc-48d8-9869-8d952c29dbdb,mobile,2,597.46,2.12,2026-02-25T13:51:20.976359
42d89938-2836-4081-8caa-42fbb681296c,aa2d2b25-ba43-40c2-9f6d-c4ba45a3fb67,0e9c5cdb-187a-4121-93cd-cd24adc53bc4,mobile,3,337.95,15.91,2025-12-18T13:51:20.976373
e75eb81d-03fa-4268-a620-0189b701e5e4,fd777368-7e59-48b1-b85b-1619bc87c5dc,24665074-3a11-4fcf-82f7-1d50a0b2580f,web,4,1527.24,1.24,2025-09-12T13:51:20.976386
b0ecbd8e-dc15-43e5-9080-d2a7a77ddcea,84af72e6-800a-4dd4-88b4-15fe1f894bef,28de6b67-c5da-4fd9-9ae6-64f199eb885d,store,1,304.98,15.27,2026-03-09T13:51:20.976399
251157c5-218e-4785-bac4-844bc3920211,6e1cf5e7-7914-4d62-b2b0-b64a0772ac65,cbf743b9-e903-4a26-825c-7bde33e1d82c,web,2,746.7,13.97,2025-11-02T13:51:20.976412
a3f28214-9064-4564-96d2-d9844db2849b,d0e41f6c-c8cb-4de6-86a7-55eb1edf917c,542e404c-f975-45bf-b793-249b8d15665d,web,5,537.1,3.91,2025-07-05T13:51:20.976424
0f705f83-4078-4901-b14b-0618b1b7b576,78d4e439-fa45-4a8f-9594-3c1461777872,f1f6542b-4b3f-4e65-8d9a-766c8d57ad72,web,3,964.44,14.84,2025-12-21T13:51:20.976438
93a101a8-c074-4f24-a384-f0a46a6381a9,c49ee3c5-aa37-4df0-bed9-2497197ddbb3,1791a541-fe39-430b-9626-a24acd85e08e,mobile,2,543.44,0.48,2026-03-02T13:51:20.976452
f9da8771-54f2-471d-a26f-fbe890bea33a,6d40d013-a9c6-497a-a9a8-a3c69db7cdf1,08cb9e44-2170-4369-9ab2-a47e52847e6c,web,2,234.24,17.87,2026-03-29T13:51:20.976467
28299150-da4f-4efc-a19f-f796ccc2634c,ed10b742-1bb9-4089-81b1-75d4bac59b90,e68cd9b3-0f66-4719-b9c8-10a5e0acfc32,web,5,2145.5,6.81,2025-07-10T13:51:20.976481
aca9d188-f90a-4ad1-9f47-aa96711659c1,de18f223-7a95-47d7-892b-230c0354b118,1791a541-fe39-430b-9626-a24acd85e08e,web,4,1086.88,11.41,2026-01-08T13:51:20.976495
8d220d7a-9db0-4396-86ae-2e605dda6cde,5ac0a3cf-2c26-41de-a57f-27a7ff60dd55,bdea1b76-1208-4a2f-b2e1-1aa8a5626500,mobile,3,925.38,18.0,2025-10-15T13:51:20.976510
e7bda4eb-f575-4fcc-96d2-7529c24a760f,3f9dc824-91b5-4ab4-b84d-905a7500ef6d,542e404c-f975-45bf-b793-249b8d15665d,store,1,107.42,12.51,2025-09-03T13:51:20.976551
140ef05f-3309-48bb-a690-e72234e0b57e,fcde5f6e-e6d6-4d2d-b864-ca5cfe08fe46,d5ee97fe-7203-4277-a432-29e8207ec8be,web,5,262.95,15.65,2026-03-06T13:51:20.976574
5b29cd1c-8e96-429c-8615-fd6dcdb8afc1,c8bc6461-f15e-48de-b1ae-15a4fb815418,08cb9e44-2170-4369-9ab2-a47e52847e6c,web,1,117.12,1.03,2025-08-03T13:51:20.976587
a1e96631-24ba-4176-918f-5863ebd709ef,9250bcb7-8e85-4859-9210-77e4d80ea8af,457d9d38-588b-41ff-8c67-d7258b51a8e6,store,1,416.4,18.45,2025-12-22T13:51:20.976600
fa21d6a1-ce4e-40e6-9b88-c3094bfd713a,84af72e6-800a-4dd4-88b4-15fe1f894bef,1308f602-c166-4cdc-868a-0b4938053d4d,web,3,97.32,19.36,2026-03-12T13:51:20.976613
77472402-b113-464e-97be-11c5f02117c9,d7b7e2da-9059-4d56-ae4f-90db25a23b66,168e2ef5-ab86-444e-ad38-6cbe82465e6a,mobile,5,450.3,18.64,2025-12-13T13:51:20.976627
478a09b3-582c-4d2c-86fd-4be3595aa66d,94b600f4-25f6-4f09-953a-1f6a8db7a88f,053f89ae-21b6-4267-baf4-f4be573d366f,web,4,284.6,10.92,2025-06-03T13:51:20.976640
467d6fbc-bfde-4bdf-ad60-33b30a117419,29dc093f-722e-4320-8b1c-a48df552bdf8,28de6b67-c5da-4fd9-9ae6-64f199eb885d,store,5,1524.9,13.06,2025-08-17T13:51:20.976653
2c326f04-37b1-41a7-a6bc-f982188668db,53e0275c-fc42-4900-a0ea-d5048e14d832,457d9d38-588b-41ff-8c67-d7258b51a8e6,web,4,1665.6,6.69,2025-12-03T13:51:20.976667
421e2e6b-43cf-4630-b60c-b25bc750c668,cd7c00ee-783f-44f3-9c7f-80c043255ce5,69b6bb4a-cfaa-4878-91ae-e146f31c1955,mobile,2,683.14,16.34,2026-01-01T13:51:20.976685
0a57074b-599d-40bb-892c-a40276b8ae48,aeba8343-1c08-4938-bff0-4056adb1a9f6,69b6bb4a-cfaa-4878-91ae-e146f31c1955,web,2,683.14,16.11,2025-08-06T13:51:20.976716
80bea27f-9d5a-44ec-b493-ce9c54d243e3,439867bf-aa4f-4697-aaf1-3b9e12b22379,944989d7-0474-4130-959f-c793bf62259e,store,3,358.08,11.96,2026-03-10T13:51:20.976740
1e4460a2-da11-4303-aabe-3b11e830def5,00824cc7-caaa-457e-9328-c8b8556afc23,1890b36f-a137-41e5-b5ed-1d9d565c4bd0,web,5,127.8,5.41,2025-08-13T13:51:20.976757
5430b2de-90db-47a2-90ac-b65ec529a8be,736e89ee-fcda-459e-a2e7-ecbf43f4404b,08cb9e44-2170-4369-9ab2-a47e52847e6c,mobile,1,117.12,4.5,2025-08-04T13:51:20.976770
ce87b710-139a-4522-bf27-46e7a7fb94e7,3c0ec3bc-82a6-49b7-bc9b-7911b3f741a6,e19c753d-318c-4edb-b565-fc406c99c72c,web,4,785.0,0.43,2025-11-11T13:51:20.976783
7ad58ec0-cca1-4eae-b325-a8241917586f,f4898991-6e86-4b9c-a7fe-2cff54efe3ea,cbf743b9-e903-4a26-825c-7bde33e1d82c,mobile,2,746.7,17.21,2025-07-16T13:51:20.976799
dc4cc104-cfc9-4edd-b7cd-b2a895d922c1,de18f223-7a95-47d7-892b-230c0354b118,cbf743b9-e903-4a26-825c-7bde33e1d82c,web,5,1866.75,7.74,2025-08-12T13:51:20.976812
89547550-3be9-4b29-8eb1-3f8a671fa09f,d0e41f6c-c8cb-4de6-86a7-55eb1edf917c,542e404c-f975-45bf-b793-249b8d15665d,store,4,429.68,10.99,2025-04-21T13:51:20.976825
36a74e34-1f65-4b4e-a708-c092416c2262,26073014-9b38-40c7-bdc5-0108e886fb39,f1f6542b-4b3f-4e65-8d9a-766c8d57ad72,store,1,321.48,7.04,2025-06-04T13:51:20.976838
d0500b11-6932-4c66-bf06-1d65aa8e8995,c965e9c5-69cf-4549-9341-be2f2bdff784,e19c753d-318c-4edb-b565-fc406c99c72c,web,1,196.25,1.84,2025-12-15T13:51:20.976851
02a46f77-646d-4a2c-bf08-14c0c6d9d0e6,540330b2-5f16-49dc-872a-7e8b69278d22,6eae25b5-bfd1-445a-b0d8-86e5ef9604a3,mobile,4,1916.08,0.92,2025-07-15T13:51:20.976864
9567c8bd-030f-4670-957d-628f6ad601b0,efea988a-5ab4-4061-a010-1c03b054328b,79634690-8c5c-4240-8205-82b10c85c886,web,2,646.62,1.13,2026-03-17T13:51:20.976877
7debbd75-2fe6-4c29-a8c4-9e440730bb7a,71dd2652-ac88-488d-9869-d71b4a955866,24665074-3a11-4fcf-82f7-1d50a0b2580f,store,3,1145.43,6.99,2026-03-24T13:51:20.976889
e2efedc3-2778-4420-ac7f-00942589d352,d2d0328c-6454-4cfc-8e07-f86be9061924,bff07f43-24a8-4d20-b9e9-6cac1ecce307,mobile,3,180.21,7.96,2026-02-08T13:51:20.976905
9404e8db-eb89-46e7-88aa-e53b474a3ca8,d9b7e479-7962-472f-9f45-ed44bb42d6aa,28de6b67-c5da-4fd9-9ae6-64f199eb885d,store,1,304.98,18.77,2026-03-07T13:51:20.976919
0077ea74-e0b8-4e85-8ec4-5cd11f174a62,bdb77e2b-5d39-41d7-8683-b92222eebcd7,ca3df109-0f94-4c65-bb50-5e247fa97614,store,3,1061.64,14.26,2025-12-24T13:51:20.976932
af9b37cb-5ec2-4bba-9495-869e31792621,0f4e0175-34a6-491e-bf85-2bbc0c78acd4,321b80eb-c6e9-42e0-a6f5-86598247acd3,mobile,5,1464.45,4.88,2025-11-17T13:51:20.976946
9d7edff7-713e-44c9-8ab7-3f44cbeff18e,980e4b8c-94c3-4334-bcf6-5106b7ec56c1,a47d64f7-a098-44b9-8c64-05a8c978779f,mobile,3,917.46,10.07,2025-04-23T13:51:20.976959
3afd16e7-a25b-4622-89bd-64343a0c40c3,2e1846b9-5efb-4df6-9fa0-b8de321d8ce9,6c37ac7c-22fb-489b-9e12-ba964446997b,mobile,4,1775.44,9.72,2025-04-19T13:51:20.976972
46ee0d29-2b4a-4081-98ce-865919d97a44,d8a407c5-77a8-4d42-8b41-ca20287cf760,56ad6e1f-0691-4acd-a3de-c8da072e3963,web,2,292.3,6.1,2025-07-23T13:51:20.976985
618f96ae-7ac1-4d8c-a7ce-d68e3b6f8a32,cd4bae82-f1c1-4249-b9de-54fb8ee5a56a,56ad6e1f-0691-4acd-a3de-c8da072e3963,mobile,1,146.15,16.33,2025-10-07T13:51:20.977002
656ccc1f-425d-47db-bfbd-1531518bb7db,4f8976eb-b7a7-407e-a978-81c6b0ca8ebc,944989d7-0474-4130-959f-c793bf62259e,store,2,238.72,13.0,2025-04-23T13:51:20.977015
782021d5-cf03-4ef3-a711-7a23185f3a08,8290b56a-c317-4563-a6ed-d3324c017372,28de6b67-c5da-4fd9-9ae6-64f199eb885d,web,1,304.98,5.41,2025-08-03T13:51:20.977028
4f68a414-a377-4748-8ec1-4e65126feff7,ac9d43e7-e4a4-4d8f-b14c-e805d4976edf,1308f602-c166-4cdc-868a-0b4938053d4d,web,3,97.32,5.58,2026-03-03T13:51:20.977042
531e4d70-6fb9-4c6c-af95-19c3c6ab2c48,cf767ff6-17c9-4be0-a435-939dd95f7f2b,1308f602-c166-4cdc-868a-0b4938053d4d,store,4,129.76,7.69,2026-04-06T13:51:20.977055
d1ac910e-82c4-4dca-8553-128b7a7b0ef5,1bf5ec6f-1fb7-41ba-8561-83bd4b958e3f,6eae25b5-bfd1-445a-b0d8-86e5ef9604a3,web,2,958.04,13.2,2025-10-03T13:51:20.977070
c36ef939-4b4b-4466-8ba5-06627e5df4c8,bd3fac18-11b2-4e27-97ee-097355e2ae12,69b6bb4a-cfaa-4878-91ae-e146f31c1955,mobile,3,1024.71,15.26,2026-03-30T13:51:20.977084
6bc1463b-7036-41f3-8910-3cd36f77fa85,4169a5b1-d3ce-4a9a-9d4e-f35c958725e4,cbf743b9-e903-4a26-825c-7bde33e1d82c,store,5,1866.75,16.2,2025-10-25T13:51:20.977096
2361e2fd-7c51-43d4-8417-b686757f3e09,4a9cb868-6695-4bf7-93f9-6f179ead9401,56ad6e1f-0691-4acd-a3de-c8da072e3963,mobile,1,146.15,16.58,2025-10-23T13:51:20.977120
89dd7f63-05f5-4be6-aff1-c74cb7953e3f,c49ee3c5-aa37-4df0-bed9-2497197ddbb3,e19c753d-318c-4edb-b565-fc406c99c72c,mobile,1,196.25,7.76,2026-02-19T13:51:20.977139
05ed47b4-c19c-443a-8711-977ef8e79057,ebcca014-8ee1-48b0-8f73-19d476e0b3a8,a0de6626-305c-473f-946f-bec5e72fa2b2,store,5,1837.8,11.45,2025-08-21T13:51:20.977153
8661a279-0e61-4cdc-b96b-d022e026087b,4d5be6ed-605b-4d3a-83b2-7f62be7a5259,1791a541-fe39-430b-9626-a24acd85e08e,store,3,815.16,9.35,2026-01-22T13:51:20.977167
285501b3-dce9-4fe7-88cd-5e5c040c97b0,78db3675-7801-4394-8e2b-4f1fde6f6636,bff07f43-24a8-4d20-b9e9-6cac1ecce307,store,2,120.14,15.99,2026-04-08T13:51:20.977180
a31ee5ec-1842-4893-9ce1-c299abe5243e,5e641a6b-eeb5-414b-809f-987cfa2b1224,a47d64f7-a098-44b9-8c64-05a8c978779f,mobile,1,305.82,5.92,2025-12-09T13:51:20.977193
ef45f2f0-077c-472e-a61e-834a13c2fba5,da6a2aa5-e06f-422f-a9d1-fb75cb459423,f6df0b45-6106-42d3-8c75-195d0ad4baee,store,1,388.79,7.23,2025-06-04T13:51:20.977207
0545f304-e039-40ea-8e02-6d9d158f7e0b,658f0200-2d82-4370-88f0-570c233853ef,11d7b21d-825c-442e-8c20-a64d4de4dd3c,web,5,286.9,6.14,2026-04-09T13:51:20.977219
cc99b520-9696-42d6-a898-c38db56284c1,cb79bd3b-830a-4465-b220-93a205d659c7,905f2110-caca-46ad-b1fc-61c3fda110f1,store,3,145.8,9.25,2026-01-14T13:51:20.977235
19c9c4dc-04cd-481f-a561-2034a0ac28aa,81c9fc48-3729-4936-b13b-53365da461ff,79634690-8c5c-4240-8205-82b10c85c886,store,4,1293.24,9.6,2026-03-28T13:51:20.977255
c56bc502-1b0d-48eb-aa9f-fb3003f87408,208aaec7-2bf9-4e14-a2fb-c77844abac7e,17c1c99f-c424-420e-8868-5ab21bafe8e5,web,2,284.52,11.59,2025-09-18T13:51:20.977286
8f43f2d7-6b86-4568-ae0e-6218f229cfe9,d8a407c5-77a8-4d42-8b41-ca20287cf760,a47d64f7-a098-44b9-8c64-05a8c978779f,store,5,1529.1,19.07,2025-07-07T13:51:20.977301
7b5122f0-9757-48dd-8c32-358077e5aa55,81c9fc48-3729-4936-b13b-53365da461ff,24665074-3a11-4fcf-82f7-1d50a0b2580f,store,3,1145.43,17.38,2025-11-25T13:51:20.977317
1d8b91d9-a38a-483d-b41b-b2e28a08e33e,28bda88c-ec35-4327-97b4-3646020d3493,6eae25b5-bfd1-445a-b0d8-86e5ef9604a3,mobile,2,958.04,13.12,2026-01-30T13:51:20.977330
d3e66081-5e48-4aa2-8e71-54f8a64ce3ce,e25f4035-459a-430c-a3b0-ae644d2ee520,28de6b67-c5da-4fd9-9ae6-64f199eb885d,mobile,1,304.98,10.13,2026-01-11T13:51:20.977343
802e4c44-286b-497b-8f06-340d0f4a63be,81c9fc48-3729-4936-b13b-53365da461ff,905f2110-caca-46ad-b1fc-61c3fda110f1,mobile,1,48.6,4.56,2025-07-06T13:51:20.977356
5b0c65d7-2f8e-4f7b-93b8-9412d196653e,67da80eb-8c00-4328-9bd2-9b409e254a97,11d7b21d-825c-442e-8c20-a64d4de4dd3c,mobile,3,172.14,16.9,2026-04-07T13:51:20.977373
78ef6e67-55c4-4d53-99f5-9c3c99cef91a,740901b0-ea82-459c-b9c4-ebb6e59f3b9c,6c37ac7c-22fb-489b-9e12-ba964446997b,mobile,5,2219.3,4.69,2026-03-24T13:51:20.977387
9421455d-cf06-482b-92b2-9e5c0b712dc9,a2db16fd-ba72-4f0b-9305-a8b470f9b0fa,d5ee97fe-7203-4277-a432-29e8207ec8be,web,5,262.95,10.22,2025-08-31T13:51:20.977400
cbd6f094-cf3c-4566-b042-6177a273c7ce,42739148-1263-40e6-8a79-44cde3b55420,56ad6e1f-0691-4acd-a3de-c8da072e3963,store,3,438.45,16.58,2025-06-27T13:51:20.977413
ff3930c7-0251-4f50-a4d3-86a5a66b88d6,6f9ef49f-8364-495a-bb6c-b6ffa243e355,e68cd9b3-0f66-4719-b9c8-10a5e0acfc32,store,1,429.1,17.52,2025-05-22T13:51:20.977426
76b56d1f-618d-43bd-9dc5-9003c05ed2a1,25f511db-8e77-4fc1-b6e3-9e44765a64bb,cbf743b9-e903-4a26-825c-7bde33e1d82c,store,3,1120.05,6.7,2025-06-09T13:51:20.977438
aa876d7a-5e45-46fd-9034-cecfe1071521,00f19281-9ad5-4f42-a8c1-0691767a4db1,321b80eb-c6e9-42e0-a6f5-86598247acd3,mobile,4,1171.56,0.62,2025-11-16T13:51:20.977452
ff889085-9833-4709-bca4-ef120dd7d0e9,6951a992-1ef4-4e7f-af9b-4a2989cadc35,944989d7-0474-4130-959f-c793bf62259e,mobile,3,358.08,0.51,2026-01-29T13:51:20.977465
7d96834d-faa1-46f4-a108-c0eeee5d35a1,1b01f236-b755-4298-ae6c-63febc013b50,56ad6e1f-0691-4acd-a3de-c8da072e3963,mobile,3,438.45,15.62,2025-07-28T13:51:20.977478
fd243dff-3f40-4d7a-a0a5-48aea2e44f15,4b8e09cb-caba-44f2-a067-285da4e537ef,6c37ac7c-22fb-489b-9e12-ba964446997b,mobile,2,887.72,0.65,2025-10-04T13:51:20.977491
8070ff0a-ef88-4184-9133-60e11398ed71,9c8a22ec-7e5f-474b-8e85-d6b34aea9e24,08f682e0-0949-4d7f-9c1a-36bb48342221,web,4,862.2,19.1,2025-05-18T13:51:20.977504
9263c5b1-2a59-406a-8d90-4ffb8ce533f4,a7efd861-82e5-43b1-9e1d-0c829bfa825e,6eae25b5-bfd1-445a-b0d8-86e5ef9604a3,mobile,5,2395.1,12.61,2025-08-01T13:51:20.977533
12304088-a8fe-4f74-a354-962f8776a4c1,207fbd9f-e63c-4a9c-b32d-dd00c57794da,e68cd9b3-0f66-4719-b9c8-10a5e0acfc32,mobile,5,2145.5,15.96,2026-02-12T13:51:20.977580
8eb89d9a-15e8-4c56-8b99-00ce40635867,6e1cf5e7-7914-4d62-b2b0-b64a0772ac65,0e9c5cdb-187a-4121-93cd-cd24adc53bc4,store,5,563.25,6.34,2025-07-23T13:51:20.977610
30f5a892-65ed-4a2a-a3b5-90e55cbc1a80,7093f3f7-0a13-433d-ac30-374888d8fff3,2341a1b6-ca76-4973-ad2e-4a906f9fd51d,store,3,352.8,4.86,2025-12-12T13:51:20.977643
6e28bf32-65a7-4a82-bd28-e22d87e70c5d,00e32ae3-176f-46d2-894c-5504a1bdace4,321b80eb-c6e9-42e0-a6f5-86598247acd3,store,2,585.78,14.96,2025-08-25T13:51:20.977668
f174a570-68de-4f61-878a-a103dc2b5be9,26073014-9b38-40c7-bdc5-0108e886fb39,bff07f43-24a8-4d20-b9e9-6cac1ecce307,store,4,240.28,1.59,2025-09-18T13:51:20.977681
9da010e3-4fa6-4352-a7f5-4b7662ed9b2c,2fa382ae-d79d-488d-95e2-61f2338ea04b,bdea1b76-1208-4a2f-b2e1-1aa8a5626500,mobile,1,308.46,9.68,2025-10-12T13:51:20.977705
35f71090-6091-45bf-8d55-1240d2ca7aec,0ebb1121-5e3e-4d5b-b10b-61858bcd68c5,f1f6542b-4b3f-4e65-8d9a-766c8d57ad72,mobile,4,1285.92,16.56,2025-12-19T13:51:20.977719
84899178-d27b-4ca6-8bcf-ef5e7192da65,4fea6d9e-f8ff-4426-9531-797cc03943e1,168e2ef5-ab86-444e-ad38-6cbe82465e6a,mobile,2,180.12,11.7,2025-09-19T13:51:20.977735
6c650eb5-9ea9-4055-b02b-8a38c203b5ac,f81bcfa1-39d2-47e8-8236-8071706a6271,11d7b21d-825c-442e-8c20-a64d4de4dd3c,store,3,172.14,2.36,2025-10-23T13:51:20.977754
ae35a625-ec45-473c-bf86-b290f9422b0c,d7e80692-b86e-40b6-b9de-46a15d1df915,e68cd9b3-0f66-4719-b9c8-10a5e0acfc32,mobile,5,2145.5,9.88,2026-01-30T13:51:20.977785
12ef2014-30af-46e7-9fba-64069d78a9a3,b8bc9125-abd7-42fa-b7cd-bccbe5922a40,ad1fb5ee-a91c-4991-9341-e395d2beecef,web,2,704.16,3.34,2025-08-26T13:51:20.977819
6eac7f37-17af-4475-9961-286e2bf1538b,d5327b4f-92bb-47e0-8591-523fd0425dda,11d7b21d-825c-442e-8c20-a64d4de4dd3c,store,5,286.9,14.86,2025-04-16T13:51:20.977842
a2a9c35f-3355-42da-8d78-bf5193e9a839,4fea6d9e-f8ff-4426-9531-797cc03943e1,944989d7-0474-4130-959f-c793bf62259e,mobile,4,477.44,3.34,2026-04-03T13:51:20.977855
c19e2b60-6c18-496f-80a0-dba3134510ad,72cb36c3-7d29-445a-be42-baccbe7f0659,542e404c-f975-45bf-b793-249b8d15665d,store,5,537.1,18.09,2025-07-18T13:51:20.977867
ca667b32-079a-4c81-a585-672359afb6d0,4bc1996f-9825-4f06-85da-2b0db239e855,542e404c-f975-45bf-b793-249b8d15665d,mobile,4,429.68,4.83,2025-04-24T13:51:20.977880
f174a3d2-34d4-4fc3-92a4-a97b58fbffad,89d1cd9f-53a3-4cb9-8d4c-783ca398d230,28de6b67-c5da-4fd9-9ae6-64f199eb885d,mobile,3,914.94,12.18,2025-10-25T13:51:20.977893
0e801987-0a7a-4ac7-8b7e-3a64a116bf91,a2db16fd-ba72-4f0b-9305-a8b470f9b0fa,944989d7-0474-4130-959f-c793bf62259e,store,1,119.36,18.21,2025-10-16T13:51:20.977906
fc013181-ece6-4e88-b8b3-2ed01cda2ba6,71dd238d-4040-4247-9b73-eff211153a97,f1f6542b-4b3f-4e65-8d9a-766c8d57ad72,store,4,1285.92,14.0,2025-11-18T13:51:20.977919
10147ad1-96fc-4ee4-b63c-3cfd7cc2606c,207fbd9f-e63c-4a9c-b32d-dd00c57794da,24665074-3a11-4fcf-82f7-1d50a0b2580f,web,5,1909.05,3.05,2025-07-29T13:51:20.977932
ccf92303-90c0-4d2e-bf39-b5b0f51fd5cf,01af8a00-d406-447f-b3dd-975ce21b49ec,321b80eb-c6e9-42e0-a6f5-86598247acd3,store,4,1171.56,8.77,2025-10-03T13:51:20.977946
ff674a54-fe15-488a-bd9c-6922113a7756,4b8e09cb-caba-44f2-a067-285da4e537ef,a47d64f7-a098-44b9-8c64-05a8c978779f,store,1,305.82,9.87,2025-12-18T13:51:20.977961
4b528f72-aa5c-43cf-88e1-72f756dc3d08,bbf4fb26-a349-4c99-9c94-8531baf2a4e2,2341a1b6-ca76-4973-ad2e-4a906f9fd51d,mobile,5,588.0,10.16,2025-07-21T13:51:20.977975
4e06ca93-6273-4b18-9173-ddc3ffba2f26,27cdacc1-7d04-4490-b295-5991e94f9f5e,e19c753d-318c-4edb-b565-fc406c99c72c,store,3,588.75,6.37,2025-11-01T13:51:20.977989
339c6946-8252-43bb-9050-001eed89413a,327977bd-0cc0-4e37-a898-be7b1668b132,08f682e0-0949-4d7f-9c1a-36bb48342221,store,1,215.55,10.38,2025-12-29T13:51:20.978005
246b36fb-e27a-4af3-b894-d1c028998f02,045d4675-4ee0-49ec-a9b1-1d1db855e831,905f2110-caca-46ad-b1fc-61c3fda110f1,store,1,48.6,3.31,2025-10-20T13:51:20.978019
bdb9be83-6722-4731-be11-b4e35319c3eb,5b57c74e-573c-4427-abd3-d81ce726c936,a47d64f7-a098-44b9-8c64-05a8c978779f,web,4,1223.28,17.71,2025-09-03T13:51:20.978032
3c66c9fe-e68f-49d5-ada3-95f3a8e60c12,5b57c74e-573c-4427-abd3-d81ce726c936,11d7b21d-825c-442e-8c20-a64d4de4dd3c,web,5,286.9,13.33,2026-02-20T13:51:20.978046
ff626390-1deb-48ff-8290-b36c5dded8ef,4f8976eb-b7a7-407e-a978-81c6b0ca8ebc,08cb9e44-2170-4369-9ab2-a47e52847e6c,mobile,2,234.24,15.1,2025-07-07T13:51:20.978061
e9409a20-b35d-4da2-953f-97672bcc5274,65907001-78fd-4e76-8be5-e9a095386e1d,944989d7-0474-4130-959f-c793bf62259e,web,5,596.8,0.13,2025-07-14T13:51:20.978075
0d689ccf-5520-42bc-b70e-804cb50e4d8a,2720b663-694c-4910-8683-0abccd50e8d7,cbf743b9-e903-4a26-825c-7bde33e1d82c,store,3,1120.05,18.84,2026-01-01T13:51:20.978088
a11743d6-6507-4fe4-9302-d8237dc7d96a,da6a2aa5-e06f-422f-a9d1-fb75cb459423,e19c753d-318c-4edb-b565-fc406c99c72c,web,4,785.0,16.62,2025-07-23T13:51:20.978101
4e384a99-227d-43d5-a00e-3ce777c33011,b237f9d5-60b3-45de-bbeb-f64d46377e62,28de6b67-c5da-4fd9-9ae6-64f199eb885d,store,1,304.98,9.87,2025-08-31T13:51:20.978114
cf7d57b8-c5a8-41fa-a5e1-919d14de9cf0,2ec98caa-fbcb-44c8-9be4-a2b9a927b42d,542e404c-f975-45bf-b793-249b8d15665d,web,3,322.26,19.37,2025-05-08T13:51:20.978127
b6ffaad1-76dd-4426-9c9a-b7b8c167329b,755b4c50-4d17-4e79-8c2a-5d83b8972610,1890b36f-a137-41e5-b5ed-1d9d565c4bd0,store,2,51.12,3.13,2026-03-08T13:51:20.978139
69be5ac8-e974-46e2-8dd8-453d55430549,414fe86c-ccc0-4e02-8482-569b40e59aaa,a47d64f7-a098-44b9-8c64-05a8c978779f,mobile,4,1223.28,10.26,2025-05-28T13:51:20.978152
59e74d7c-0501-475b-b039-c0eb6ba8b5f2,431580be-df8f-4693-a61b-a2d5910223b2,d5ee97fe-7203-4277-a432-29e8207ec8be,store,3,157.77,2.01,2026-03-27T13:51:20.978167
ce26cc74-0c50-4c15-aceb-57117763ba2b,102b9f49-a914-4bb7-9fbf-cd661f9867f3,1791a541-fe39-430b-9626-a24acd85e08e,mobile,3,815.16,13.22,2026-01-08T13:51:20.978183
f271772d-6e00-487e-a911-7915b2a60cc4,c1fdb530-3f98-4f58-aebf-d3d9e2463e57,944989d7-0474-4130-959f-c793bf62259e,web,1,119.36,11.73,2025-12-11T13:51:20.978202
d8dc7c1c-777f-45b9-bd58-c2392ffe18b1,b7aaa865-e5ca-4a1f-8fc6-8ec0e327c3ba,6eae25b5-bfd1-445a-b0d8-86e5ef9604a3,store,2,958.04,3.03,2025-12-01T13:51:20.978226
a3424b26-ed39-41d5-9cc4-0f79434341c2,1b83c826-b10a-4344-9e73-15b5b96a5b58,24665074-3a11-4fcf-82f7-1d50a0b2580f,web,4,1527.24,3.97,2025-11-22T13:51:20.978239
2367097b-4974-4c97-a543-e723924e81c8,cfe0b1a7-cd03-4d1e-93b0-3bbdd16f6a23,1890b36f-a137-41e5-b5ed-1d9d565c4bd0,web,5,127.8,8.69,2025-12-27T13:51:20.978253
53a46220-6415-40d6-9a67-aa0956d5ba2d,78d4e439-fa45-4a8f-9594-3c1461777872,17c1c99f-c424-420e-8868-5ab21bafe8e5,mobile,5,711.3,3.56,2025-12-30T13:51:20.978267
214dcf6a-3a71-472d-a5da-26116219bd0f,d5327b4f-92bb-47e0-8591-523fd0425dda,11d7b21d-825c-442e-8c20-a64d4de4dd3c,mobile,5,286.9,11.68,2025-10-03T13:51:20.978280
0f04bdbf-41ba-4796-bc33-18d9b5c58be9,fcce4cc1-7186-4f54-85f6-10e497d9899f,6c37ac7c-22fb-489b-9e12-ba964446997b,mobile,4,1775.44,19.09,2025-07-18T13:51:20.978293
3e900747-3866-4b9b-ba1a-06aa5e95adb5,c1fdb530-3f98-4f58-aebf-d3d9e2463e57,053f89ae-21b6-4267-baf4-f4be573d366f,mobile,2,142.3,9.7,2025-11-17T13:51:20.978307
8c570af0-7f02-430b-9922-429988be21a5,2389a3ab-c7d9-4780-ab1f-1c558d6f7d54,f6df0b45-6106-42d3-8c75-195d0ad4baee,mobile,5,1943.95,9.62,2025-10-15T13:51:20.978326
533bc10e-fe83-4add-aa51-b9e01b579dc3,acd34a34-250e-4096-9b7d-6f794c95fa49,6eae25b5-bfd1-445a-b0d8-86e5ef9604a3,store,1,479.02,19.39,2025-11-19T13:51:20.978357
8c8cec0f-5ea1-444b-a3d9-fc38c87ea826,319b258d-67c6-4fda-93e9-f3a9fa80bcf2,bff07f43-24a8-4d20-b9e9-6cac1ecce307,web,4,240.28,9.29,2026-02-15T13:51:20.978383
8548e721-db4c-4e47-8cbe-db84496ea942,b6bae32c-417a-4606-ab1f-a80de57064d7,28de6b67-c5da-4fd9-9ae6-64f199eb885d,store,3,914.94,14.1,2025-04-24T13:51:20.978396
670c1a1e-1c5f-45f1-b9d4-7273068cfcc0,96478114-3e95-4c71-adc2-4d8618801e09,0e9c5cdb-187a-4121-93cd-cd24adc53bc4,store,4,450.6,13.74,2025-06-12T13:51:20.978410
f233cc1b-70cf-4306-9124-6ba58697d4b3,65907001-78fd-4e76-8be5-e9a095386e1d,a0de6626-305c-473f-946f-bec5e72fa2b2,web,3,1102.68,17.8,2025-07-30T13:51:20.978423
9c465791-ccfb-4ba6-9eee-bbc83964a4de,aa5ec596-9d76-401f-aa26-57c32ecec090,e68cd9b3-0f66-4719-b9c8-10a5e0acfc32,store,1,429.1,5.23,2025-07-02T13:51:20.978437
d93e546e-3121-4797-98ec-f49231ea08f6,68fcba4b-67dc-40a5-b324-7628db4cddbb,e68cd9b3-0f66-4719-b9c8-10a5e0acfc32,store,4,1716.4,7.97,2025-09-01T13:51:20.978450
7729a225-5a5f-402d-9417-af524cb62f65,9258f655-3c64-4155-acfb-ce47710a63f6,69b6bb4a-cfaa-4878-91ae-e146f31c1955,mobile,3,1024.71,4.38,2025-08-10T13:51:20.978463
95ac9eab-a1b2-4353-b363-4e6b06208736,7a17c39e-ac79-4a16-b21a-b842db9df252,944989d7-0474-4130-959f-c793bf62259e,store,3,358.08,4.43,2025-08-29T13:51:20.978475
77346ce8-9f79-46b3-a6d3-9bd9b1d1dccb,cfe0b1a7-cd03-4d1e-93b0-3bbdd16f6a23,9c0e36b8-29dc-48d8-9869-8d952c29dbdb,mobile,5,1493.65,2.21,2025-12-31T13:51:20.978488
6dedd23a-11cd-4ac8-849e-7202908eab57,5f9a2f01-073f-4576-a173-61c06b068554,457d9d38-588b-41ff-8c67-d7258b51a8e6,mobile,2,832.8,0.4,2025-06-10T13:51:20.978501
c7c8e944-41dd-4f99-9fdc-0c8418546065,ebcca014-8ee1-48b0-8f73-19d476e0b3a8,cbf743b9-e903-4a26-825c-7bde33e1d82c,mobile,4,1493.4,6.67,2026-02-28T13:51:20.978527
4a569c31-d569-4a2c-979c-f6745ad83b95,964b7af0-f945-4a93-a040-a1f71aed720f,17c1c99f-c424-420e-8868-5ab21bafe8e5,web,1,142.26,10.37,2025-05-15T13:51:20.978558
16840da9-f59b-48fd-a76b-0dbf81259972,ea1872d3-f341-4e4d-ba06-92d09a33fa7a,168e2ef5-ab86-444e-ad38-6cbe82465e6a,mobile,2,180.12,7.91,2026-01-25T13:51:20.978589
32b0d41d-c1ec-47ea-aa1d-1114b68ff10f,c0f89555-5fe2-4ced-8b60-e35e96e39987,6eae25b5-bfd1-445a-b0d8-86e5ef9604a3,store,3,1437.06,6.63,2026-01-23T13:51:20.978625
bb81e70e-6e0d-4ae3-a9f9-139d03d0e977,bfa1faa6-7870-4ab7-b386-25eb3624f4dc,17c1c99f-c424-420e-8868-5ab21bafe8e5,web,2,284.52,16.91,2026-04-09T13:51:20.978660
6009004a-3274-4268-b493-9ef7ec15d3a1,b1eda297-b5e3-4a00-a11a-293f57da976d,1791a541-fe39-430b-9626-a24acd85e08e,store,1,271.72,15.83,2025-08-02T13:51:20.978691
48261662-5fa6-4baa-b784-1c1424324c02,736e89ee-fcda-459e-a2e7-ecbf43f4404b,9c0e36b8-29dc-48d8-9869-8d952c29dbdb,web,3,896.19,4.6,2025-11-12T13:51:20.978721
bb3ee3b8-2de6-4f54-ba14-37aaf004738e,72383042-728e-4d20-b0bc-201a92009198,bff07f43-24a8-4d20-b9e9-6cac1ecce307,mobile,1,60.07,2.47,2025-11-27T13:51:20.978750
de79184f-61cf-4c14-b11c-6883863d5359,cd1b11ec-0996-4be8-8902-195674a27e17,1308f602-c166-4cdc-868a-0b4938053d4d,mobile,4,129.76,17.53,2026-02-07T13:51:20.978774
63cd80b9-6884-432f-96fe-678d782e74b6,01345167-d5c6-442f-9e36-7a5740ee4bcf,1890b36f-a137-41e5-b5ed-1d9d565c4bd0,mobile,1,25.56,14.44,2026-03-09T13:51:20.978799
5de8f068-5329-4e7c-8dd6-2d06baee4604,f1e85f7e-0df4-4232-b450-87ea70eaed9e,e68cd9b3-0f66-4719-b9c8-10a5e0acfc32,mobile,1,429.1,16.61,2026-04-08T13:51:20.978822
17411df5-dc59-4bda-a105-cc04757949fc,302fe327-d775-409b-8012-a97df34b403d,08f682e0-0949-4d7f-9c1a-36bb48342221,store,1,215.55,3.89,2025-06-18T13:51:20.978840
0ed005e6-913c-447d-8740-c5730523b297,6e1cf5e7-7914-4d62-b2b0-b64a0772ac65,053f89ae-21b6-4267-baf4-f4be573d366f,mobile,3,213.45,14.87,2025-09-10T13:51:20.978871
b6d82d25-4857-4141-b3b0-4c596014f5c1,26c7cb26-7ff0-42e0-be22-ca8bac43dfda,a47d64f7-a098-44b9-8c64-05a8c978779f,web,4,1223.28,5.29,2026-01-02T13:51:20.978900
8551a8e1-6266-44aa-ba91-3e277bf57bba,d2d0328c-6454-4cfc-8e07-f86be9061924,2341a1b6-ca76-4973-ad2e-4a906f9fd51d,store,4,470.4,8.59,2025-10-05T13:51:20.978928
a8d170e0-794c-4040-9f0b-22ad97a5d823,255c4ea4-afab-4c32-a4e0-91d634e91b6a,e68cd9b3-0f66-4719-b9c8-10a5e0acfc32,store,5,2145.5,5.69,2025-11-24T13:51:20.978943
e2c0dc7c-ee32-4599-82e1-c79c93d63a0a,9b88430b-2b81-4613-aaae-c095517cd2e4,168e2ef5-ab86-444e-ad38-6cbe82465e6a,store,5,450.3,0.34,2025-12-11T13:51:20.978957
7a0b6253-22be-48c6-bdb8-f1b605a6567e,675701f2-8821-48a1-b6cd-c7205873c1e2,f6df0b45-6106-42d3-8c75-195d0ad4baee,mobile,3,1166.37,2.17,2025-07-10T13:51:20.978973
a9258b51-4506-4dba-801f-4fb65c974ae3,71ed938f-c557-407e-b2c5-6db5e002ec6c,2341a1b6-ca76-4973-ad2e-4a906f9fd51d,web,1,117.6,8.94,2025-09-24T13:51:20.979008
e72d7b2c-6071-4a16-802e-ed4ce686ff3d,46a28351-96db-49e2-8f94-2a1ff20a0c8d,2341a1b6-ca76-4973-ad2e-4a906f9fd51d,store,1,117.6,6.65,2025-05-21T13:51:20.979040
5e9671b3-fcfd-4781-a649-e2bfea8864ca,97ef2d8d-9dfa-469c-9ff4-e4f4cfc6f847,1890b36f-a137-41e5-b5ed-1d9d565c4bd0,web,1,25.56,4.15,2025-07-02T13:51:20.979065
5a93589b-24aa-4be4-aed7-aa427c7e91ae,0f4e0175-34a6-491e-bf85-2bbc0c78acd4,ca3df109-0f94-4c65-bb50-5e247fa97614,web,5,1769.4,2.83,2025-12-09T13:51:20.979079
9e103f55-eaf9-4ac6-b51c-28a7e8f39633,ba0f0624-b1c9-4f49-9041-fd7c7b1028a5,0e9c5cdb-187a-4121-93cd-cd24adc53bc4,web,5,563.25,1.18,2025-06-29T13:51:20.979092
bf5aeb9c-3461-46cc-9f06-b8c9525eee3d,77a1f19a-1cff-43c5-b777-99dc030e28ab,11d7b21d-825c-442e-8c20-a64d4de4dd3c,mobile,4,229.52,6.76,2025-11-07T13:51:20.979105
dae4a4e7-2fd9-4cbb-bfa2-7d2ac66afc18,85614ccc-0949-4a03-a33a-38b2340aaca1,944989d7-0474-4130-959f-c793bf62259e,mobile,3,358.08,11.97,2025-04-28T13:51:20.979118
de3b5065-e9b7-4ed0-a70c-b12359737194,b7aaa865-e5ca-4a1f-8fc6-8ec0e327c3ba,79634690-8c5c-4240-8205-82b10c85c886,web,3,969.93,15.1,2025-04-27T13:51:20.979131
27b1bafc-317e-4ce9-b5be-8db3beef3b3b,edcd837f-7b30-4f33-b321-66343954be91,ca3df109-0f94-4c65-bb50-5e247fa97614,store,5,1769.4,19.19,2025-08-03T13:51:20.979145
f3180cad-b83e-49a2-9603-f858e4f6b37f,a295cf72-e598-4850-963d-6023136619cc,905f2110-caca-46ad-b1fc-61c3fda110f1,store,4,194.4,10.29,2025-04-18T13:51:20.979158
c7a88175-f26b-405e-9bae-463c563a5ce9,9a58294d-b1d7-464a-a310-45a0eccb0b17,1890b36f-a137-41e5-b5ed-1d9d565c4bd0,mobile,1,25.56,1.55,2025-09-10T13:51:20.979175
1991cd84-9869-406c-880a-0c53fc48d49a,28bda88c-ec35-4327-97b4-3646020d3493,79634690-8c5c-4240-8205-82b10c85c886,mobile,2,646.62,2.43,2025-07-23T13:51:20.979191
1294e409-62eb-4903-986e-3cf38eac21c0,d7eaed06-94e3-43b5-9ea6-a33d8c0b3122,f1f6542b-4b3f-4e65-8d9a-766c8d57ad72,store,1,321.48,9.9,2026-03-27T13:51:20.979205
98a28cdf-541c-4098-a8cf-2f3ea6637cd9,e126d0cb-6e82-4a85-b85f-f2678181bce6,1791a541-fe39-430b-9626-a24acd85e08e,mobile,4,1086.88,17.48,2026-02-03T13:51:20.979218
866ca096-2388-4173-85e6-58c071e8dd5f,d5327b4f-92bb-47e0-8591-523fd0425dda,f6df0b45-6106-42d3-8c75-195d0ad4baee,web,1,388.79,8.71,2025-11-15T13:51:20.979231
10c81d5b-cee9-4763-a5fc-725c3d1850d1,89d1cd9f-53a3-4cb9-8d4c-783ca398d230,a47d64f7-a098-44b9-8c64-05a8c978779f,mobile,5,1529.1,17.79,2025-11-01T13:51:20.979245
8e4a8ffe-fa7a-4e06-b665-0cb5aa0fcc0d,439867bf-aa4f-4697-aaf1-3b9e12b22379,9c0e36b8-29dc-48d8-9869-8d952c29dbdb,mobile,2,597.46,13.7,2025-11-18T13:51:20.979266
b95c39e5-3964-4647-bb58-0edf16a4032b,755b4c50-4d17-4e79-8c2a-5d83b8972610,321b80eb-c6e9-42e0-a6f5-86598247acd3,store,5,1464.45,9.44,2025-06-10T13:51:20.979295
738d2e71-4319-4a4b-87db-1a52983c4b35,94d0b5a3-a86a-4abe-816b-c62b05ebe72f,457d9d38-588b-41ff-8c67-d7258b51a8e6,mobile,2,832.8,14.3,2026-01-21T13:51:20.979310
c17ace3c-28a2-4990-8279-2474228943b9,5ac0a3cf-2c26-41de-a57f-27a7ff60dd55,79634690-8c5c-4240-8205-82b10c85c886,web,3,969.93,3.01,2025-09-14T13:51:20.979322
c5abf878-90f9-4056-b761-80e23446119e,13827467-0bd2-4e34-876c-8bb8ec7a0c88,79634690-8c5c-4240-8205-82b10c85c886,web,3,969.93,3.99,2025-04-21T13:51:20.979335
225108f8-ef3f-4534-9a5e-c9606d3c891b,f4a16aad-10c8-456d-a7e3-f8f2fd704455,168e2ef5-ab86-444e-ad38-6cbe82465e6a,web,4,360.24,1.22,2025-10-28T13:51:20.979349
918b9415-45a2-4425-802d-861d4b1ccfb3,8dffa9f2-549a-4fcc-bc8a-89381a4325e6,9c0e36b8-29dc-48d8-9869-8d952c29dbdb,mobile,1,298.73,11.18,2025-10-18T13:51:20.979361
9dc3ad02-d2e9-483c-b57e-986b09a170e4,0ebad927-eae2-4b88-a206-9da927294c87,6c37ac7c-22fb-489b-9e12-ba964446997b,store,1,443.86,5.68,2026-01-07T13:51:20.979375
b1ce097e-600c-4f52-b091-1a868f9a5db3,48186108-5140-477d-8d9c-59cf0f3db172,e19c753d-318c-4edb-b565-fc406c99c72c,store,5,981.25,12.49,2025-11-10T13:51:20.979389
8af05f6b-fc63-4f3f-9c7d-277b8049e118,0a3c7b2d-e015-4c8e-aa15-0904eea35e94,11d7b21d-825c-442e-8c20-a64d4de4dd3c,mobile,5,286.9,13.19,2025-07-12T13:51:20.979409
85b27309-7072-41ef-a7b0-cf4c7efd91a0,ccc80586-f348-4f03-85eb-7da4adedccb4,08f682e0-0949-4d7f-9c1a-36bb48342221,store,1,215.55,3.57,2025-12-26T13:51:20.979441
b420fb70-8ce7-4800-bca3-779522bd67b4,439867bf-aa4f-4697-aaf1-3b9e12b22379,08cb9e44-2170-4369-9ab2-a47e52847e6c,mobile,2,234.24,12.9,2025-07-22T13:51:20.979472
ab3ecf94-6b51-4b81-bb29-0ad614e09ce5,b404a8e7-16e4-4439-a553-4fc2473a176b,457d9d38-588b-41ff-8c67-d7258b51a8e6,mobile,5,2082.0,5.54,2025-06-16T13:51:20.979500
66c986c5-69e1-4462-9a30-f9687753f529,735c5be2-ba98-4be8-ac04-410d8c7bea4d,0e9c5cdb-187a-4121-93cd-cd24adc53bc4,web,2,225.3,15.67,2026-01-19T13:51:20.979532
b23485d8-eea7-4f2e-8972-5d7bf8881212,bfa1faa6-7870-4ab7-b386-25eb3624f4dc,1890b36f-a137-41e5-b5ed-1d9d565c4bd0,web,5,127.8,3.3,2026-01-30T13:51:20.979569
6903074f-0236-4b1d-8fa0-e6363c38f44c,fcde5f6e-e6d6-4d2d-b864-ca5cfe08fe46,79634690-8c5c-4240-8205-82b10c85c886,web,3,969.93,2.74,2026-03-07T13:51:20.979594
770050a8-6ba6-48d9-8fa4-e839ab1e615c,735c5be2-ba98-4be8-ac04-410d8c7bea4d,f1f6542b-4b3f-4e65-8d9a-766c8d57ad72,store,4,1285.92,6.54,2025-05-10T13:51:20.979608
180d55ad-9b05-4cad-ad8d-0bb66a06dbb0,94b600f4-25f6-4f09-953a-1f6a8db7a88f,28de6b67-c5da-4fd9-9ae6-64f199eb885d,store,2,609.96,7.55,2025-07-03T13:51:20.979621
880e3789-fd02-46db-a2a7-c190fb97fff4,d5c0759f-5701-4654-842a-fc8eae714de1,0e9c5cdb-187a-4121-93cd-cd24adc53bc4,mobile,3,337.95,6.34,2025-11-07T13:51:20.979634
a66bcd31-05b9-45e2-ad2f-4ef4f617b4f7,d8a407c5-77a8-4d42-8b41-ca20287cf760,56ad6e1f-0691-4acd-a3de-c8da072e3963,store,2,292.3,14.23,2025-05-26T13:51:20.979648
c3bacb89-7f3d-4888-8713-26486359ee79,539ff2c6-6954-426f-8aac-ef6ce054bfab,e19c753d-318c-4edb-b565-fc406c99c72c,store,5,981.25,13.9,2025-09-01T13:51:20.979663
76383892-e8ec-44bf-b6d6-612add17a07e,84af72e6-800a-4dd4-88b4-15fe1f894bef,28de6b67-c5da-4fd9-9ae6-64f199eb885d,mobile,5,1524.9,6.96,2025-09-05T13:51:20.979680
b91ddc8a-a122-4b8e-b8cc-af3b721724a2,d010c452-9bd9-44e7-b595-21b37cd41c07,321b80eb-c6e9-42e0-a6f5-86598247acd3,store,4,1171.56,14.57,2025-05-07T13:51:20.979695
7d969fac-92e0-4a55-8954-90fe6b205ab8,b99c3e55-f199-4dc5-b146-d6358e2b84b5,17c1c99f-c424-420e-8868-5ab21bafe8e5,store,2,284.52,3.58,2025-10-02T13:51:20.979710
d2378784-cb85-4e08-9330-d2601ac3994c,0e84ca4e-38ef-4914-9a48-d37c077735d3,79634690-8c5c-4240-8205-82b10c85c886,store,2,646.62,10.52,2025-09-01T13:51:20.979723
2076af05-cb72-4400-9d42-f8e649a2b37e,dfd52764-d937-4a04-bde4-5a02eae154af,053f89ae-21b6-4267-baf4-f4be573d366f,store,3,213.45,18.32,2026-02-26T13:51:20.979737
3c5a2638-8109-4849-8b4b-2625e4fd0a70,f556570a-83d4-4f36-bcdc-aa50e4af7c10,79634690-8c5c-4240-8205-82b10c85c886,web,5,1616.55,12.94,2025-11-27T13:51:20.979750
78e84c8b-c5de-46db-a538-61cb9f0cc420,a22427fa-587c-4ef8-ac58-a71016ef9984,0e9c5cdb-187a-4121-93cd-cd24adc53bc4,mobile,4,450.6,14.09,2026-03-24T13:51:20.979771
3b30215a-b507-42f6-85cb-f7f195b85685,034fb1e4-e5d9-468d-91ee-334981a4ff94,69b6bb4a-cfaa-4878-91ae-e146f31c1955,mobile,5,1707.85,18.55,2026-03-31T13:51:20.979807
c88fd466-b216-49ee-8eee-3adfb0bfdba4,1b01f236-b755-4298-ae6c-63febc013b50,7df8e284-e832-44a7-94ef-f17a4e5da9d6,store,4,358.76,15.0,2026-01-17T13:51:20.979831
72049752-d950-4827-b1ef-add6db25213f,8d828bfe-e76a-4489-8c2c-8660db2e545a,168e2ef5-ab86-444e-ad38-6cbe82465e6a,store,1,90.06,0.58,2026-03-27T13:51:20.979862
6fc936ab-dcd3-4fbe-91ba-2dbdb4f88411,980e4b8c-94c3-4334-bcf6-5106b7ec56c1,08f682e0-0949-4d7f-9c1a-36bb48342221,web,2,431.1,8.39,2026-02-07T13:51:20.979876
28d9366b-3022-4620-8bb5-3dea5cc730f3,a177a8f2-78cc-4b69-8423-50b9e3c5cb7e,28de6b67-c5da-4fd9-9ae6-64f199eb885d,mobile,1,304.98,14.21,2025-08-31T13:51:20.979890
9be6be53-2e89-44bb-8170-5a1db8ec4725,de68630e-da9e-45bb-9038-1aeb89f735f1,08cb9e44-2170-4369-9ab2-a47e52847e6c,web,5,585.6,13.1,2025-11-24T13:51:20.979903
6862b2b4-d8bd-44d2-beba-1a2df3fa7403,0aecb8b1-e5bf-4a41-88ed-1559a7e7a3a1,cbf743b9-e903-4a26-825c-7bde33e1d82c,store,3,1120.05,17.95,2025-05-06T13:51:20.979919
a8d3d6de-685b-4b30-91e1-113faba0baa7,b3f884c2-631e-4f50-8ebb-a704e4cd049d,321b80eb-c6e9-42e0-a6f5-86598247acd3,mobile,5,1464.45,8.06,2026-04-08T13:51:20.979942
e9932e60-6374-497b-ba50-2b526c8fa43d,b0b5d801-ca6b-405b-820c-269c6367bf13,69b6bb4a-cfaa-4878-91ae-e146f31c1955,mobile,1,341.57,2.95,2026-01-07T13:51:20.979970
081e0557-e9ab-4d56-8d01-8377ccc3cfee,4978ccb0-1e80-4cf0-b90a-0a40f49394dc,1890b36f-a137-41e5-b5ed-1d9d565c4bd0,web,2,51.12,5.51,2025-08-31T13:51:20.979983
32a858c0-084f-407c-9d8b-7ff15591861a,d7eaed06-94e3-43b5-9ea6-a33d8c0b3122,bdea1b76-1208-4a2f-b2e1-1aa8a5626500,mobile,4,1233.84,14.94,2026-01-17T13:51:20.980001
5949afaa-b260-458d-8553-60f74573f0be,b0b5d801-ca6b-405b-820c-269c6367bf13,79634690-8c5c-4240-8205-82b10c85c886,mobile,3,969.93,7.01,2025-11-26T13:51:20.980024
cd3f408f-ae2e-42c7-9572-f3d8cd57c864,6fe8c4f8-6f02-4706-b398-6c3d0653b820,7df8e284-e832-44a7-94ef-f17a4e5da9d6,web,5,448.45,11.32,2025-04-24T13:51:20.980037
2b8a3923-e360-4500-84cd-88556ef585c1,9d57b2f2-8959-4ba6-a225-7aae14a7ca35,1890b36f-a137-41e5-b5ed-1d9d565c4bd0,web,1,25.56,14.59,2026-02-28T13:51:20.980050
3f825628-413a-49fb-8382-73d8d96c322a,637c0f84-207d-48a7-a962-320e19bc238f,905f2110-caca-46ad-b1fc-61c3fda110f1,web,5,243.0,15.33,2025-05-30T13:51:20.980063
90195949-e5e8-490c-8db6-ebec39c7ed36,706c92b2-4312-41a5-af08-065360ef288d,79634690-8c5c-4240-8205-82b10c85c886,store,2,646.62,9.21,2025-05-24T13:51:20.980076
70f9d2e4-efba-46b6-be68-cc08429da87e,c1fdb530-3f98-4f58-aebf-d3d9e2463e57,bff07f43-24a8-4d20-b9e9-6cac1ecce307,mobile,3,180.21,18.85,2025-05-02T13:51:20.980093
1995423f-cafd-47de-bad5-ddcdf56b1d4f,3a9aea0a-65d8-411d-a515-5239f165ec5d,ad1fb5ee-a91c-4991-9341-e395d2beecef,web,2,704.16,7.59,2025-11-08T13:51:20.980106
750b797a-4341-4b28-9e3e-18f98658ea7b,46ea7f90-58e8-4782-952d-04f6cbed438e,24665074-3a11-4fcf-82f7-1d50a0b2580f,mobile,3,1145.43,6.31,2026-02-03T13:51:20.980121
7749a3be-00cd-44dd-9f91-c92ce246ed9b,0ebad927-eae2-4b88-a206-9da927294c87,ad1fb5ee-a91c-4991-9341-e395d2beecef,web,3,1056.24,19.59,2026-01-03T13:51:20.980135
ccfe9a68-f82c-4267-8a36-7784c9ccaa07,400b741d-0ca0-45d6-8523-573617fee653,f1f6542b-4b3f-4e65-8d9a-766c8d57ad72,store,3,964.44,7.1,2026-02-27T13:51:20.980149
59d5eaf4-08de-409f-9a48-51231b8a861e,8de4ba42-f9cc-4561-9d63-a626e4997a50,6c37ac7c-22fb-489b-9e12-ba964446997b,mobile,5,2219.3,13.74,2025-08-28T13:51:20.980163
80bcea98-6f49-4489-886e-63315c82820d,32528c9b-b758-4757-b73f-1f5e974a7789,944989d7-0474-4130-959f-c793bf62259e,web,5,596.8,10.76,2025-09-30T13:51:20.980176
54769fdb-be88-4c3b-a70b-5a5a5edbea06,94d0b5a3-a86a-4abe-816b-c62b05ebe72f,e19c753d-318c-4edb-b565-fc406c99c72c,mobile,3,588.75,15.93,2025-05-20T13:51:20.980189
9194b4f3-60f0-48c5-bcfb-616fb95d9727,5a523974-ed22-4369-bcef-5a8a76366df3,457d9d38-588b-41ff-8c67-d7258b51a8e6,mobile,5,2082.0,15.89,2025-07-07T13:51:20.980203
a18003a8-009a-4163-8346-bb63edfb6d4f,8ccd0f15-fc71-4c67-ad0e-2f8a0beac395,bdea1b76-1208-4a2f-b2e1-1aa8a5626500,web,2,616.92,9.35,2025-12-04T13:51:20.980219
ee67c4ca-edcd-464d-b4d2-c2404d6d695e,53e0275c-fc42-4900-a0ea-d5048e14d832,28de6b67-c5da-4fd9-9ae6-64f199eb885d,mobile,5,1524.9,3.73,2025-05-13T13:51:20.980232
9710147a-ab56-4f1a-9829-85ee8b261942,45aafc55-589b-4421-813b-4d61aa30747f,7df8e284-e832-44a7-94ef-f17a4e5da9d6,store,5,448.45,11.28,2025-11-01T13:51:20.980246
2c78de6e-cf00-421b-8f10-66407cd21ba5,658f0200-2d82-4370-88f0-570c233853ef,944989d7-0474-4130-959f-c793bf62259e,web,3,358.08,12.59,2025-04-21T13:51:20.980262
54f94a1b-4b48-47cf-8840-43ad31c8f8f3,151c76f0-b52b-44c4-88d8-60c260d72682,79634690-8c5c-4240-8205-82b10c85c886,store,2,646.62,6.69,2025-09-12T13:51:20.980275
52722d1c-c014-4ff0-884d-61c6e36f09dc,8d828bfe-e76a-4489-8c2c-8660db2e545a,08cb9e44-2170-4369-9ab2-a47e52847e6c,store,2,234.24,3.25,2025-10-14T13:51:20.980288
4aab563f-5fc3-4a2e-a5c0-023483feaf55,a297e636-369b-47d2-b6d9-e19bf136f198,24665074-3a11-4fcf-82f7-1d50a0b2580f,mobile,1,381.81,9.13,2025-09-03T13:51:20.980305
e0bfd17c-34d9-463b-b6c2-07b48296ced6,045d4675-4ee0-49ec-a9b1-1d1db855e831,e19c753d-318c-4edb-b565-fc406c99c72c,web,4,785.0,5.05,2025-08-16T13:51:20.980319
33836368-2738-4a6f-af0e-e5c9d3afb9c3,a7b1d04c-20b3-4043-8752-459a280b14a5,457d9d38-588b-41ff-8c67-d7258b51a8e6,store,4,1665.6,6.0,2025-05-03T13:51:20.980340
60d87c45-2021-4a83-9c29-424b851fa330,370f0855-85f1-477f-8f8e-0f1980e8cfc6,6eae25b5-bfd1-445a-b0d8-86e5ef9604a3,store,5,2395.1,8.52,2026-02-19T13:51:20.980367
a30562be-6399-449c-b269-66a459ba674b,32ffa999-0fab-4f21-8377-940aa0f754eb,2341a1b6-ca76-4973-ad2e-4a906f9fd51d,web,4,470.4,3.28,2025-06-16T13:51:20.980381
cd872765-8b50-4b5f-b2f2-d471453e0527,79fc4812-26d3-4ade-93fb-8c817b2fb15b,053f89ae-21b6-4267-baf4-f4be573d366f,mobile,5,355.75,3.97,2025-04-23T13:51:20.980394
7652f851-eeba-4292-809a-bc8aa7984e5f,370f0855-85f1-477f-8f8e-0f1980e8cfc6,2341a1b6-ca76-4973-ad2e-4a906f9fd51d,mobile,2,235.2,6.66,2026-02-08T13:51:20.980417
fec9be2a-c55d-475c-938b-da296c4ebfe6,6d40d013-a9c6-497a-a9a8-a3c69db7cdf1,69b6bb4a-cfaa-4878-91ae-e146f31c1955,web,1,341.57,16.03,2025-11-08T13:51:20.980443
d315dd38-1bd3-426b-8548-95d795ca913d,f034c227-4c36-4efd-aaf6-21c60e1aa1f6,f6df0b45-6106-42d3-8c75-195d0ad4baee,web,2,777.58,13.17,2025-08-23T13:51:20.980457
c504110b-71da-4dd9-ac82-6b08e9cc28aa,039c9b20-dd1e-4d98-ac25-be384c76f160,24665074-3a11-4fcf-82f7-1d50a0b2580f,web,3,1145.43,3.69,2025-11-09T13:51:20.980470
83fc9233-b6f6-4447-a8b6-2819a317b7c0,9a58294d-b1d7-464a-a310-45a0eccb0b17,56ad6e1f-0691-4acd-a3de-c8da072e3963,mobile,4,584.6,4.89,2026-02-28T13:51:20.980482
74432074-c80f-4eaa-a6ac-f57cbff8aa59,6b9384d5-4658-499e-aa0e-261e25506abf,17c1c99f-c424-420e-8868-5ab21bafe8e5,store,3,426.78,3.19,2026-04-13T13:51:20.980496
48e1f436-87d4-4269-a29c-1036cae1316f,b2f52649-2de7-4158-96f1-800ae16d25f0,0e9c5cdb-187a-4121-93cd-cd24adc53bc4,store,5,563.25,13.98,2025-04-29T13:51:20.980524
03e27df2-e2f9-4f1e-9759-64fd7fa46c11,9258f655-3c64-4155-acfb-ce47710a63f6,0e9c5cdb-187a-4121-93cd-cd24adc53bc4,mobile,4,450.6,4.85,2025-08-21T13:51:20.980558
07473b36-60cb-41a7-ae54-dcc8bcdded51,abb8399d-d557-4b20-a585-bdc3cbf9c14d,08cb9e44-2170-4369-9ab2-a47e52847e6c,store,4,468.48,15.26,2026-02-09T13:51:20.980595
f3b76a6b-a7e8-4dc4-8e03-ace1d8e1181d,ef8225e3-4aeb-459c-8242-fae62541926d,f6df0b45-6106-42d3-8c75-195d0ad4baee,mobile,3,1166.37,14.61,2025-11-22T13:51:20.980617
832956c5-48c2-4a2e-a8a8-6583a9d44488,b5e852ab-dc42-45d2-80ed-061b15e85082,f6df0b45-6106-42d3-8c75-195d0ad4baee,store,5,1943.95,9.77,2026-03-10T13:51:20.980631
517439a4-af2e-4003-a20f-f167f9f79669,3a0a8104-2429-4838-b9fb-61c66c54643d,cbf743b9-e903-4a26-825c-7bde33e1d82c,web,2,746.7,15.36,2025-06-08T13:51:20.980643
f9dd8add-e95e-4ee8-b4ac-ca19447dc31b,6951a992-1ef4-4e7f-af9b-4a2989cadc35,321b80eb-c6e9-42e0-a6f5-86598247acd3,web,3,878.67,12.21,2025-08-02T13:51:20.980657
090ec5b5-a0b9-476a-9ffd-db70e223bca3,0187210b-941d-4bad-b587-443bb52be2a0,f6df0b45-6106-42d3-8c75-195d0ad4baee,web,1,388.79,2.76,2025-05-20T13:51:20.980670
3952229b-dc97-4e53-994a-f9136db4bd08,486e7590-a65d-4b51-90c2-c0656ce8f42e,944989d7-0474-4130-959f-c793bf62259e,store,2,238.72,1.86,2025-11-12T13:51:20.980683
63f44fb1-e33b-4438-80b4-bf4f692da20c,b404a8e7-16e4-4439-a553-4fc2473a176b,24665074-3a11-4fcf-82f7-1d50a0b2580f,store,4,1527.24,6.22,2026-01-28T13:51:20.980696
5175491e-019b-45a2-9ad2-3bd2d412e9a4,79f0c9f5-48e2-4825-9d7e-ccca692a8555,0e9c5cdb-187a-4121-93cd-cd24adc53bc4,store,1,112.65,3.59,2025-12-03T13:51:20.980709
134a3c57-ff6e-40a6-bada-f43e8560f403,617476de-8ec5-4f6e-860d-7c8277a7c4b1,1791a541-fe39-430b-9626-a24acd85e08e,web,1,271.72,6.93,2025-08-20T13:51:20.980723
f8f52a04-55c2-4d16-b176-29f81a6a06d3,207fbd9f-e63c-4a9c-b32d-dd00c57794da,08cb9e44-2170-4369-9ab2-a47e52847e6c,web,4,468.48,6.38,2026-04-09T13:51:20.980736
e3db71ee-4712-4efb-8cdb-4e76074cc661,045d4675-4ee0-49ec-a9b1-1d1db855e831,bdea1b76-1208-4a2f-b2e1-1aa8a5626500,store,4,1233.84,0.23,2025-04-29T13:51:20.980750
822bd735-f0ab-4e50-b8ba-50a18a6c75a7,fbce644f-c034-451d-a9da-e01919623f87,f6df0b45-6106-42d3-8c75-195d0ad4baee,store,4,1555.16,8.5,2026-03-19T13:51:20.980763
5ff910a1-39ec-4adf-9952-fc1f01e424c6,3a0a8104-2429-4838-b9fb-61c66c54643d,28de6b67-c5da-4fd9-9ae6-64f199eb885d,mobile,5,1524.9,7.46,2025-08-28T13:51:20.980776
e2d02e30-b1f5-4a68-b79b-1180a9800570,5ac0a3cf-2c26-41de-a57f-27a7ff60dd55,457d9d38-588b-41ff-8c67-d7258b51a8e6,web,5,2082.0,15.71,2025-10-11T13:51:20.980790
c1f953d4-2f88-4d9d-bbc0-d2260793212c,b5e852ab-dc42-45d2-80ed-061b15e85082,168e2ef5-ab86-444e-ad38-6cbe82465e6a,web,4,360.24,3.01,2025-05-05T13:51:20.980803
1c069191-38c9-431f-aeeb-1632f854b002,897ea419-5205-4856-81b1-ab4a07c658a1,11d7b21d-825c-442e-8c20-a64d4de4dd3c,mobile,2,114.76,14.55,2025-07-26T13:51:20.980817
227003f0-b023-48d6-84d1-0cde7453b320,8290b56a-c317-4563-a6ed-d3324c017372,e19c753d-318c-4edb-b565-fc406c99c72c,store,1,196.25,0.8,2025-08-21T13:51:20.980831
f0ec368d-0457-4ec9-87e3-a736cfb81d40,3e0f0892-3271-4349-a4d6-c5b43dd208f5,ca3df109-0f94-4c65-bb50-5e247fa97614,web,4,1415.52,17.78,2025-10-10T13:51:20.980852
eb38f7b9-784f-48ca-b137-dedb15eb17a7,bb92c951-7270-48f2-9213-bf2eeb692e34,321b80eb-c6e9-42e0-a6f5-86598247acd3,store,3,878.67,13.5,2025-09-10T13:51:20.980885
50fd99eb-6d4a-4a78-804c-f194dfa73a7e,e1269dc6-362b-4eb3-bbfd-898d81402a48,cbf743b9-e903-4a26-825c-7bde33e1d82c,web,5,1866.75,5.86,2025-11-30T13:51:20.980908
965e40a9-76bc-47b1-9b22-076912672416,38881b64-3e38-4b34-bf33-d8f08e89bdb5,cbf743b9-e903-4a26-825c-7bde33e1d82c,store,4,1493.4,12.72,2025-10-31T13:51:20.980921
dd4b270f-82fb-48f9-a3db-d284c76e8304,4b581a14-30d2-46dc-933e-c3d4fb4a84ea,28de6b67-c5da-4fd9-9ae6-64f199eb885d,mobile,3,914.94,14.77,2026-03-28T13:51:20.980933
3ae39d23-8653-4a05-8805-d78ebeca1dc7,5b737127-dd4b-42d2-8e51-24ce5e175dba,24665074-3a11-4fcf-82f7-1d50a0b2580f,web,1,381.81,2.52,2025-07-16T13:51:20.980946
ddbbf384-6772-45e4-abe5-84e1da63d47b,ed724f87-0665-460b-a58e-8e84c942f5a5,ca3df109-0f94-4c65-bb50-5e247fa97614,store,4,1415.52,19.44,2025-11-26T13:51:20.980961
32ab660b-184f-4603-964a-cf3732cd663f,c67dbd8e-a7b0-4c75-9187-a42663b4bdf6,bff07f43-24a8-4d20-b9e9-6cac1ecce307,store,5,300.35,0.81,2025-06-28T13:51:20.980982
faa2ea4a-d407-4dc7-a146-39f27bd1e89e,e83d5e91-42bc-417b-be08-af280ea86d5d,321b80eb-c6e9-42e0-a6f5-86598247acd3,mobile,1,292.89,19.54,2026-01-30T13:51:20.981009
3ce2be98-c6a0-4bfb-8462-3f679f4778ae,fcce4cc1-7186-4f54-85f6-10e497d9899f,08cb9e44-2170-4369-9ab2-a47e52847e6c,mobile,4,468.48,1.58,2025-07-27T13:51:20.981022
9fa7bfa3-5823-4211-8a74-ffb54066060c,1a545b76-5860-41b1-baaa-3e68e201641e,053f89ae-21b6-4267-baf4-f4be573d366f,web,4,284.6,3.68,2025-09-22T13:51:20.981035
ac5028b6-e4e3-448e-af22-1ebf5579e2dc,0e84ca4e-38ef-4914-9a48-d37c077735d3,11d7b21d-825c-442e-8c20-a64d4de4dd3c,web,1,57.38,15.87,2025-09-06T13:51:20.981049
d514e65b-3607-4517-b5e6-30caedcbf983,da6a2aa5-e06f-422f-a9d1-fb75cb459423,11d7b21d-825c-442e-8c20-a64d4de4dd3c,mobile,3,172.14,10.78,2025-06-04T13:51:20.981062
0912f40c-11eb-4894-a967-e4fbb96202fd,edcd837f-7b30-4f33-b321-66343954be91,bff07f43-24a8-4d20-b9e9-6cac1ecce307,mobile,1,60.07,9.46,2025-10-06T13:51:20.981075
ec976729-4a72-4124-a0e1-863cf4ca42d2,fa848a5c-ec51-4164-a85d-f28025f41073,e19c753d-318c-4edb-b565-fc406c99c72c,web,3,588.75,5.54,2025-04-28T13:51:20.981088
697e60dc-3766-405c-9a62-80ab52c3f6eb,d47e0aed-9987-4dbc-8089-1f6faacdaacf,944989d7-0474-4130-959f-c793bf62259e,web,5,596.8,13.56,2025-09-23T13:51:20.981101
25615fd2-f048-446d-8612-86622dc0e608,616ee21c-1141-485b-98f2-fdb0e48d66c0,79634690-8c5c-4240-8205-82b10c85c886,web,4,1293.24,15.64,2025-12-30T13:51:20.981113
80a485cc-1f75-47e2-b839-24c15d4021e1,d9b7e479-7962-472f-9f45-ed44bb42d6aa,542e404c-f975-45bf-b793-249b8d15665d,store,3,322.26,11.98,2025-11-30T13:51:20.981129
f8cb81ec-7d2d-4dbc-b440-775d93bc9f88,596f31a6-fa4a-4f78-b82d-1c50602c82ff,905f2110-caca-46ad-b1fc-61c3fda110f1,web,1,48.6,0.36,2025-12-23T13:51:20.981143
b3a96369-ade0-4501-a1ce-e41a281fa8f7,319b258d-67c6-4fda-93e9-f3a9fa80bcf2,6eae25b5-bfd1-445a-b0d8-86e5ef9604a3,store,1,479.02,14.56,2025-06-06T13:51:20.981161
4dea8af1-9a1b-4aba-a965-500d691a4896,1b01f236-b755-4298-ae6c-63febc013b50,7df8e284-e832-44a7-94ef-f17a4e5da9d6,mobile,5,448.45,11.9,2025-09-12T13:51:20.981175
e54c5a84-130c-43bf-8af3-2005a70bcdd4,c69c213c-78e1-4bab-9a52-334bd420ad6d,1308f602-c166-4cdc-868a-0b4938053d4d,web,4,129.76,6.86,2025-07-04T13:51:20.981192
e8ab5935-7838-4aaf-a18f-98d8b9a34952,b6bae32c-417a-4606-ab1f-a80de57064d7,6c37ac7c-22fb-489b-9e12-ba964446997b,store,4,1775.44,17.09,2026-01-28T13:51:20.981206
38544776-796d-4478-b59a-0ddf13e750e6,10a2df5c-33d0-4125-922e-bf481cd31fd5,56ad6e1f-0691-4acd-a3de-c8da072e3963,web,5,730.75,13.46,2025-04-23T13:51:20.981219
59f56b8b-1c93-4a05-881b-1bc4e2894680,3353b7da-6f12-42f1-9424-fbde65b4b5f8,f6df0b45-6106-42d3-8c75-195d0ad4baee,mobile,1,388.79,19.35,2025-05-12T13:51:20.981232
83b7f988-3b87-4126-bc5f-3c422eb7dd72,c1207f04-88b4-4471-845c-87ac01dd5ff3,ca3df109-0f94-4c65-bb50-5e247fa97614,web,5,1769.4,4.15,2025-10-21T13:51:20.981247
f72f030c-7c27-4ed9-a371-4649258afa0f,82c6b92a-eacb-45ed-b8c3-430b0d490459,321b80eb-c6e9-42e0-a6f5-86598247acd3,store,3,878.67,9.03,2025-11-17T13:51:20.981262
61a4bd34-64d0-4d13-9f69-0d87e068a5df,8dffa9f2-549a-4fcc-bc8a-89381a4325e6,cbf743b9-e903-4a26-825c-7bde33e1d82c,mobile,2,746.7,3.33,2025-05-31T13:51:20.981274
41f7e93f-63d1-440d-9fed-5032852a2bdd,964b7af0-f945-4a93-a040-a1f71aed720f,2341a1b6-ca76-4973-ad2e-4a906f9fd51d,web,4,470.4,15.03,2025-09-15T13:51:20.981288
6a5f1f00-df27-4964-a585-05c27cf11020,5bf4583e-b845-45d7-884b-2881ba288b9d,17c1c99f-c424-420e-8868-5ab21bafe8e5,store,4,569.04,18.42,2025-12-16T13:51:20.981301
3fddf679-f661-4e37-9794-925cd31ad00e,0af417b2-c439-4d9b-a97b-9e76de6515ea,1308f602-c166-4cdc-868a-0b4938053d4d,web,5,162.2,7.91,2026-02-11T13:51:20.981317
c35503c3-0f17-44a1-9c5e-52ebc6a02205,0dd9e3a0-993b-425d-814d-c34301fb337f,28de6b67-c5da-4fd9-9ae6-64f199eb885d,web,5,1524.9,17.3,2025-11-18T13:51:20.981330
8d24877a-db33-4732-b5ce-60e6123b9c88,e1269dc6-362b-4eb3-bbfd-898d81402a48,f6df0b45-6106-42d3-8c75-195d0ad4baee,store,5,1943.95,15.03,2025-09-18T13:51:20.981346
3846ce48-eab2-462e-af41-118587b09e63,d5327b4f-92bb-47e0-8591-523fd0425dda,a47d64f7-a098-44b9-8c64-05a8c978779f,mobile,3,917.46,2.11,2025-10-12T13:51:20.981360
cea6bad3-870a-4f09-a3ff-c45791867f30,81444fcd-e4cb-4181-9eb5-0f0c87ce0dd7,905f2110-caca-46ad-b1fc-61c3fda110f1,mobile,5,243.0,7.84,2025-07-15T13:51:20.981373
2b0a58fc-098b-47a1-9971-a719c89fa19f,9a58294d-b1d7-464a-a310-45a0eccb0b17,f6df0b45-6106-42d3-8c75-195d0ad4baee,store,4,1555.16,16.52,2025-08-21T13:51:20.981387
1907ba30-487e-4451-84e9-03c68f6cb989,1730f2ee-7c94-409e-87b9-9e4384fc7de1,9c0e36b8-29dc-48d8-9869-8d952c29dbdb,store,2,597.46,0.07,2025-09-23T13:51:20.981400
7d22b4dd-9b83-484e-bbaf-d0bbee5c1b62,d34b6e61-d1a7-4387-9cfb-0e7ab4e5d294,457d9d38-588b-41ff-8c67-d7258b51a8e6,web,4,1665.6,13.67,2025-05-15T13:51:20.981414
13e85a00-329b-4f54-9b57-ccb54330ea97,fd53e197-4f2b-48cb-a11c-472fec150252,1308f602-c166-4cdc-868a-0b4938053d4d,store,5,162.2,19.48,2025-05-16T13:51:20.981427
68e8bd74-dd25-4c65-a254-c6a37a3a2516,312c0f57-1c60-4283-ae57-d81c0a0b7cdd,ad1fb5ee-a91c-4991-9341-e395d2beecef,web,1,352.08,2.77,2025-06-03T13:51:20.981441
879f405e-572d-4f2f-b00b-d3687cf7ed6f,d0bf5589-ddd1-482b-a8f0-a1a1f51950c4,bdea1b76-1208-4a2f-b2e1-1aa8a5626500,mobile,1,308.46,14.64,2025-06-13T13:51:20.981457
9e904854-1918-4fe1-a3d7-0966d8467687,dbefa4ac-a450-4b00-adf5-b7bcf634fb24,cbf743b9-e903-4a26-825c-7bde33e1d82c,web,3,1120.05,3.33,2025-06-07T13:51:20.981474
ef5ff2cc-c3b8-433c-a194-d728f6f896df,e126d0cb-6e82-4a85-b85f-f2678181bce6,0e9c5cdb-187a-4121-93cd-cd24adc53bc4,web,1,112.65,14.86,2025-10-08T13:51:20.981508
7e16c29f-0e4f-4ecc-9720-5bce24391bf6,81444fcd-e4cb-4181-9eb5-0f0c87ce0dd7,1308f602-c166-4cdc-868a-0b4938053d4d,web,5,162.2,17.01,2025-07-28T13:51:20.981553
97732cba-dde6-4e05-a4e8-4f7f18d289c2,7ccb849f-e106-4134-8160-f987f717c7de,7df8e284-e832-44a7-94ef-f17a4e5da9d6,web,3,269.07,9.44,2025-12-14T13:51:20.981578
2203691d-522d-4171-86b8-e0b7ad2170fd,1b23ba1c-10e6-4969-af23-0bc504b3ce59,ad1fb5ee-a91c-4991-9341-e395d2beecef,store,3,1056.24,1.3,2026-02-07T13:51:20.981592
da11d5ce-671b-4ddd-80cf-fcd0143be53f,4c3b7dd1-c7ed-48ad-a424-3974280ffa05,56ad6e1f-0691-4acd-a3de-c8da072e3963,store,5,730.75,4.9,2025-08-22T13:51:20.981612
5be903dd-6054-4b9b-9877-0021ec0bbf97,eb411509-29e2-4223-b53d-22fb38b6fbcf,f1f6542b-4b3f-4e65-8d9a-766c8d57ad72,store,2,642.96,10.0,2026-01-15T13:51:20.981644
1dda760b-af47-401f-b0c4-0f9cd24f2e82,e20398c7-b82b-42e3-9336-71ccbdfea714,457d9d38-588b-41ff-8c67-d7258b51a8e6,store,2,832.8,14.44,2025-12-11T13:51:20.981669
e9376dad-7178-4c6f-b23a-682d4926aff4,31264419-8df5-4371-9e63-b5b749b128fe,79634690-8c5c-4240-8205-82b10c85c886,mobile,1,323.31,8.13,2025-05-01T13:51:20.981681
cdf2cb25-dcff-420b-9ebb-5ff7fa79521b,f3ab7cce-0457-400d-bf61-d02b31de7dd9,0e9c5cdb-187a-4121-93cd-cd24adc53bc4,store,4,450.6,19.15,2026-03-10T13:51:20.981695
fa0514a2-ff6a-44c2-be3b-c8d6441bfd8d,81444fcd-e4cb-4181-9eb5-0f0c87ce0dd7,168e2ef5-ab86-444e-ad38-6cbe82465e6a,mobile,1,90.06,19.78,2025-06-09T13:51:20.981709
114b39c1-df33-4cd5-89ed-813669d2eb42,63c5d37e-dcd5-4139-8a69-7e16620a0f45,cbf743b9-e903-4a26-825c-7bde33e1d82c,mobile,4,1493.4,1.2,2025-08-12T13:51:20.981721
bcab584c-63fd-48cd-8235-75e7b76c2a53,a3ace69c-a556-4f4f-8710-866b65feb589,f6df0b45-6106-42d3-8c75-195d0ad4baee,store,1,388.79,14.33,2025-10-11T13:51:20.981735
cad321df-37f9-479d-a4eb-97f1a19b32b7,b9495a6f-5d1f-4934-9ae7-1176dbb78c66,f1f6542b-4b3f-4e65-8d9a-766c8d57ad72,web,4,1285.92,2.92,2026-02-11T13:51:20.981748
4743faba-4158-4a1a-9848-58dd01cff359,3446f091-304c-48ee-8228-02b3d1c875dc,28de6b67-c5da-4fd9-9ae6-64f199eb885d,store,2,609.96,13.13,2025-10-10T13:51:20.981761
3a96de0d-a632-4b36-973c-7ba5ed746a13,4f8976eb-b7a7-407e-a978-81c6b0ca8ebc,bff07f43-24a8-4d20-b9e9-6cac1ecce307,store,4,240.28,1.94,2025-12-29T13:51:20.981774
b158b6c8-c116-4ade-83fb-c10167d73123,a22427fa-587c-4ef8-ac58-a71016ef9984,d5ee97fe-7203-4277-a432-29e8207ec8be,store,4,210.36,15.05,2025-04-17T13:51:20.981792
87c0dcc2-3e3f-4f53-8562-8148688248b7,228052e8-635e-4302-ace6-72ead42c8602,11d7b21d-825c-442e-8c20-a64d4de4dd3c,mobile,3,172.14,8.89,2025-11-15T13:51:20.981806
93f9e627-a7ef-48ec-a97f-93411c2749a7,706c92b2-4312-41a5-af08-065360ef288d,f1f6542b-4b3f-4e65-8d9a-766c8d57ad72,store,3,964.44,11.89,2025-06-29T13:51:20.981819
4784e14a-a0f0-46b2-9282-be3b320ad04a,fa848a5c-ec51-4164-a85d-f28025f41073,542e404c-f975-45bf-b793-249b8d15665d,store,2,214.84,0.52,2025-07-22T13:51:20.981835
78b687ac-763b-41ce-854d-79677374f2a1,c28076f1-629d-4e62-9dae-bd317892740b,321b80eb-c6e9-42e0-a6f5-86598247acd3,mobile,5,1464.45,5.82,2025-10-12T13:51:20.981848
0225947c-af47-4f95-9113-f15ae399363b,8e2a7aa8-8e6c-4b41-9ba3-9577be455dc7,9c0e36b8-29dc-48d8-9869-8d952c29dbdb,store,5,1493.65,9.51,2025-05-26T13:51:20.981862
f22f52d5-138f-4fd5-b249-061f55dbedbd,81c9fc48-3729-4936-b13b-53365da461ff,a0de6626-305c-473f-946f-bec5e72fa2b2,web,2,735.12,2.93,2025-04-25T13:51:20.981875
b170519d-cffd-483d-88f9-d737df2a7e96,bbc3ffc3-639e-44b8-bab5-4f66ba758fd7,1308f602-c166-4cdc-868a-0b4938053d4d,web,3,97.32,0.56,2025-05-24T13:51:20.981889
e3d84aaa-743a-4f1d-b781-52ece4e69b7d,0dd9e3a0-993b-425d-814d-c34301fb337f,053f89ae-21b6-4267-baf4-f4be573d366f,web,2,142.3,5.19,2025-06-20T13:51:20.981902
5d2970f2-1d22-4e7e-bbfa-3f95e610cef6,ebcca014-8ee1-48b0-8f73-19d476e0b3a8,bdea1b76-1208-4a2f-b2e1-1aa8a5626500,store,5,1542.3,12.37,2025-09-20T13:51:20.981921
dac23df3-bd0e-4179-a4d1-5211c358264e,32528c9b-b758-4757-b73f-1f5e974a7789,6c37ac7c-22fb-489b-9e12-ba964446997b,mobile,2,887.72,6.29,2025-06-19T13:51:20.981950
0e99aec7-bab3-44da-ad0a-98c01180d346,a7b1d04c-20b3-4043-8752-459a280b14a5,1308f602-c166-4cdc-868a-0b4938053d4d,web,4,129.76,17.42,2025-05-19T13:51:20.981973
37982b5b-b09e-405c-b6c6-982606501988,83f4d053-1157-4bf6-ba2d-e0c7bd42c0be,24665074-3a11-4fcf-82f7-1d50a0b2580f,web,4,1527.24,13.37,2025-10-03T13:51:20.981986
393d0382-645b-4da5-929e-37902a8b0d69,ade7f931-425a-4ac1-9ba5-fb56ea154a33,457d9d38-588b-41ff-8c67-d7258b51a8e6,web,2,832.8,4.49,2025-11-08T13:51:20.982004
dc4d0cec-7866-4f3b-8682-8e96d1b18627,ece47cd8-cb49-4524-9386-ce6691914b6e,28de6b67-c5da-4fd9-9ae6-64f199eb885d,store,2,609.96,9.19,2025-10-15T13:51:20.982025
12f97693-09cb-49e4-bde8-26610139e24a,9258f655-3c64-4155-acfb-ce47710a63f6,79634690-8c5c-4240-8205-82b10c85c886,mobile,5,1616.55,4.05,2025-12-20T13:51:20.982044
1a38640c-8ce7-4689-aa7b-a1c5b7f7a4ea,9fbdd83e-1473-4d7d-88eb-05463f65126d,944989d7-0474-4130-959f-c793bf62259e,web,4,477.44,19.04,2025-05-30T13:51:20.982070
34dd4db0-8498-43fe-9a8d-16e068b6e344,399dd347-bbce-4207-aac1-1923f065145e,d5ee97fe-7203-4277-a432-29e8207ec8be,mobile,3,157.77,16.93,2025-07-06T13:51:20.982104
ce232585-6cc5-451c-ba55-3a27d27a4ba9,c93f2cd4-13a8-4f0f-8d1a-8854990eb1b2,1890b36f-a137-41e5-b5ed-1d9d565c4bd0,mobile,1,25.56,10.46,2025-08-30T13:51:20.982117
41f9a867-036c-4a51-934e-e78746384541,8757f80d-81ed-4e4f-a7d0-dd997cfdac05,11d7b21d-825c-442e-8c20-a64d4de4dd3c,mobile,2,114.76,17.15,2025-04-27T13:51:20.982130
305064af-8763-4180-aa76-59aef98ddbb9,ff3bc83f-7267-4530-ae44-86792304c864,7df8e284-e832-44a7-94ef-f17a4e5da9d6,mobile,2,179.38,5.32,2026-03-26T13:51:20.982144
8d06abe0-4512-489a-8730-a19b04dc40ca,ece47cd8-cb49-4524-9386-ce6691914b6e,1890b36f-a137-41e5-b5ed-1d9d565c4bd0,web,2,51.12,10.45,2026-03-14T13:51:20.982156
6b86ba99-bb09-4849-89fe-c9d513c970ae,f6f84d4a-8f74-45a9-8dca-f2861185f737,56ad6e1f-0691-4acd-a3de-c8da072e3963,mobile,2,292.3,15.23,2025-12-12T13:51:20.982182
06e69080-5395-4bfb-97f2-b1406c671532,46a28351-96db-49e2-8f94-2a1ff20a0c8d,7df8e284-e832-44a7-94ef-f17a4e5da9d6,web,1,89.69,6.38,2025-07-15T13:51:20.982198
374270f4-62fc-4406-8ecd-c608606b3742,4829a140-3157-48b9-87d5-344eb58b6325,d5ee97fe-7203-4277-a432-29e8207ec8be,web,2,105.18,8.84,2025-08-14T13:51:20.982211
3a59d3db-66d4-40a5-bbe3-47889393ef87,59734e6c-879e-4a68-86e6-a30c9e01f2a6,ad1fb5ee-a91c-4991-9341-e395d2beecef,mobile,1,352.08,4.3,2025-07-12T13:51:20.982226
2f8f9546-1056-4f17-abd0-1539d5453f7f,7854426f-3ba2-4c07-8849-e06fc12c1b12,053f89ae-21b6-4267-baf4-f4be573d366f,mobile,5,355.75,8.6,2026-04-11T13:51:20.982240
e7fd42f6-3909-497d-aa8d-963ed71bda5f,d3dcaad1-9e4d-4862-b064-aa7e02b5f7a7,28de6b67-c5da-4fd9-9ae6-64f199eb885d,web,4,1219.92,11.78,2025-05-21T13:51:20.982254
f3cfe5cb-e9d0-4410-9402-c7406b9f2f78,7a17c39e-ac79-4a16-b21a-b842db9df252,7df8e284-e832-44a7-94ef-f17a4e5da9d6,store,1,89.69,12.03,2025-12-08T13:51:20.982268
3973bac3-9f6b-4490-bbf3-ffec091b04b9,77a1f19a-1cff-43c5-b777-99dc030e28ab,24665074-3a11-4fcf-82f7-1d50a0b2580f,store,3,1145.43,10.28,2025-07-30T13:51:20.982280
9bbe2b7d-bbd2-4473-a6d1-989cd554ae5e,67da80eb-8c00-4328-9bd2-9b409e254a97,053f89ae-21b6-4267-baf4-f4be573d366f,web,3,213.45,6.82,2025-07-17T13:51:20.982294
68a9bb6c-7767-4b88-a897-f76a4cc63f86,1a02c0cc-fc75-4896-95e3-13aa5ba34d35,17c1c99f-c424-420e-8868-5ab21bafe8e5,mobile,5,711.3,8.8,2025-11-08T13:51:20.982307
a475eb29-60b3-422c-9732-18bc92b9160c,228052e8-635e-4302-ace6-72ead42c8602,24665074-3a11-4fcf-82f7-1d50a0b2580f,store,4,1527.24,17.87,2026-04-12T13:51:20.982320
53fde984-ae64-40e3-aa0d-23b25ae4bd96,4b8e09cb-caba-44f2-a067-285da4e537ef,0e9c5cdb-187a-4121-93cd-cd24adc53bc4,web,4,450.6,1.31,2026-01-22T13:51:20.982333
94fc9c4a-09c5-4bda-b117-322565879b82,d644d7f1-f084-4ec8-a9ef-a0f40649a17b,053f89ae-21b6-4267-baf4-f4be573d366f,store,1,71.15,12.76,2025-09-01T13:51:20.982346
d07cf911-c392-45bf-946d-643b39c9b8d7,c93f2cd4-13a8-4f0f-8d1a-8854990eb1b2,24665074-3a11-4fcf-82f7-1d50a0b2580f,web,2,763.62,4.26,2026-02-19T13:51:20.982359
d95d2f38-6151-4713-8dd4-d8890b53e7d3,94b600f4-25f6-4f09-953a-1f6a8db7a88f,053f89ae-21b6-4267-baf4-f4be573d366f,store,3,213.45,2.06,2025-07-18T13:51:20.982372
1db33979-01c8-421f-8bd9-8812d2603efb,eeba25c3-bc51-40f2-ad4f-d841787e2823,56ad6e1f-0691-4acd-a3de-c8da072e3963,web,5,730.75,6.48,2025-05-06T13:51:20.982387
d08a11dc-0d85-4ae1-8159-6ec312985191,6348aef4-0c22-4f32-82aa-af99e49beca1,f6df0b45-6106-42d3-8c75-195d0ad4baee,mobile,2,777.58,13.25,2026-01-25T13:51:20.982400
9bfe8148-eb5d-4cd4-a8a2-bc4389890ed5,319b258d-67c6-4fda-93e9-f3a9fa80bcf2,1791a541-fe39-430b-9626-a24acd85e08e,mobile,4,1086.88,15.77,2025-05-16T13:51:20.982414
722a0dc8-25df-4986-ae46-31ef5f9ed5fe,3aa173fb-07c2-4854-8619-e70a310930dd,a47d64f7-a098-44b9-8c64-05a8c978779f,store,2,611.64,18.69,2025-12-02T13:51:20.982427
31a2a002-00f8-400f-b126-965771252f77,5e1fa70f-19c4-4eff-8b14-2c1bc4836ad4,053f89ae-21b6-4267-baf4-f4be573d366f,store,3,213.45,6.67,2026-01-31T13:51:20.982440
ac1a1ef3-c3f4-4b9a-a3b0-eb3da0512236,4bc1996f-9825-4f06-85da-2b0db239e855,905f2110-caca-46ad-b1fc-61c3fda110f1,store,4,194.4,11.27,2025-11-09T13:51:20.982459
e430b4a8-9e16-4d8c-babc-b5418a67b4b3,f1e85f7e-0df4-4232-b450-87ea70eaed9e,e68cd9b3-0f66-4719-b9c8-10a5e0acfc32,web,1,429.1,19.37,2025-09-21T13:51:20.982473
957a2b82-b032-417f-a717-67a5d43ecf55,4bc1996f-9825-4f06-85da-2b0db239e855,542e404c-f975-45bf-b793-249b8d15665d,web,4,429.68,16.37,2025-11-26T13:51:20.982486
06d510a1-569d-4753-894c-eb6705c78a10,c59d268a-6f92-4a9c-9055-5dc476e1c531,56ad6e1f-0691-4acd-a3de-c8da072e3963,store,3,438.45,0.47,2025-11-16T13:51:20.982498
ed679fea-b3cb-4657-9fcb-8a9e47d411b4,5a07bc88-ff0b-4476-965f-f4c8d2922d97,1308f602-c166-4cdc-868a-0b4938053d4d,mobile,3,97.32,14.78,2025-07-04T13:51:20.982524
b9e3e587-d58a-48d8-9798-420486090330,4ec84b5f-b09d-47ae-b377-aa007382cd8e,56ad6e1f-0691-4acd-a3de-c8da072e3963,store,5,730.75,17.13,2025-08-01T13:51:20.982566
76992610-831b-4497-9830-6e611988c269,706a122a-0673-42d0-ab4d-15b133b4527f,d5ee97fe-7203-4277-a432-29e8207ec8be,store,2,105.18,14.46,2026-01-23T13:51:20.982580
3e6ccd30-c83f-42eb-96e8-d913bbcf9dd8,0f4e0175-34a6-491e-bf85-2bbc0c78acd4,0e9c5cdb-187a-4121-93cd-cd24adc53bc4,store,1,112.65,13.76,2025-05-13T13:51:20.982599
841bac5d-4646-454e-90c9-388e17274b35,4b60a00d-31c4-4bfd-b30d-a2d859396ec2,ca3df109-0f94-4c65-bb50-5e247fa97614,mobile,2,707.76,11.72,2025-11-23T13:51:20.982632
2299be9a-2fd3-4337-a441-289702acde05,dd267d37-2603-4b70-afe3-80c93850b1f7,08cb9e44-2170-4369-9ab2-a47e52847e6c,store,1,117.12,5.52,2025-05-23T13:51:20.982657
b622409c-f317-4a6a-bc86-2d60f0e168e9,43c92511-959a-4446-90c1-fe53cc07de9f,f1f6542b-4b3f-4e65-8d9a-766c8d57ad72,store,3,964.44,2.69,2026-02-18T13:51:20.982672
3b1aee5a-5e8b-47c7-9af2-d9f5fc02d21f,660774c2-3e9a-4fb9-8a1d-efc23461f660,d5ee97fe-7203-4277-a432-29e8207ec8be,web,3,157.77,17.48,2025-09-16T13:51:20.982692
7ae7f997-fd15-4c09-b4cf-f31094f1d195,ac9d43e7-e4a4-4d8f-b14c-e805d4976edf,053f89ae-21b6-4267-baf4-f4be573d366f,mobile,5,355.75,1.76,2026-01-03T13:51:20.982724
436c0cc0-9f1a-4e4c-a0ee-2750bff1f2e1,8757f80d-81ed-4e4f-a7d0-dd997cfdac05,905f2110-caca-46ad-b1fc-61c3fda110f1,mobile,5,243.0,5.21,2025-07-10T13:51:20.982749
93e07705-f697-4600-99aa-a83edf4da689,82c6b92a-eacb-45ed-b8c3-430b0d490459,a0de6626-305c-473f-946f-bec5e72fa2b2,web,1,367.56,17.41,2026-02-03T13:51:20.982763
08118879-d4c6-417c-ae3a-a5b601b91e1b,e08005e5-7c2d-4d4a-b8b0-0dfdef1cc73d,905f2110-caca-46ad-b1fc-61c3fda110f1,mobile,3,145.8,17.69,2025-08-30T13:51:20.982776
a3717921-832a-44d1-b3a0-4c22dc56da5c,0a6dd152-f4e3-4ace-b8a8-88e743549233,905f2110-caca-46ad-b1fc-61c3fda110f1,store,4,194.4,7.24,2025-12-20T13:51:20.982789
880a48d1-4ab5-496b-a285-af7d4ed6b55f,d7eaed06-94e3-43b5-9ea6-a33d8c0b3122,11d7b21d-825c-442e-8c20-a64d4de4dd3c,mobile,3,172.14,18.65,2025-06-10T13:51:20.982802
f4ad44b1-1267-4fb0-9af6-003d442ebc32,45aafc55-589b-4421-813b-4d61aa30747f,28de6b67-c5da-4fd9-9ae6-64f199eb885d,store,4,1219.92,16.12,2025-09-09T13:51:20.982815
f0af4308-008f-46cd-8bcf-e15fe716be2f,4ec84b5f-b09d-47ae-b377-aa007382cd8e,69b6bb4a-cfaa-4878-91ae-e146f31c1955,mobile,5,1707.85,7.47,2026-03-16T13:51:20.982830
7662090c-4556-4a44-b59a-48778910bc5b,cfa50b22-dd88-4144-a163-40e5f68f236a,e19c753d-318c-4edb-b565-fc406c99c72c,store,1,196.25,15.8,2025-07-31T13:51:20.982844
79f2bd40-cbc5-4fb6-b6ae-59351a311cfb,78d4e439-fa45-4a8f-9594-3c1461777872,a0de6626-305c-473f-946f-bec5e72fa2b2,mobile,5,1837.8,1.34,2025-10-27T13:51:20.982858
9201704e-2dbb-4ca6-b01a-5e48c921738c,d7b7e2da-9059-4d56-ae4f-90db25a23b66,2341a1b6-ca76-4973-ad2e-4a906f9fd51d,web,1,117.6,10.64,2025-07-04T13:51:20.982871
44da4d4c-a4e0-4a39-a70f-78f621e2053d,4ec84b5f-b09d-47ae-b377-aa007382cd8e,bdea1b76-1208-4a2f-b2e1-1aa8a5626500,store,1,308.46,12.2,2025-06-26T13:51:20.982885
119e237a-cbc5-43d7-83b4-d79cd67ddbed,205c75d8-28e9-4d23-8dcb-9138a6caf086,d5ee97fe-7203-4277-a432-29e8207ec8be,store,4,210.36,9.03,2025-11-25T13:51:20.982897
7037c426-1cbf-4d86-ba3b-1dfb668d1987,c28076f1-629d-4e62-9dae-bd317892740b,08f682e0-0949-4d7f-9c1a-36bb48342221,web,3,646.65,12.96,2026-03-09T13:51:20.982910
a0c2e222-6fb9-49dc-941e-786512a27a40,d4480b7f-44e3-442c-a15d-0691a9d44d3d,7df8e284-e832-44a7-94ef-f17a4e5da9d6,mobile,5,448.45,16.4,2025-04-26T13:51:20.982924
f75b709c-c8fc-4832-91c6-ff94a66e1513,d644d7f1-f084-4ec8-a9ef-a0f40649a17b,cbf743b9-e903-4a26-825c-7bde33e1d82c,store,4,1493.4,0.13,2025-06-25T13:51:20.982937
00593da6-81ae-45d4-b1e5-bfe05f69c18d,d34b6e61-d1a7-4387-9cfb-0e7ab4e5d294,1308f602-c166-4cdc-868a-0b4938053d4d,web,1,32.44,6.45,2026-04-11T13:51:20.982950
a8fcc84e-5a98-41c8-a431-5cb83e7398a5,85614ccc-0949-4a03-a33a-38b2340aaca1,11d7b21d-825c-442e-8c20-a64d4de4dd3c,mobile,2,114.76,15.36,2025-06-20T13:51:20.982964
ba018eef-8848-4c7b-8ed3-3c7c4121b5af,bd3fac18-11b2-4e27-97ee-097355e2ae12,7df8e284-e832-44a7-94ef-f17a4e5da9d6,store,2,179.38,17.86,2025-06-25T13:51:20.982978
26245149-e43a-41a0-bae7-e295d3b557a2,0ecc2cc7-1475-4466-9e4c-529582c64e99,2341a1b6-ca76-4973-ad2e-4a906f9fd51d,web,2,235.2,4.12,2026-01-09T13:51:20.983001
34a7c0cf-3d76-47bb-a1cc-cef7151fcdc1,1ad0c269-9ca7-41f3-92b2-3f548e7fa43c,08cb9e44-2170-4369-9ab2-a47e52847e6c,mobile,1,117.12,18.89,2025-07-16T13:51:20.983029
f2daaca4-cc3e-44fa-af93-14ea2ff88cff,b0a631a6-9bfd-4a8c-8c49-40dba41cc45c,542e404c-f975-45bf-b793-249b8d15665d,web,5,537.1,6.55,2025-10-19T13:51:20.983052
5a1184b2-d3f6-40b7-b473-1f2a4e53f31a,c7a05006-af72-4fe4-af69-4916237acd03,6eae25b5-bfd1-445a-b0d8-86e5ef9604a3,store,2,958.04,3.27,2026-01-02T13:51:20.983066
0de5207b-ca96-43db-ba42-5d73d2cb6eac,dfd88f4a-881a-4321-818c-18b086464918,6eae25b5-bfd1-445a-b0d8-86e5ef9604a3,web,2,958.04,2.75,2025-10-16T13:51:20.983083
85dc6453-fc9d-4da1-928b-25d366ecb7c1,ab9746c7-803a-4cf1-9ab2-b32655c44619,f1f6542b-4b3f-4e65-8d9a-766c8d57ad72,web,1,321.48,8.88,2025-10-05T13:51:20.983097
a108ce19-9894-4b3a-a729-3db1c5cf456a,78ef8c5e-d740-4e3d-aa65-2c822c418b3c,56ad6e1f-0691-4acd-a3de-c8da072e3963,store,4,584.6,8.77,2026-03-21T13:51:20.983112
6e9d9bfa-f4e9-4587-a629-abb6c85e8335,d7eaed06-94e3-43b5-9ea6-a33d8c0b3122,56ad6e1f-0691-4acd-a3de-c8da072e3963,web,4,584.6,1.86,2025-06-17T13:51:20.983127
a660954a-6d57-4fe7-b437-16c5f0f772b1,a221350b-2da3-45e2-b548-7a7cef3f240c,bdea1b76-1208-4a2f-b2e1-1aa8a5626500,web,5,1542.3,3.26,2025-07-25T13:51:20.983152
f926c104-eeca-4af4-9ee0-d7ca19c3d74e,94d0b5a3-a86a-4abe-816b-c62b05ebe72f,28de6b67-c5da-4fd9-9ae6-64f199eb885d,store,4,1219.92,14.99,2025-06-10T13:51:20.983169
0050dd1f-88b9-492c-aefd-84f978e5e774,68fcba4b-67dc-40a5-b324-7628db4cddbb,e68cd9b3-0f66-4719-b9c8-10a5e0acfc32,web,2,858.2,16.0,2025-12-29T13:51:20.983183
6c06c8e1-8560-4a8d-a770-545818342682,ed10b742-1bb9-4089-81b1-75d4bac59b90,0e9c5cdb-187a-4121-93cd-cd24adc53bc4,web,3,337.95,18.9,2025-07-29T13:51:20.983197
2fb5b602-8324-4b34-91cf-222e9234e30a,3cae7953-c156-471c-9a5f-92f3526f83e4,79634690-8c5c-4240-8205-82b10c85c886,store,4,1293.24,19.23,2025-09-12T13:51:20.983214
63da20f1-4c78-4c6b-80a4-96def84924a2,b2f52649-2de7-4158-96f1-800ae16d25f0,6c37ac7c-22fb-489b-9e12-ba964446997b,web,3,1331.58,8.68,2025-11-08T13:51:20.983230
64db0c47-a56b-4294-a3a6-000663fdfc86,740901b0-ea82-459c-b9c4-ebb6e59f3b9c,053f89ae-21b6-4267-baf4-f4be573d366f,web,2,142.3,13.01,2025-04-21T13:51:20.983247
e748b58f-bcc4-4158-b1a7-e11e2c6d4c24,97ef2d8d-9dfa-469c-9ff4-e4f4cfc6f847,1308f602-c166-4cdc-868a-0b4938053d4d,store,4,129.76,14.59,2026-04-07T13:51:20.983263
0aa61f56-786c-4ecf-aa50-527985d30966,db4623ff-6c9c-4697-a41d-b3a861bc38bd,905f2110-caca-46ad-b1fc-61c3fda110f1,web,1,48.6,3.55,2026-02-02T13:51:20.983277
f33515c1-da6d-4b7b-95b5-2d05aeca6865,edc763b9-98ed-4423-9fa2-d0b98da2d055,542e404c-f975-45bf-b793-249b8d15665d,web,5,537.1,13.9,2026-01-26T13:51:20.983293
8fc124be-668d-43d1-8e24-509e9605f800,f1e85f7e-0df4-4232-b450-87ea70eaed9e,944989d7-0474-4130-959f-c793bf62259e,web,1,119.36,17.33,2025-06-14T13:51:20.983326
ea540081-f669-43e4-8482-fe409d2c350c,cb79bd3b-830a-4465-b220-93a205d659c7,a0de6626-305c-473f-946f-bec5e72fa2b2,store,3,1102.68,16.47,2025-06-03T13:51:20.983353
0d6a309f-4a5a-4403-b9f2-f65e062b5a71,d5327b4f-92bb-47e0-8591-523fd0425dda,24665074-3a11-4fcf-82f7-1d50a0b2580f,web,2,763.62,14.84,2025-07-24T13:51:20.983367
45c8d127-631e-4ddd-96c0-1135a8c791f2,97ef2d8d-9dfa-469c-9ff4-e4f4cfc6f847,24665074-3a11-4fcf-82f7-1d50a0b2580f,web,3,1145.43,0.6,2026-02-18T13:51:20.983380
3328b089-9ae9-49e7-9fa3-e9b89c3e284f,37719c60-2dce-4f9d-ac9f-4aa5da5bbcd8,053f89ae-21b6-4267-baf4-f4be573d366f,store,4,284.6,18.18,2025-05-30T13:51:20.983394
4e7d461b-2ed3-4ef0-a44e-00c9a8c63335,0560a543-8369-4fc5-a080-3704ce1ea87d,905f2110-caca-46ad-b1fc-61c3fda110f1,store,1,48.6,0.57,2026-04-02T13:51:20.983407
00f50989-a08a-4340-8632-e206dd6fa385,62333fd8-0787-4f08-8f24-0bd988d5394f,944989d7-0474-4130-959f-c793bf62259e,web,2,238.72,10.79,2025-09-19T13:51:20.983420
4eb0422b-5140-44ab-a5cf-d8d21b91afcc,f1e85f7e-0df4-4232-b450-87ea70eaed9e,1791a541-fe39-430b-9626-a24acd85e08e,web,2,543.44,0.3,2026-01-25T13:51:20.983433
06056a10-0e9d-4a9e-b1b6-81c8ff0eeb9b,db4623ff-6c9c-4697-a41d-b3a861bc38bd,6eae25b5-bfd1-445a-b0d8-86e5ef9604a3,web,1,479.02,2.25,2025-09-13T13:51:20.983446
0ea68b9f-5dd6-4eb0-8c79-994fdab42dc4,59734e6c-879e-4a68-86e6-a30c9e01f2a6,7df8e284-e832-44a7-94ef-f17a4e5da9d6,store,4,358.76,2.69,2025-07-15T13:51:20.983462
908faef3-49ab-46bd-969b-8b5638e55d7f,eb411509-29e2-4223-b53d-22fb38b6fbcf,79634690-8c5c-4240-8205-82b10c85c886,store,3,969.93,17.99,2025-08-15T13:51:20.983487
2bfa191a-4014-4872-b6b0-80f3e45c3ff3,213cdff4-524e-4003-8867-9e89d1f540f2,542e404c-f975-45bf-b793-249b8d15665d,mobile,3,322.26,7.31,2025-05-14T13:51:20.983504
faa09152-6611-4aa1-a8e3-ae4c59e84471,5616721d-0a88-4f6c-b9ec-f604a0e9cde9,08cb9e44-2170-4369-9ab2-a47e52847e6c,mobile,4,468.48,16.62,2025-08-06T13:51:20.983532
02c555b9-bffa-476e-b908-f4eaa03f85f8,da6a2aa5-e06f-422f-a9d1-fb75cb459423,ad1fb5ee-a91c-4991-9341-e395d2beecef,mobile,2,704.16,2.6,2025-12-24T13:51:20.983558
d7aa4957-9d95-4755-b50a-9ed3d2af61ec,0f4e0175-34a6-491e-bf85-2bbc0c78acd4,08f682e0-0949-4d7f-9c1a-36bb48342221,web,2,431.1,14.86,2025-05-13T13:51:20.983573
9121c5b0-0a59-43e7-905f-db7639e698be,c0f89555-5fe2-4ced-8b60-e35e96e39987,f6df0b45-6106-42d3-8c75-195d0ad4baee,web,3,1166.37,5.0,2025-06-05T13:51:20.983586
973764da-f18d-4b31-b050-0c24df370e43,84af72e6-800a-4dd4-88b4-15fe1f894bef,24665074-3a11-4fcf-82f7-1d50a0b2580f,mobile,3,1145.43,19.48,2025-10-29T13:51:20.983600
1de255f8-67c6-4742-9ba5-aca13a5253da,b1e46fa8-728f-4df2-8c6c-eada87873a60,1791a541-fe39-430b-9626-a24acd85e08e,store,5,1358.6,15.2,2025-06-24T13:51:20.983614
61d4b125-961b-415f-a864-ad39d552c15c,0af417b2-c439-4d9b-a97b-9e76de6515ea,905f2110-caca-46ad-b1fc-61c3fda110f1,mobile,4,194.4,2.9,2025-10-06T13:51:20.983627
66d5ecba-2ad7-473d-983d-e8e4a3fa4a9d,0aecb8b1-e5bf-4a41-88ed-1559a7e7a3a1,944989d7-0474-4130-959f-c793bf62259e,web,4,477.44,15.88,2025-05-27T13:51:20.983639
804292db-d6c7-4ae1-ae78-4815bd28a039,ea4f8aeb-9ef4-46ca-953e-5e309b9171ca,79634690-8c5c-4240-8205-82b10c85c886,web,2,646.62,16.71,2025-05-26T13:51:20.983652
bbe3110e-5194-46bd-a06d-4865f1787c9a,42739148-1263-40e6-8a79-44cde3b55420,9c0e36b8-29dc-48d8-9869-8d952c29dbdb,web,4,1194.92,11.44,2025-11-01T13:51:20.983668
44730e36-aef4-4a83-8ee8-31e45c398f43,c7d6cbcc-8efc-429b-a460-4d3d2147967b,6c37ac7c-22fb-489b-9e12-ba964446997b,mobile,2,887.72,8.11,2025-05-29T13:51:20.983688
e0c89657-b943-4030-aabe-eb5cb94d43c4,b99c3e55-f199-4dc5-b146-d6358e2b84b5,7df8e284-e832-44a7-94ef-f17a4e5da9d6,mobile,5,448.45,8.8,2025-12-02T13:51:20.983716
f04c6ac6-4eac-4205-804e-96be18e8c61a,ae5747f6-5be4-4adc-a70e-6a7af4e70c23,a47d64f7-a098-44b9-8c64-05a8c978779f,store,5,1529.1,19.93,2025-10-25T13:51:20.983730
a64ba0b5-4933-4d7d-bdca-939f58f95a74,637c0f84-207d-48a7-a962-320e19bc238f,11d7b21d-825c-442e-8c20-a64d4de4dd3c,mobile,3,172.14,9.13,2025-08-09T13:51:20.983743
6c83d287-beed-4666-86b6-d6e48095d0d8,acd34a34-250e-4096-9b7d-6f794c95fa49,457d9d38-588b-41ff-8c67-d7258b51a8e6,web,5,2082.0,15.64,2025-12-02T13:51:20.983761
6c30dad2-5001-4035-a518-34b0c63c80e8,5a07bc88-ff0b-4476-965f-f4c8d2922d97,cbf743b9-e903-4a26-825c-7bde33e1d82c,web,5,1866.75,4.54,2026-02-10T13:51:20.983793
b071ee61-fb61-4415-866e-3b75e080a7ad,f034c227-4c36-4efd-aaf6-21c60e1aa1f6,28de6b67-c5da-4fd9-9ae6-64f199eb885d,mobile,1,304.98,5.91,2025-07-08T13:51:20.983819
504d8340-e11c-4678-b36b-cfdeec217d11,fcde5f6e-e6d6-4d2d-b864-ca5cfe08fe46,6c37ac7c-22fb-489b-9e12-ba964446997b,store,3,1331.58,11.07,2025-08-27T13:51:20.983836
4f755912-3194-4a2c-b166-28ca0ea839b4,01b0c61b-4ff2-4653-a90f-f2336d2cab3a,1890b36f-a137-41e5-b5ed-1d9d565c4bd0,store,5,127.8,16.4,2026-01-12T13:51:20.983850
89e7495a-e9f0-4ec4-86dd-c61c0429fb12,2ad030d1-08d6-45dc-9145-6bb5dbf72900,bdea1b76-1208-4a2f-b2e1-1aa8a5626500,mobile,2,616.92,4.44,2026-02-02T13:51:20.983863
a1e480a7-b2e0-4d5a-80f3-d5aaebf10ca5,3cae7953-c156-471c-9a5f-92f3526f83e4,ad1fb5ee-a91c-4991-9341-e395d2beecef,mobile,3,1056.24,15.6,2025-07-20T13:51:20.983877
7c14021f-3719-493c-955a-5c37fe63d1f2,439867bf-aa4f-4697-aaf1-3b9e12b22379,1791a541-fe39-430b-9626-a24acd85e08e,mobile,5,1358.6,7.25,2026-03-22T13:51:20.983891
3d88050b-88ef-4c10-81b6-54d142e6a18d,0ebb1121-5e3e-4d5b-b10b-61858bcd68c5,1791a541-fe39-430b-9626-a24acd85e08e,web,2,543.44,2.0,2025-10-06T13:51:20.983904
6e88242d-04db-4fc0-a210-052d74d69449,2d085040-be9a-497e-812b-d0c170b17e58,6eae25b5-bfd1-445a-b0d8-86e5ef9604a3,mobile,2,958.04,8.48,2025-07-13T13:51:20.983917
de83f7d0-0fdf-4cce-8fe3-e3e4381c29d1,c59d268a-6f92-4a9c-9055-5dc476e1c531,a47d64f7-a098-44b9-8c64-05a8c978779f,store,1,305.82,7.8,2025-09-22T13:51:20.983934
8703abe8-8b9b-49a0-93ab-ffc0aed0f37d,be029ce5-cd24-42ad-8779-03ff5f9f714b,e68cd9b3-0f66-4719-b9c8-10a5e0acfc32,store,4,1716.4,2.72,2025-08-19T13:51:20.983948
68a6ddfc-81bc-4932-89c0-3c8c7467f0d8,952d7f9c-eec2-4cfe-9a22-d67b2438dd4f,053f89ae-21b6-4267-baf4-f4be573d366f,store,1,71.15,14.17,2026-03-08T13:51:20.983961
17935c35-db9c-4840-a9a1-bccc38d80e3e,b1e46fa8-728f-4df2-8c6c-eada87873a60,053f89ae-21b6-4267-baf4-f4be573d366f,mobile,2,142.3,19.19,2025-06-06T13:51:20.983974
18525e36-2fe8-4a78-90e1-9ae36d6495f9,dd267d37-2603-4b70-afe3-80c93850b1f7,e68cd9b3-0f66-4719-b9c8-10a5e0acfc32,store,2,858.2,16.45,2026-02-01T13:51:20.983987
70cb43cb-7b0c-479d-80b4-4cb1b562599c,cd7c00ee-783f-44f3-9c7f-80c043255ce5,bff07f43-24a8-4d20-b9e9-6cac1ecce307,mobile,4,240.28,8.38,2026-01-24T13:51:20.984006
22e475f9-3f3f-4f5f-97cd-f7e7450309ba,4a9cb868-6695-4bf7-93f9-6f179ead9401,ad1fb5ee-a91c-4991-9341-e395d2beecef,web,2,704.16,4.53,2025-10-18T13:51:20.984019
ae78f4ba-78c9-4cce-8deb-b95025a11bff,1ad8fec9-6f2f-465b-85b5-6d9a98406fce,a47d64f7-a098-44b9-8c64-05a8c978779f,web,2,611.64,14.52,2025-09-22T13:51:20.984033
ed59b404-8112-4857-b8cb-6e49f3c4c852,f45b6dd0-1af6-4a35-8377-7ab4e1b51575,08f682e0-0949-4d7f-9c1a-36bb48342221,web,2,431.1,13.44,2025-08-31T13:51:20.984046
41bfbae0-9b28-4714-aae0-163fb7df402a,fa848a5c-ec51-4164-a85d-f28025f41073,905f2110-caca-46ad-b1fc-61c3fda110f1,web,1,48.6,10.41,2025-05-24T13:51:20.984059
ca191260-779f-4dd4-9c75-b5813e23d613,5034622a-2469-4dba-9e13-706f0eafd0c5,08cb9e44-2170-4369-9ab2-a47e52847e6c,web,5,585.6,13.21,2025-08-17T13:51:20.984077
99ee6259-3ab8-4fdb-9a42-1cd5ce2a1b33,c8bc6461-f15e-48de-b1ae-15a4fb815418,28de6b67-c5da-4fd9-9ae6-64f199eb885d,store,5,1524.9,3.07,2025-06-07T13:51:20.984112
050dab8c-e75e-4d8f-a88b-3213d5d2d0cf,c28076f1-629d-4e62-9dae-bd317892740b,457d9d38-588b-41ff-8c67-d7258b51a8e6,store,3,1249.2,16.76,2026-03-26T13:51:20.984130
170c8f91-aa60-4ce0-957f-8554bf3a8004,3353b7da-6f12-42f1-9424-fbde65b4b5f8,28de6b67-c5da-4fd9-9ae6-64f199eb885d,mobile,4,1219.92,3.37,2025-09-09T13:51:20.984144
3e590930-ffc1-4de4-94b0-e935286d8c6a,0a9d7983-6f35-4787-b27b-e0aca049aff4,ca3df109-0f94-4c65-bb50-5e247fa97614,mobile,3,1061.64,2.06,2025-12-21T13:51:20.984158
d25ec652-0883-4df9-9769-37b5097194dc,6a7d4a2f-a923-4761-be81-fe7f573a5848,321b80eb-c6e9-42e0-a6f5-86598247acd3,store,2,585.78,16.73,2025-05-10T13:51:20.984170
ead2d5dd-f0d9-489f-8ccf-7e2f4655ecf6,47305be8-cd55-4cfd-9661-fe36f5f81ce5,e19c753d-318c-4edb-b565-fc406c99c72c,mobile,4,785.0,2.1,2026-03-17T13:51:20.984183
8f551a86-4137-492e-bb8a-164cdd8d5272,80a6b929-e1f9-4b9b-b8ea-5c1b93b29273,a47d64f7-a098-44b9-8c64-05a8c978779f,mobile,3,917.46,10.16,2025-12-08T13:51:20.984201
5015ee9d-0fa1-493d-b73c-655bb7ea6fd6,d5327b4f-92bb-47e0-8591-523fd0425dda,11d7b21d-825c-442e-8c20-a64d4de4dd3c,web,3,172.14,2.02,2026-03-04T13:51:20.984230
d563f072-1c3d-4bdd-a9bd-33b77b53a2e2,f36fccea-2534-4b79-a552-2ebb363bad1a,ca3df109-0f94-4c65-bb50-5e247fa97614,store,2,707.76,4.43,2025-06-20T13:51:20.984245
a463a3b6-f48c-4936-b751-b94eede4a458,c49ee3c5-aa37-4df0-bed9-2497197ddbb3,a47d64f7-a098-44b9-8c64-05a8c978779f,store,1,305.82,11.21,2025-04-18T13:51:20.984259
41bffb6d-ef89-41ec-855c-c95d59c3ac34,b0b5d801-ca6b-405b-820c-269c6367bf13,2341a1b6-ca76-4973-ad2e-4a906f9fd51d,mobile,4,470.4,17.41,2025-06-09T13:51:20.984274
92fc83a4-cd32-440c-8985-c851ee2e4b00,268931fe-8542-4672-96bb-6177eaab9ebb,1308f602-c166-4cdc-868a-0b4938053d4d,web,1,32.44,11.81,2025-06-11T13:51:20.984287
d1c9790b-5f0c-4e0e-9649-b5fcc0918a29,edcd837f-7b30-4f33-b321-66343954be91,08cb9e44-2170-4369-9ab2-a47e52847e6c,web,5,585.6,19.33,2026-02-26T13:51:20.984300
18f51207-cbf0-41b0-94be-6b0797801c23,124fdab2-2639-4150-91cf-625e1a170d06,321b80eb-c6e9-42e0-a6f5-86598247acd3,mobile,5,1464.45,18.08,2025-05-06T13:51:20.984315
a6e54150-1d93-4fb5-9b0a-db0fb16d0207,5346484c-2d6c-4d8b-abc1-1949a60165bb,f6df0b45-6106-42d3-8c75-195d0ad4baee,mobile,1,388.79,15.76,2025-10-20T13:51:20.984329
7ebc8fe6-7d1d-4ff2-8265-c4b933539932,3f9dc824-91b5-4ab4-b84d-905a7500ef6d,7df8e284-e832-44a7-94ef-f17a4e5da9d6,web,5,448.45,18.8,2025-07-22T13:51:20.984345
1a748fab-3d3b-4756-a175-66926650f1f0,1b83c826-b10a-4344-9e73-15b5b96a5b58,e19c753d-318c-4edb-b565-fc406c99c72c,mobile,1,196.25,3.61,2025-12-26T13:51:20.984359
8e914d12-2576-4143-9ab5-2361ec0d5290,71dd238d-4040-4247-9b73-eff211153a97,457d9d38-588b-41ff-8c67-d7258b51a8e6,store,1,416.4,16.04,2025-11-17T13:51:20.984377
4f6d1479-b545-44fb-a888-68c9885048ad,b1b3cebd-4a2a-433a-8058-12a34df6a3b3,7df8e284-e832-44a7-94ef-f17a4e5da9d6,mobile,3,269.07,6.88,2025-10-14T13:51:20.984408
ca8db47e-ed9e-43cd-a0da-24b3492dd4e0,370e7bb7-6236-43ce-95ca-1a960f6b7194,bff07f43-24a8-4d20-b9e9-6cac1ecce307,web,3,180.21,6.49,2025-08-30T13:51:20.984433
a8dbb0c7-f1e2-4917-8531-341dc11e4ed9,80bb3786-c8a8-42d8-9893-287ac213c975,11d7b21d-825c-442e-8c20-a64d4de4dd3c,mobile,2,114.76,15.42,2025-12-29T13:51:20.984447
ecf60c3f-ed71-4f96-b836-b595cbc44c38,aec97b20-5ba5-49c5-825e-394baa6577c2,905f2110-caca-46ad-b1fc-61c3fda110f1,web,4,194.4,16.89,2025-10-19T13:51:20.984462
580b9bd9-6153-4bb0-8e41-ec130ed1e9ae,058c636f-b73c-4bd9-bd6a-134962a13206,1890b36f-a137-41e5-b5ed-1d9d565c4bd0,mobile,3,76.68,10.76,2025-10-17T13:51:20.984476
ed311c85-667c-4f19-9371-45d455f4e7a7,f36fccea-2534-4b79-a552-2ebb363bad1a,6eae25b5-bfd1-445a-b0d8-86e5ef9604a3,web,3,1437.06,18.28,2025-11-10T13:51:20.984488
0d32ccdf-c121-498d-ac2b-43b7c34936e6,8ccd0f15-fc71-4c67-ad0e-2f8a0beac395,f6df0b45-6106-42d3-8c75-195d0ad4baee,store,3,1166.37,12.79,2025-06-01T13:51:20.984501
3a156488-7096-48e0-8505-31ded5bef848,228052e8-635e-4302-ace6-72ead42c8602,1308f602-c166-4cdc-868a-0b4938053d4d,mobile,2,64.88,9.71,2025-12-01T13:51:20.984534
ec170305-f36d-46c5-b19c-4cd33b052abf,897ea419-5205-4856-81b1-ab4a07c658a1,f1f6542b-4b3f-4e65-8d9a-766c8d57ad72,web,3,964.44,6.46,2026-01-24T13:51:20.984566
e660fe21-ed47-432f-9fa5-f25654236bd2,5811146f-e353-4d97-be9b-134b231bf480,ad1fb5ee-a91c-4991-9341-e395d2beecef,mobile,5,1760.4,14.0,2025-11-08T13:51:20.984590
380a1029-d745-43d9-adff-1b5e347029f3,2fa382ae-d79d-488d-95e2-61f2338ea04b,a0de6626-305c-473f-946f-bec5e72fa2b2,web,5,1837.8,7.96,2025-07-14T13:51:20.984604
dc93b3e3-21f0-46b7-bbcc-8e68123c7a78,b3b9c473-d479-4061-9770-ea72c7a0d95c,d5ee97fe-7203-4277-a432-29e8207ec8be,web,2,105.18,14.23,2026-02-27T13:51:20.984617
6e3f6408-1e78-4f7d-8d4e-12edf2dd34e2,a52635f8-5d4b-4e50-89d7-7c68f3c83db7,f6df0b45-6106-42d3-8c75-195d0ad4baee,mobile,3,1166.37,6.8,2026-01-31T13:51:20.984630
504b291f-a26e-4fd4-b9a7-2b1f7ef8fe32,4bc1996f-9825-4f06-85da-2b0db239e855,f6df0b45-6106-42d3-8c75-195d0ad4baee,web,2,777.58,16.9,2025-09-30T13:51:20.984643
8309da65-8fda-4fc5-870b-ecbf10579d43,285b0a46-ec54-4ca2-b675-3bcd0a09e21a,a0de6626-305c-473f-946f-bec5e72fa2b2,web,5,1837.8,6.48,2025-06-28T13:51:20.984666
6028d2e6-1434-48ce-b2d6-bb01f5548b86,0ebad927-eae2-4b88-a206-9da927294c87,f1f6542b-4b3f-4e65-8d9a-766c8d57ad72,mobile,1,321.48,3.1,2025-12-11T13:51:20.984680
3d6fd52c-732b-4941-9794-51e84c235b52,034fb1e4-e5d9-468d-91ee-334981a4ff94,cbf743b9-e903-4a26-825c-7bde33e1d82c,mobile,4,1493.4,19.67,2025-12-22T13:51:20.984692
7cdcdfb3-f2ca-46cf-ba20-c6fcf5e36511,8757f80d-81ed-4e4f-a7d0-dd997cfdac05,6eae25b5-bfd1-445a-b0d8-86e5ef9604a3,web,4,1916.08,2.91,2025-05-19T13:51:20.984705
bcebd9c2-0d0d-4d45-8fe3-d2171875136e,b237f9d5-60b3-45de-bbeb-f64d46377e62,bff07f43-24a8-4d20-b9e9-6cac1ecce307,store,1,60.07,16.76,2025-06-06T13:51:20.984718
522bb9e4-1027-4741-b06f-eb5ebfa633a6,dc912c17-7525-4588-998c-505710c01b09,17c1c99f-c424-420e-8868-5ab21bafe8e5,web,5,711.3,8.25,2025-06-29T13:51:20.984732
fca3bece-f007-4d07-9142-826b0fb66f01,740901b0-ea82-459c-b9c4-ebb6e59f3b9c,1791a541-fe39-430b-9626-a24acd85e08e,mobile,5,1358.6,11.51,2025-09-23T13:51:20.984749
06dca68d-47f0-4e8f-824c-7200b1fda342,26f752ae-cb28-42e6-8109-575dcebe96fb,1308f602-c166-4cdc-868a-0b4938053d4d,store,3,97.32,16.07,2025-04-19T13:51:20.984780
3d01317e-1322-4529-a224-7b593719b51e,3446f091-304c-48ee-8228-02b3d1c875dc,e19c753d-318c-4edb-b565-fc406c99c72c,web,3,588.75,6.4,2025-10-11T13:51:20.984809
e5656857-fb0a-4831-8596-fe2565fa9bf9,0179c606-5228-495f-bf48-438074367fba,d5ee97fe-7203-4277-a432-29e8207ec8be,mobile,2,105.18,4.94,2025-11-02T13:51:20.984826
bf31b482-6d94-432f-85d7-ede0faa2fb4c,c93f2cd4-13a8-4f0f-8d1a-8854990eb1b2,542e404c-f975-45bf-b793-249b8d15665d,mobile,1,107.42,9.51,2025-07-30T13:51:20.984845
0720081e-e2a4-4da5-bbc6-285cb368fcda,de68630e-da9e-45bb-9038-1aeb89f735f1,08cb9e44-2170-4369-9ab2-a47e52847e6c,mobile,5,585.6,6.97,2025-12-20T13:51:20.984875
edbabfde-180d-41c1-aaca-0966d6003c74,9b88430b-2b81-4613-aaae-c095517cd2e4,17c1c99f-c424-420e-8868-5ab21bafe8e5,store,2,284.52,11.49,2025-08-20T13:51:20.984900
42fdfc1f-94a0-43dc-b7c4-64b44e53b799,2e1846b9-5efb-4df6-9fa0-b8de321d8ce9,7df8e284-e832-44a7-94ef-f17a4e5da9d6,store,5,448.45,11.82,2025-09-03T13:51:20.984913
a133d677-eeb6-48e3-b3da-42cdc05e2a51,ade7f931-425a-4ac1-9ba5-fb56ea154a33,9c0e36b8-29dc-48d8-9869-8d952c29dbdb,store,1,298.73,11.18,2025-07-03T13:51:20.984925
115d89c0-49f6-4af7-82bd-5196f258f742,3e180188-758e-4f82-bfe5-3ce6dbd03f62,6c37ac7c-22fb-489b-9e12-ba964446997b,web,4,1775.44,1.28,2025-04-19T13:51:20.984938
f1605430-1115-4f7e-abf1-63c83bb1fef8,4bc1996f-9825-4f06-85da-2b0db239e855,d5ee97fe-7203-4277-a432-29e8207ec8be,store,3,157.77,18.95,2025-06-28T13:51:20.984951
4de6b32a-1906-454f-80fc-4303f679bb0c,a91646c9-5f67-4156-b4d0-21a050b6575c,cbf743b9-e903-4a26-825c-7bde33e1d82c,store,5,1866.75,14.08,2025-08-07T13:51:20.984964
18c30bcd-af13-488d-bbf6-71fda22b1584,0f4e0175-34a6-491e-bf85-2bbc0c78acd4,542e404c-f975-45bf-b793-249b8d15665d,mobile,4,429.68,9.04,2025-12-26T13:51:20.984977
4cfa6f0b-4f1f-47d4-b91b-c4b34cb57d5f,c93f2cd4-13a8-4f0f-8d1a-8854990eb1b2,053f89ae-21b6-4267-baf4-f4be573d366f,mobile,3,213.45,15.97,2025-12-17T13:51:20.984991
b46d9dec-78ea-4873-945a-f9be9ef482ba,4b8e09cb-caba-44f2-a067-285da4e537ef,e68cd9b3-0f66-4719-b9c8-10a5e0acfc32,mobile,2,858.2,11.74,2025-07-13T13:51:20.985009
97048985-d8f8-4c83-8798-81bc3d8b2744,01345167-d5c6-442f-9e36-7a5740ee4bcf,79634690-8c5c-4240-8205-82b10c85c886,mobile,5,1616.55,15.09,2026-03-19T13:51:20.985022
f1812260-6988-4d0c-919e-f03effe488ee,48939967-06c2-444f-bd14-4f7a500ae2cb,28de6b67-c5da-4fd9-9ae6-64f199eb885d,web,1,304.98,10.6,2025-06-05T13:51:20.985034
c8470ed6-0ac5-4371-8304-31b11f7d4502,b1b3cebd-4a2a-433a-8058-12a34df6a3b3,9c0e36b8-29dc-48d8-9869-8d952c29dbdb,mobile,2,597.46,15.47,2025-12-09T13:51:20.985047
d7ff9d9b-6108-4cb1-87b8-12f43f860292,327977bd-0cc0-4e37-a898-be7b1668b132,24665074-3a11-4fcf-82f7-1d50a0b2580f,store,1,381.81,14.57,2025-05-18T13:51:20.985060
580ef3fc-2848-44b5-b2ef-85cccfbc8bfe,02e42010-f231-4ab6-bf73-8efa9d7e8f75,1890b36f-a137-41e5-b5ed-1d9d565c4bd0,mobile,1,25.56,14.02,2025-09-21T13:51:20.985073
99eb8264-0b3d-49fc-a798-2f717c89d8ff,6b9384d5-4658-499e-aa0e-261e25506abf,1308f602-c166-4cdc-868a-0b4938053d4d,mobile,4,129.76,9.49,2025-10-02T13:51:20.985086
d26663ca-603e-4185-9371-e6877c8cc04b,a177a8f2-78cc-4b69-8423-50b9e3c5cb7e,457d9d38-588b-41ff-8c67-d7258b51a8e6,store,2,832.8,7.1,2026-02-25T13:51:20.985099
7e5518ec-28ed-4f01-a766-5295db4b7598,255cee46-53c9-4156-a455-fc71aaeb939f,e19c753d-318c-4edb-b565-fc406c99c72c,web,3,588.75,3.69,2025-08-03T13:51:20.985116
836326ae-a90b-4eef-9b89-583d848e583e,03cd349e-dd04-4d46-a08f-6b40026ac251,ad1fb5ee-a91c-4991-9341-e395d2beecef,mobile,2,704.16,12.66,2025-10-18T13:51:20.985130
731e5853-fb2c-4025-b6d4-f3d6c2ce29dd,d4480b7f-44e3-442c-a15d-0691a9d44d3d,f1f6542b-4b3f-4e65-8d9a-766c8d57ad72,store,1,321.48,0.41,2025-07-21T13:51:20.985143
7febe126-0ab2-42fb-bd41-e688c148637f,6e1cf5e7-7914-4d62-b2b0-b64a0772ac65,69b6bb4a-cfaa-4878-91ae-e146f31c1955,mobile,5,1707.85,7.46,2026-03-16T13:51:20.985163
479f77fa-f6b3-45ef-85c9-798345060056,b3f884c2-631e-4f50-8ebb-a704e4cd049d,79634690-8c5c-4240-8205-82b10c85c886,web,5,1616.55,6.54,2026-04-09T13:51:20.985189
d54d5f73-ced1-436b-ac98-26e3534b6f53,ac9e9fa2-9a9f-4abb-bf77-bce10aeed1be,cbf743b9-e903-4a26-825c-7bde33e1d82c,store,5,1866.75,17.19,2025-07-01T13:51:20.985202
4089813f-c762-40f1-85eb-4503534bd5cb,10699e3c-9f67-4108-a71c-a0918eaa3418,24665074-3a11-4fcf-82f7-1d50a0b2580f,mobile,2,763.62,9.96,2025-05-25T13:51:20.985218
4adb78d6-68e3-4ff2-a74e-8d25d869e933,2bf20add-b53d-4ece-be51-331ebb53ad0c,56ad6e1f-0691-4acd-a3de-c8da072e3963,mobile,3,438.45,18.25,2026-02-25T13:51:20.985231
65ca5c30-4666-4146-aa33-d217a854eca1,c08b7d80-81ef-4d20-ae7b-8a8d690a6465,321b80eb-c6e9-42e0-a6f5-86598247acd3,store,5,1464.45,14.13,2026-01-15T13:51:20.985245
468f2c81-9975-420f-8716-76c09a379100,c28076f1-629d-4e62-9dae-bd317892740b,24665074-3a11-4fcf-82f7-1d50a0b2580f,store,5,1909.05,0.61,2026-01-29T13:51:20.985262
6ed20b29-1fd8-476c-9327-de3f903890ac,64fd2fb3-4de5-4dec-b89a-7ad24fb60fbf,168e2ef5-ab86-444e-ad38-6cbe82465e6a,store,1,90.06,2.16,2025-11-07T13:51:20.985284
1d99d3d1-f808-4924-8a2c-11b04d389314,de18f223-7a95-47d7-892b-230c0354b118,24665074-3a11-4fcf-82f7-1d50a0b2580f,web,5,1909.05,18.0,2025-07-24T13:51:20.985310
29e8ca76-6f22-48a4-8f43-577e864ef095,675701f2-8821-48a1-b6cd-c7205873c1e2,ad1fb5ee-a91c-4991-9341-e395d2beecef,mobile,5,1760.4,18.4,2026-01-26T13:51:20.985324
8b2a6f76-88e3-463f-b76d-babde88bb326,952d7f9c-eec2-4cfe-9a22-d67b2438dd4f,7df8e284-e832-44a7-94ef-f17a4e5da9d6,store,5,448.45,18.88,2025-09-28T13:51:20.985337
5b84ed9a-d7a3-4790-9f99-9b1f0a5d2c4b,b1e46fa8-728f-4df2-8c6c-eada87873a60,17c1c99f-c424-420e-8868-5ab21bafe8e5,web,1,142.26,7.31,2025-10-24T13:51:20.985351
bce30e8f-ee71-4c2e-8c47-db386638df42,124fdab2-2639-4150-91cf-625e1a170d06,ca3df109-0f94-4c65-bb50-5e247fa97614,web,2,707.76,7.17,2025-09-21T13:51:20.985365
2e8d358f-2c74-4d2f-b200-739f98cd138e,abb8399d-d557-4b20-a585-bdc3cbf9c14d,0e9c5cdb-187a-4121-93cd-cd24adc53bc4,mobile,5,563.25,1.82,2026-02-24T13:51:20.985378
dc498f21-3b98-4204-a4ed-38153bcd2865,d2d0328c-6454-4cfc-8e07-f86be9061924,905f2110-caca-46ad-b1fc-61c3fda110f1,mobile,5,243.0,14.04,2025-07-01T13:51:20.985394
39fcf264-8120-45ad-802a-c85adac355bc,be029ce5-cd24-42ad-8779-03ff5f9f714b,f6df0b45-6106-42d3-8c75-195d0ad4baee,web,5,1943.95,5.65,2025-05-21T13:51:20.985409
cba87cf8-763d-4104-bef1-3a15bd4125e7,e0218eae-26bc-40f7-820b-69b7e7a384a5,f1f6542b-4b3f-4e65-8d9a-766c8d57ad72,mobile,2,642.96,8.53,2025-11-17T13:51:20.985432
aa8056ff-107c-4375-b78c-ca2be09a6d46,c49ee3c5-aa37-4df0-bed9-2497197ddbb3,1308f602-c166-4cdc-868a-0b4938053d4d,web,1,32.44,9.82,2025-08-07T13:51:20.985460
eb68bc62-bd43-467f-8590-1d4973fb92e5,d94b6713-3071-40cb-b879-b1983278bef5,17c1c99f-c424-420e-8868-5ab21bafe8e5,store,4,569.04,6.12,2025-06-07T13:51:20.985492
5f3015aa-2f7a-47b7-9bf7-5cd808fbe9ef,a7a9f9a9-f115-48e8-b2ee-1d075fc3402c,a0de6626-305c-473f-946f-bec5e72fa2b2,web,1,367.56,3.76,2025-07-19T13:51:20.985531
7091e436-ee31-4240-b8e7-36dcbe447887,c2dc8b95-1cde-4bed-a268-3df956803335,053f89ae-21b6-4267-baf4-f4be573d366f,mobile,5,355.75,3.47,2025-06-27T13:51:20.985572
7336cccc-0155-4c1c-a0a7-279412b388e6,de68630e-da9e-45bb-9038-1aeb89f735f1,69b6bb4a-cfaa-4878-91ae-e146f31c1955,web,5,1707.85,19.34,2026-04-01T13:51:20.985595
2bb04b5b-458b-49eb-a07f-1d062791eb32,d5c0759f-5701-4654-842a-fc8eae714de1,ad1fb5ee-a91c-4991-9341-e395d2beecef,web,3,1056.24,16.47,2025-07-14T13:51:20.985608
3d46ed2d-e474-4a9c-8673-0be3ca9daceb,6b9384d5-4658-499e-aa0e-261e25506abf,e19c753d-318c-4edb-b565-fc406c99c72c,web,5,981.25,10.17,2025-07-21T13:51:20.985621
e83332db-2011-425d-a50b-2d94605bc256,6f9ef49f-8364-495a-bb6c-b6ffa243e355,944989d7-0474-4130-959f-c793bf62259e,store,2,238.72,19.0,2026-02-24T13:51:20.985634
7638903b-6b4c-4059-b906-8672d30389d8,29dc093f-722e-4320-8b1c-a48df552bdf8,6eae25b5-bfd1-445a-b0d8-86e5ef9604a3,mobile,3,1437.06,4.07,2026-03-09T13:51:20.985647
8829c13e-393d-4228-82d6-4d9b9230c97a,bdb77e2b-5d39-41d7-8683-b92222eebcd7,2341a1b6-ca76-4973-ad2e-4a906f9fd51d,web,5,588.0,18.44,2026-04-08T13:51:20.985660
01d92583-9ba8-4ce2-ba87-af57388d9fab,bdb77e2b-5d39-41d7-8683-b92222eebcd7,28de6b67-c5da-4fd9-9ae6-64f199eb885d,web,3,914.94,13.19,2026-04-13T13:51:20.985676
025b3f7e-591a-44c4-8106-b1ea56a1aa4f,a52635f8-5d4b-4e50-89d7-7c68f3c83db7,457d9d38-588b-41ff-8c67-d7258b51a8e6,web,2,832.8,7.44,2025-09-28T13:51:20.985693
c6575309-755e-4034-9f4d-087a0e84bf1b,b0b5d801-ca6b-405b-820c-269c6367bf13,f6df0b45-6106-42d3-8c75-195d0ad4baee,web,1,388.79,11.98,2026-01-26T13:51:20.985707
e1ff3d6f-aee4-459d-a7b5-4ddb80e75336,8369c1b7-e066-4496-95c8-c4798a0240e4,11d7b21d-825c-442e-8c20-a64d4de4dd3c,mobile,4,229.52,14.2,2025-05-02T13:51:20.985720
8ca7dfa5-7dc3-40b5-a6c3-0a8a2825e815,26f752ae-cb28-42e6-8109-575dcebe96fb,053f89ae-21b6-4267-baf4-f4be573d366f,mobile,2,142.3,18.27,2025-05-16T13:51:20.985733
443d0e0d-1e0c-4a00-8755-5e824f725870,d7e80692-b86e-40b6-b9de-46a15d1df915,79634690-8c5c-4240-8205-82b10c85c886,store,4,1293.24,5.56,2025-09-16T13:51:20.985746
556cf28c-134b-483b-918f-6840fdda1a8f,26f752ae-cb28-42e6-8109-575dcebe96fb,ad1fb5ee-a91c-4991-9341-e395d2beecef,mobile,4,1408.32,0.21,2025-12-07T13:51:20.985759
1e98c331-c546-44e1-8006-f1a27d5edcd9,abb09602-3d21-4475-9c51-63cd8e7fa013,f6df0b45-6106-42d3-8c75-195d0ad4baee,store,1,388.79,2.58,2025-04-24T13:51:20.985772
f5f653b6-1b59-43db-afa2-426e6c004aba,c70ee112-9a4d-4c51-ada6-a3963b225e9c,6eae25b5-bfd1-445a-b0d8-86e5ef9604a3,web,1,479.02,2.31,2025-05-24T13:51:20.985785
d1aeba45-6e16-458f-b965-a14d9e592c89,26f752ae-cb28-42e6-8109-575dcebe96fb,ca3df109-0f94-4c65-bb50-5e247fa97614,mobile,1,353.88,6.55,2026-01-12T13:51:20.985800
a56cec09-a383-4181-86d4-13e9d4195587,8e2a7aa8-8e6c-4b41-9ba3-9577be455dc7,11d7b21d-825c-442e-8c20-a64d4de4dd3c,mobile,4,229.52,5.73,2025-11-21T13:51:20.985814
7ffe0b9b-84f8-4860-89fc-d9d415a8a0f5,058c636f-b73c-4bd9-bd6a-134962a13206,2341a1b6-ca76-4973-ad2e-4a906f9fd51d,web,3,352.8,7.9,2026-02-19T13:51:20.985832
07db2b5d-9c27-4451-bf5f-be357682e762,2ad030d1-08d6-45dc-9145-6bb5dbf72900,ad1fb5ee-a91c-4991-9341-e395d2beecef,store,1,352.08,4.02,2025-07-05T13:51:20.985862
8f752ae9-3250-42fa-bcb4-f0324258b082,de68fb7c-314a-441e-8f92-23d7f49a490a,944989d7-0474-4130-959f-c793bf62259e,web,4,477.44,2.23,2025-08-13T13:51:20.985876
4bb00dba-5eb9-4cba-a841-3628e6fcebb0,64fd2fb3-4de5-4dec-b89a-7ad24fb60fbf,1308f602-c166-4cdc-868a-0b4938053d4d,mobile,2,64.88,16.13,2026-03-04T13:51:20.985890
25422719-1498-47cb-b381-1bb4a02f5676,10c5aaaa-16e0-442a-b44c-907f6d455a23,e19c753d-318c-4edb-b565-fc406c99c72c,store,5,981.25,14.77,2025-10-08T13:51:20.985903
d36f6d60-005d-430b-a8f7-ffaa2416491e,e55e95ef-f1cb-40bc-bc2a-bed8e28fabad,944989d7-0474-4130-959f-c793bf62259e,web,5,596.8,14.5,2026-01-09T13:51:20.985921
895c1cb5-1bd6-42c6-84b9-f79838e11b9d,1bf5ec6f-1fb7-41ba-8561-83bd4b958e3f,2341a1b6-ca76-4973-ad2e-4a906f9fd51d,store,1,117.6,17.19,2026-01-27T13:51:20.985953
71fbaa9e-2558-442b-95b1-484e3fe39ef5,84af72e6-800a-4dd4-88b4-15fe1f894bef,24665074-3a11-4fcf-82f7-1d50a0b2580f,web,3,1145.43,18.03,2025-08-22T13:51:20.985977
0584aab2-b95e-40ef-9393-6634dc342708,f4898991-6e86-4b9c-a7fe-2cff54efe3ea,f6df0b45-6106-42d3-8c75-195d0ad4baee,store,4,1555.16,10.11,2026-01-27T13:51:20.985990
bd1c8b80-c925-4793-9d33-4fdf53488513,0ebad927-eae2-4b88-a206-9da927294c87,24665074-3a11-4fcf-82f7-1d50a0b2580f,mobile,2,763.62,14.42,2025-10-26T13:51:20.986006
e8ee4be0-4219-4618-94c3-e3887f91784c,d010c452-9bd9-44e7-b595-21b37cd41c07,f1f6542b-4b3f-4e65-8d9a-766c8d57ad72,mobile,1,321.48,10.57,2025-12-11T13:51:20.986019
2d9bad79-67d5-432f-ad03-ece374e5429b,58baa912-a1cf-4bb6-a3ac-cdfccf1ec74b,9c0e36b8-29dc-48d8-9869-8d952c29dbdb,store,2,597.46,1.13,2025-07-09T13:51:20.986031
f56d3c99-9f96-428f-a8c7-d9b7f98f4e7f,6b9384d5-4658-499e-aa0e-261e25506abf,d5ee97fe-7203-4277-a432-29e8207ec8be,mobile,4,210.36,0.35,2025-07-24T13:51:20.986044
e4b5c540-98c6-41f2-bed3-79f0a3990796,de09c21b-2790-4f59-98f6-c678497d35f8,9c0e36b8-29dc-48d8-9869-8d952c29dbdb,web,3,896.19,2.87,2025-10-08T13:51:20.986057
67489435-8e6f-4f1b-95c5-1fce7ea7a943,fd777368-7e59-48b1-b85b-1619bc87c5dc,6eae25b5-bfd1-445a-b0d8-86e5ef9604a3,web,1,479.02,11.25,2025-10-02T13:51:20.986070
906a6377-e5b7-401b-b652-1edb41b28a2b,1b83c826-b10a-4344-9e73-15b5b96a5b58,1308f602-c166-4cdc-868a-0b4938053d4d,web,5,162.2,15.24,2026-02-13T13:51:20.986083
60ac1901-8e29-4dec-a29a-b0b1d938813b,bdab1d19-8ba7-4bfc-a5ad-61087bba98d6,2341a1b6-ca76-4973-ad2e-4a906f9fd51d,web,5,588.0,12.98,2026-03-09T13:51:20.986100
76c069ca-cfc1-4a91-8996-39b333c3e765,48186108-5140-477d-8d9c-59cf0f3db172,0e9c5cdb-187a-4121-93cd-cd24adc53bc4,store,5,563.25,5.65,2025-05-20T13:51:20.986115
534a3aef-ff14-4d54-a0eb-9f0d755a4bee,ba0f0624-b1c9-4f49-9041-fd7c7b1028a5,1308f602-c166-4cdc-868a-0b4938053d4d,mobile,4,129.76,9.81,2025-12-15T13:51:20.986128
a7a1e285-2dbc-47c8-a274-c62a20a03fb3,84af72e6-800a-4dd4-88b4-15fe1f894bef,6c37ac7c-22fb-489b-9e12-ba964446997b,web,4,1775.44,9.08,2025-08-13T13:51:20.986143
16bc9f4b-5fa8-403c-9d4f-e67c89d6eeca,c28076f1-629d-4e62-9dae-bd317892740b,321b80eb-c6e9-42e0-a6f5-86598247acd3,store,2,585.78,12.74,2026-02-01T13:51:20.986156
f76679d8-4611-446f-90d5-dafca1f5788b,a221350b-2da3-45e2-b548-7a7cef3f240c,1308f602-c166-4cdc-868a-0b4938053d4d,store,3,97.32,14.8,2026-01-23T13:51:20.986169
7037b85d-d0de-4894-a748-986638959438,d644d7f1-f084-4ec8-a9ef-a0f40649a17b,053f89ae-21b6-4267-baf4-f4be573d366f,store,2,142.3,8.21,2026-03-25T13:51:20.986183
ad891486-3f8f-4751-9a3f-7bf8e8297b1b,c28076f1-629d-4e62-9dae-bd317892740b,168e2ef5-ab86-444e-ad38-6cbe82465e6a,web,2,180.12,16.8,2025-09-22T13:51:20.986197
a3ea35c9-34d2-4e06-b4d8-03e625c9aa48,964b7af0-f945-4a93-a040-a1f71aed720f,56ad6e1f-0691-4acd-a3de-c8da072e3963,store,4,584.6,9.21,2025-09-12T13:51:20.986210
79aea3e6-293f-4276-84a6-06c129295ea1,d27db049-06bb-49d0-9384-1d005fc4197d,f1f6542b-4b3f-4e65-8d9a-766c8d57ad72,store,4,1285.92,6.76,2025-08-21T13:51:20.986226
aa84620a-3860-45fc-96c9-5f1a78ee11bd,9fbdd83e-1473-4d7d-88eb-05463f65126d,f6df0b45-6106-42d3-8c75-195d0ad4baee,web,2,777.58,4.92,2025-07-18T13:51:20.986247
1a9655c0-a346-4d94-bf55-5471bc23555b,1b23ba1c-10e6-4969-af23-0bc504b3ce59,ad1fb5ee-a91c-4991-9341-e395d2beecef,mobile,5,1760.4,13.19,2026-01-06T13:51:20.986276
eb619df3-bf45-4f11-948e-69a9972b9c34,df32bb53-ea9a-4e24-b274-c603380b93de,321b80eb-c6e9-42e0-a6f5-86598247acd3,store,4,1171.56,7.5,2025-07-09T13:51:20.986290
cd711757-be75-4d88-99cf-8b331a1b27f7,0cfd5607-d58f-4d81-9835-b178d717b015,56ad6e1f-0691-4acd-a3de-c8da072e3963,store,4,584.6,2.17,2026-02-02T13:51:20.986304
1fd35c81-5298-471b-8f02-6870b58ba20c,53ca8461-e12a-4781-a412-c2791b9dff98,f1f6542b-4b3f-4e65-8d9a-766c8d57ad72,store,3,964.44,1.02,2025-05-31T13:51:20.986317
29d9c6e6-33d7-427e-890d-2dc48063bf87,3b8720b7-1934-40c2-a4b6-c15492ac2d17,457d9d38-588b-41ff-8c67-d7258b51a8e6,mobile,5,2082.0,7.69,2026-01-25T13:51:20.986334
ea0d54de-b64b-48d3-8069-6e4985eab9a9,ce9ec809-07f0-4c7d-bac2-93ca4b323b9d,e19c753d-318c-4edb-b565-fc406c99c72c,web,2,392.5,13.88,2025-09-01T13:51:20.986364
c4b5673f-18df-4abc-8b77-dcf2d8d189e7,d5c0759f-5701-4654-842a-fc8eae714de1,2341a1b6-ca76-4973-ad2e-4a906f9fd51d,mobile,2,235.2,13.61,2025-11-27T13:51:20.986387
e7f1ca07-e1f5-4b0e-aae2-4e7fa404af51,00e32ae3-176f-46d2-894c-5504a1bdace4,08f682e0-0949-4d7f-9c1a-36bb48342221,web,4,862.2,3.01,2025-06-25T13:51:20.986400
e716e535-c1df-406f-8ff6-d9f486dc8ab7,68fcba4b-67dc-40a5-b324-7628db4cddbb,7df8e284-e832-44a7-94ef-f17a4e5da9d6,store,2,179.38,6.32,2026-02-08T13:51:20.986413
f12cd0e5-457d-4b7f-9b78-7582f9e2a8eb,6c3db998-9cb9-4c30-9190-235dca95b547,1791a541-fe39-430b-9626-a24acd85e08e,web,1,271.72,15.74,2025-05-04T13:51:20.986428
63afc2a0-ce79-4d48-a017-883aea6d062a,ae5fe4b9-a9aa-4f59-b42b-46e5f2468402,cbf743b9-e903-4a26-825c-7bde33e1d82c,store,1,373.35,17.05,2026-03-19T13:51:20.986443
59293d53-4a76-49b1-8e0c-df70eab54ea4,de68630e-da9e-45bb-9038-1aeb89f735f1,6c37ac7c-22fb-489b-9e12-ba964446997b,web,2,887.72,6.15,2026-01-28T13:51:20.986457
a7c44bba-c62f-403a-ac29-c4ba6162bdf3,ade7f931-425a-4ac1-9ba5-fb56ea154a33,321b80eb-c6e9-42e0-a6f5-86598247acd3,mobile,5,1464.45,18.09,2025-11-05T13:51:20.986485
cdef2bea-d801-48f2-9519-86c21c65f0f3,6f391870-9416-4da1-a5a1-4a2f0be76e0e,0e9c5cdb-187a-4121-93cd-cd24adc53bc4,web,3,337.95,5.79,2025-04-20T13:51:20.986499
d73daff8-4fc5-4b3f-b460-895c55a37df0,b2f52649-2de7-4158-96f1-800ae16d25f0,17c1c99f-c424-420e-8868-5ab21bafe8e5,web,2,284.52,8.3,2026-01-28T13:51:20.986524
c5e91d53-94f1-4e6d-b2e0-370573963df5,bd3fac18-11b2-4e27-97ee-097355e2ae12,e68cd9b3-0f66-4719-b9c8-10a5e0acfc32,mobile,2,858.2,12.57,2025-07-02T13:51:20.986562
14caf6b3-ac45-4dd5-8e6f-c1be5dee12ff,e08005e5-7c2d-4d4a-b8b0-0dfdef1cc73d,a47d64f7-a098-44b9-8c64-05a8c978779f,mobile,2,611.64,18.91,2026-02-16T13:51:20.986589
e218aed6-1936-4c06-882f-0af6c9fa6a3c,4b60a00d-31c4-4bfd-b30d-a2d859396ec2,f1f6542b-4b3f-4e65-8d9a-766c8d57ad72,web,1,321.48,17.6,2026-03-26T13:51:20.986603
503bf1d9-eea5-41ad-80d8-9e745e4f1332,5ac0a3cf-2c26-41de-a57f-27a7ff60dd55,1308f602-c166-4cdc-868a-0b4938053d4d,web,4,129.76,11.72,2026-01-18T13:51:20.986616
f7b1e872-ee40-4cde-89ba-8a789a5ee3b5,e4452209-799a-467e-91ee-0fec8aec1d5b,321b80eb-c6e9-42e0-a6f5-86598247acd3,mobile,4,1171.56,3.64,2025-06-20T13:51:20.986629
2b5c8b63-e49c-4baa-a553-07e9490e81f4,980e4b8c-94c3-4334-bcf6-5106b7ec56c1,cbf743b9-e903-4a26-825c-7bde33e1d82c,mobile,4,1493.4,6.88,2025-05-07T13:51:20.986641
c63f5655-403f-4205-8168-ae65a7ed7d23,d4480b7f-44e3-442c-a15d-0691a9d44d3d,1890b36f-a137-41e5-b5ed-1d9d565c4bd0,web,3,76.68,2.7,2026-03-11T13:51:20.986654
3edf4c33-0dee-4eac-95c0-0c1969dc69da,eeba25c3-bc51-40f2-ad4f-d841787e2823,f6df0b45-6106-42d3-8c75-195d0ad4baee,mobile,2,777.58,3.94,2026-02-18T13:51:20.986667
c906e0fc-5bac-414f-931f-c0c8ad8f2423,4829a140-3157-48b9-87d5-344eb58b6325,905f2110-caca-46ad-b1fc-61c3fda110f1,web,3,145.8,7.09,2025-04-16T13:51:20.986681
32127947-ff05-45d2-a8e0-c5bd00526608,0d2f63ba-8ff2-4772-8251-bd07c040e63e,ca3df109-0f94-4c65-bb50-5e247fa97614,mobile,1,353.88,8.35,2025-06-01T13:51:20.986694
20246b48-923f-4089-af7a-286eb69cd796,b3f884c2-631e-4f50-8ebb-a704e4cd049d,321b80eb-c6e9-42e0-a6f5-86598247acd3,mobile,3,878.67,5.6,2026-01-07T13:51:20.986721
4f4ce047-8ccd-4557-ad03-95e0e25429c6,f3ab7cce-0457-400d-bf61-d02b31de7dd9,cbf743b9-e903-4a26-825c-7bde33e1d82c,web,4,1493.4,1.04,2025-11-03T13:51:20.986734
807fe131-632c-4e5a-be15-2ce86db4d0cd,124fdab2-2639-4150-91cf-625e1a170d06,053f89ae-21b6-4267-baf4-f4be573d366f,store,3,213.45,6.75,2025-08-29T13:51:20.986746
7b23f9e9-a3bc-4897-bb29-69e6dc758d0d,616ee21c-1141-485b-98f2-fdb0e48d66c0,7df8e284-e832-44a7-94ef-f17a4e5da9d6,mobile,1,89.69,0.63,2025-10-27T13:51:20.986759
03a27d0e-9c51-49de-8aa5-c53fef254f32,b7aaa865-e5ca-4a1f-8fc6-8ec0e327c3ba,79634690-8c5c-4240-8205-82b10c85c886,store,5,1616.55,7.61,2026-04-06T13:51:20.986774
4b1de625-9e4b-4d89-8b93-8c8c0bb2b3ba,d3dcaad1-9e4d-4862-b064-aa7e02b5f7a7,0e9c5cdb-187a-4121-93cd-cd24adc53bc4,web,4,450.6,13.91,2025-09-29T13:51:20.986787
3b1d367e-e46e-4ffa-9d04-4c089bf91ac0,dfd88f4a-881a-4321-818c-18b086464918,1308f602-c166-4cdc-868a-0b4938053d4d,mobile,3,97.32,17.07,2025-10-10T13:51:20.986801
0f5c2480-9d60-4b6a-8c5e-140c2f85e721,cd1b11ec-0996-4be8-8902-195674a27e17,e19c753d-318c-4edb-b565-fc406c99c72c,store,4,785.0,2.65,2025-04-18T13:51:20.986813
f3ac9452-2aa1-4d78-acd1-c8ce909cc740,032cac28-42f5-4e97-be1e-7846737d3d0c,11d7b21d-825c-442e-8c20-a64d4de4dd3c,store,5,286.9,5.63,2026-01-07T13:51:20.986827
907aea8b-179d-482e-8c41-4c9eca3857b3,1c13764a-936b-493a-8635-7e1a3faff27d,f1f6542b-4b3f-4e65-8d9a-766c8d57ad72,store,1,321.48,17.23,2025-05-09T13:51:20.986840
f0db6d2c-972b-47de-81b9-b691a941c9a2,6b392f66-a330-4f27-b492-3b50aac92199,28de6b67-c5da-4fd9-9ae6-64f199eb885d,web,1,304.98,4.86,2026-02-09T13:51:20.986853
c01ff793-ff92-4f2a-8f74-2309a25f3b03,fe8004db-ae57-4bee-a0a8-df5308934a24,321b80eb-c6e9-42e0-a6f5-86598247acd3,mobile,1,292.89,16.03,2026-01-27T13:51:20.986866
92a9bf27-24b2-439d-8206-0e1ed1cf17d9,fc1c2ec0-aa0e-4069-8b6b-9fa8c982a54c,1890b36f-a137-41e5-b5ed-1d9d565c4bd0,mobile,1,25.56,0.27,2026-04-11T13:51:20.986879
36237979-014e-43a8-9573-ed6fab39b4ac,735c5be2-ba98-4be8-ac04-410d8c7bea4d,457d9d38-588b-41ff-8c67-d7258b51a8e6,web,5,2082.0,11.66,2026-03-10T13:51:20.986892
de9af4c4-d109-4069-9621-d24f44f9397b,b664366b-7c09-4ec4-aa85-c5b623eb61f3,7df8e284-e832-44a7-94ef-f17a4e5da9d6,web,3,269.07,12.25,2025-05-10T13:51:20.986911
ae940007-94f3-47fd-90d0-dc9e87a3cf8c,f4898991-6e86-4b9c-a7fe-2cff54efe3ea,542e404c-f975-45bf-b793-249b8d15665d,web,2,214.84,1.83,2026-03-05T13:51:20.986943
39bdfdff-a653-4146-8286-b3523865a7db,67da80eb-8c00-4328-9bd2-9b409e254a97,1890b36f-a137-41e5-b5ed-1d9d565c4bd0,mobile,1,25.56,4.66,2025-09-06T13:51:20.986966
4b730305-00ed-44d2-8afe-9fc8a1a81494,03e7d570-d942-42d5-972f-7ff8aca4fe7e,1890b36f-a137-41e5-b5ed-1d9d565c4bd0,mobile,4,102.24,10.59,2025-11-02T13:51:20.986979
ccad0894-b455-4d47-b999-d94833a3e5bc,59734e6c-879e-4a68-86e6-a30c9e01f2a6,ad1fb5ee-a91c-4991-9341-e395d2beecef,mobile,4,1408.32,3.72,2025-06-10T13:51:20.987000
215da87b-b780-4761-9af2-e57b9a06611d,5b57c74e-573c-4427-abd3-d81ce726c936,69b6bb4a-cfaa-4878-91ae-e146f31c1955,mobile,4,1366.28,0.13,2026-01-11T13:51:20.987030
290dff55-8aba-4096-aabf-1c2686b11189,fe8004db-ae57-4bee-a0a8-df5308934a24,ad1fb5ee-a91c-4991-9341-e395d2beecef,mobile,3,1056.24,11.51,2026-02-01T13:51:20.987054
424ad12a-908b-4d5e-8a11-2cf1acdeda2f,486e7590-a65d-4b51-90c2-c0656ce8f42e,28de6b67-c5da-4fd9-9ae6-64f199eb885d,web,1,304.98,16.97,2026-01-09T13:51:20.987067
38a845d3-0dc1-4769-bd23-bbcd7dc20952,228052e8-635e-4302-ace6-72ead42c8602,6eae25b5-bfd1-445a-b0d8-86e5ef9604a3,mobile,2,958.04,16.72,2025-09-25T13:51:20.987079
916f39af-7073-4313-b71e-9e5e1fced0b1,b237f9d5-60b3-45de-bbeb-f64d46377e62,e68cd9b3-0f66-4719-b9c8-10a5e0acfc32,store,5,2145.5,4.37,2025-05-23T13:51:20.987093
1cba9fd8-0c17-4b0b-afbc-68b17fb13d8b,84af72e6-800a-4dd4-88b4-15fe1f894bef,6c37ac7c-22fb-489b-9e12-ba964446997b,web,2,887.72,13.1,2025-07-18T13:51:20.987109
987a5c0a-ff18-4a84-80f2-01b4e0632c6a,5f9a2f01-073f-4576-a173-61c06b068554,11d7b21d-825c-442e-8c20-a64d4de4dd3c,web,3,172.14,1.23,2026-01-23T13:51:20.987123
f406672c-f5b2-43a5-b7ff-e21fd8884694,77a1f19a-1cff-43c5-b777-99dc030e28ab,6c37ac7c-22fb-489b-9e12-ba964446997b,store,1,443.86,1.6,2025-06-02T13:51:20.987136
917ef3b2-17cc-4f8b-b1d6-5bb23393a526,cd7c00ee-783f-44f3-9c7f-80c043255ce5,f1f6542b-4b3f-4e65-8d9a-766c8d57ad72,web,1,321.48,6.37,2025-05-05T13:51:20.987150
2359ab5b-9b87-4c6b-bff5-a14e1558ad2c,80a6b929-e1f9-4b9b-b8ea-5c1b93b29273,321b80eb-c6e9-42e0-a6f5-86598247acd3,web,5,1464.45,11.38,2025-05-03T13:51:20.987163
d483ac06-582f-4a82-a171-98a781928f15,a91646c9-5f67-4156-b4d0-21a050b6575c,905f2110-caca-46ad-b1fc-61c3fda110f1,mobile,4,194.4,16.22,2025-10-14T13:51:20.987176
3c5e5161-d2a2-4113-82a5-4826e8d9b62d,43c92511-959a-4446-90c1-fe53cc07de9f,ca3df109-0f94-4c65-bb50-5e247fa97614,store,3,1061.64,10.92,2025-08-08T13:51:20.987189
77d9f4e3-9782-4700-8bf2-71ef8c9d59e4,ae5747f6-5be4-4adc-a70e-6a7af4e70c23,ad1fb5ee-a91c-4991-9341-e395d2beecef,web,2,704.16,0.85,2025-06-19T13:51:20.987202
4f61749a-ea77-4643-889d-6266863dc241,964b7af0-f945-4a93-a040-a1f71aed720f,e68cd9b3-0f66-4719-b9c8-10a5e0acfc32,store,4,1716.4,18.47,2025-08-22T13:51:20.987216
abb30bc9-bdc3-405b-bd89-3e25e684b027,a177a8f2-78cc-4b69-8423-50b9e3c5cb7e,f6df0b45-6106-42d3-8c75-195d0ad4baee,store,4,1555.16,3.05,2025-08-21T13:51:20.987230
4c9b4b9f-5954-4d3b-a8b3-67cce4b5ce8f,0aecb8b1-e5bf-4a41-88ed-1559a7e7a3a1,1308f602-c166-4cdc-868a-0b4938053d4d,web,4,129.76,15.77,2026-04-03T13:51:20.987243
235949e8-ce83-41f8-a6d7-a58d2e4c92b3,8040cbdd-63a5-4643-98aa-2a7670be6024,08f682e0-0949-4d7f-9c1a-36bb48342221,web,4,862.2,8.69,2025-10-10T13:51:20.987258
e6dfc1f0-47b4-4e85-bb78-f0de17d21e87,e4452209-799a-467e-91ee-0fec8aec1d5b,24665074-3a11-4fcf-82f7-1d50a0b2580f,web,2,763.62,4.34,2025-06-16T13:51:20.987271
63a1963f-d063-44f0-b065-2eb6fd5e8889,3cae7953-c156-471c-9a5f-92f3526f83e4,f6df0b45-6106-42d3-8c75-195d0ad4baee,store,4,1555.16,6.75,2026-01-29T13:51:20.987285
0a70a689-7de7-48a5-a749-94386f3dd4ba,3a04faf9-10f8-4f16-b97b-8dccde77a777,ca3df109-0f94-4c65-bb50-5e247fa97614,store,4,1415.52,16.6,2026-01-24T13:51:20.987298
f58afe20-88ad-48ae-a874-443f877051b2,d4dc5799-8bb8-4688-96ac-4e344d8a351b,17c1c99f-c424-420e-8868-5ab21bafe8e5,web,3,426.78,9.73,2025-12-20T13:51:20.987318
25d95e29-d4ea-401e-8c88-67d96ecb458a,739dee87-b56f-4b08-a7f9-6c85d6818fe3,ca3df109-0f94-4c65-bb50-5e247fa97614,web,4,1415.52,9.75,2025-09-05T13:51:20.987350
e11c566a-2d87-4e5d-838b-e6c3e1a174e1,9fbdd83e-1473-4d7d-88eb-05463f65126d,69b6bb4a-cfaa-4878-91ae-e146f31c1955,web,3,1024.71,19.06,2026-02-20T13:51:20.987373
e0f8b4ca-9420-44d9-86d9-21facffdd5d7,102b9f49-a914-4bb7-9fbf-cd661f9867f3,0e9c5cdb-187a-4121-93cd-cd24adc53bc4,web,5,563.25,4.7,2025-11-18T13:51:20.987387
2a94dcd5-1d40-47bd-a742-cc7d0fbb2765,0f4e0175-34a6-491e-bf85-2bbc0c78acd4,ca3df109-0f94-4c65-bb50-5e247fa97614,store,2,707.76,0.26,2025-09-14T13:51:20.987408
50fd09da-d61f-4606-a75e-3d7fb0066632,0cfd5607-d58f-4d81-9835-b178d717b015,9c0e36b8-29dc-48d8-9869-8d952c29dbdb,store,3,896.19,13.68,2025-05-28T13:51:20.987435
341eef80-bf85-4a1b-acac-11cf23279f6a,967a969f-428a-4ffe-ad7a-fb432d7496a2,28de6b67-c5da-4fd9-9ae6-64f199eb885d,mobile,5,1524.9,5.64,2026-02-08T13:51:20.987449
ccbdad19-7980-4c03-8543-2f62a996be1a,9c8a22ec-7e5f-474b-8e85-d6b34aea9e24,321b80eb-c6e9-42e0-a6f5-86598247acd3,mobile,2,585.78,19.41,2025-10-08T13:51:20.987462
8fa97e45-a012-491f-8d5b-a1f7cd0a8753,ed6a095f-27ce-4cef-91ef-c21286d7ce21,cbf743b9-e903-4a26-825c-7bde33e1d82c,store,4,1493.4,4.92,2025-10-08T13:51:20.987475
dcd0e6b4-804b-4877-ad39-249c9f4e7a42,8e2a7aa8-8e6c-4b41-9ba3-9577be455dc7,905f2110-caca-46ad-b1fc-61c3fda110f1,mobile,2,97.2,18.31,2025-11-06T13:51:20.987488
fe35b060-1d9b-4880-88ee-d302ab9a5874,370f0855-85f1-477f-8f8e-0f1980e8cfc6,0e9c5cdb-187a-4121-93cd-cd24adc53bc4,store,3,337.95,11.54,2025-07-05T13:51:20.987501
ff65ee94-eba9-41ee-9ad4-086c96c0a6a0,02e42010-f231-4ab6-bf73-8efa9d7e8f75,ad1fb5ee-a91c-4991-9341-e395d2beecef,mobile,2,704.16,11.45,2025-11-02T13:51:20.987526
3235a69c-d761-4b37-a062-27cc22df9e28,48186108-5140-477d-8d9c-59cf0f3db172,6eae25b5-bfd1-445a-b0d8-86e5ef9604a3,web,5,2395.1,16.27,2025-06-07T13:51:20.987561
137c0b5a-dbbb-455b-8d16-b019c7ff169d,5b737127-dd4b-42d2-8e51-24ce5e175dba,ca3df109-0f94-4c65-bb50-5e247fa97614,web,5,1769.4,6.27,2025-08-18T13:51:20.987585
53e58262-e1f6-422b-aecb-ad07b14be6d3,c28076f1-629d-4e62-9dae-bd317892740b,08cb9e44-2170-4369-9ab2-a47e52847e6c,mobile,4,468.48,6.43,2026-01-30T13:51:20.987601
6c8e6f45-6978-4b04-a071-60082ea6a746,a18309c4-a283-406a-9f8a-e402aa32ac66,ca3df109-0f94-4c65-bb50-5e247fa97614,mobile,4,1415.52,5.32,2025-06-11T13:51:20.987633
d2552b52-9fe3-4d31-a1dd-0aed696f2852,1730f2ee-7c94-409e-87b9-9e4384fc7de1,1308f602-c166-4cdc-868a-0b4938053d4d,mobile,2,64.88,2.86,2025-11-25T13:51:20.987662
6553e8f5-757f-42b1-b215-6e38d3a45a1a,740901b0-ea82-459c-b9c4-ebb6e59f3b9c,69b6bb4a-cfaa-4878-91ae-e146f31c1955,web,4,1366.28,12.66,2025-12-10T13:51:20.987686
2494689e-6d23-426e-99b5-cac362ccca2c,e83d5e91-42bc-417b-be08-af280ea86d5d,6c37ac7c-22fb-489b-9e12-ba964446997b,mobile,5,2219.3,2.92,2025-08-11T13:51:20.987700
23382ed6-8fef-4a49-97ab-5d155d01711c,616ee21c-1141-485b-98f2-fdb0e48d66c0,905f2110-caca-46ad-b1fc-61c3fda110f1,mobile,4,194.4,17.66,2025-11-06T13:51:20.987713
6ea18a24-0cff-405a-aa59-202138c03a26,039c9b20-dd1e-4d98-ac25-be384c76f160,ad1fb5ee-a91c-4991-9341-e395d2beecef,web,5,1760.4,5.91,2025-06-10T13:51:20.987726
89e24c89-6957-43d8-85d8-02186c11ab17,f6f84d4a-8f74-45a9-8dca-f2861185f737,ad1fb5ee-a91c-4991-9341-e395d2beecef,store,5,1760.4,4.96,2025-07-31T13:51:20.987740
ebc08111-b028-45f4-b89a-589d15d78d8c,dd438a1f-d050-4e92-8063-444c9b52b2e1,e19c753d-318c-4edb-b565-fc406c99c72c,store,1,196.25,4.08,2025-11-14T13:51:20.987753
1e76fa7e-4425-48aa-b7d5-99698755285a,b237f9d5-60b3-45de-bbeb-f64d46377e62,cbf743b9-e903-4a26-825c-7bde33e1d82c,mobile,1,373.35,15.25,2025-05-17T13:51:20.987766
470dfa8d-7a00-466c-8e11-aeacb0480179,d8a407c5-77a8-4d42-8b41-ca20287cf760,321b80eb-c6e9-42e0-a6f5-86598247acd3,store,4,1171.56,12.52,2026-01-30T13:51:20.987782
492a74d9-e604-4d84-87d2-f2c524f4a66d,4d822340-7e45-4eb3-a279-41f8e82e1084,9c0e36b8-29dc-48d8-9869-8d952c29dbdb,store,5,1493.65,2.15,2025-08-31T13:51:20.987800
cca91c33-9a08-41d4-94a1-49537a749a0c,034fb1e4-e5d9-468d-91ee-334981a4ff94,7df8e284-e832-44a7-94ef-f17a4e5da9d6,mobile,3,269.07,12.13,2026-01-04T13:51:20.987814
f99ab88a-bfbc-4a8d-8e2e-7df8fadfde4e,5bf4583e-b845-45d7-884b-2881ba288b9d,9c0e36b8-29dc-48d8-9869-8d952c29dbdb,store,5,1493.65,19.12,2026-02-09T13:51:20.987829
2f34aef5-d66a-4b6a-8b00-3a654b982b06,bb4ef3c6-a55d-4ec2-9f3e-ed8bc693d9d5,69b6bb4a-cfaa-4878-91ae-e146f31c1955,store,3,1024.71,7.38,2025-07-07T13:51:20.987842
314bfd60-34d4-49fe-9af0-a921414f5a23,c7a05006-af72-4fe4-af69-4916237acd03,1308f602-c166-4cdc-868a-0b4938053d4d,mobile,5,162.2,8.69,2026-04-02T13:51:20.987855
9b7cef87-ff10-443f-834c-554763e84cd5,a25735b8-5c51-4599-aa6b-d519ac2f083a,f6df0b45-6106-42d3-8c75-195d0ad4baee,mobile,2,777.58,16.72,2025-10-30T13:51:20.987868
6bdc4b84-215f-411b-aacc-e78661d0ea3e,0df92083-a3d8-4e5d-9db9-671c8cbb8682,a0de6626-305c-473f-946f-bec5e72fa2b2,mobile,3,1102.68,0.79,2025-06-30T13:51:20.987881
fdb448a2-01ed-47da-8809-13964d2f7153,b9495a6f-5d1f-4934-9ae7-1176dbb78c66,69b6bb4a-cfaa-4878-91ae-e146f31c1955,web,2,683.14,18.54,2025-08-04T13:51:20.987894
51fb8bd1-8d86-478c-a1c0-8a3af7802847,45aafc55-589b-4421-813b-4d61aa30747f,08f682e0-0949-4d7f-9c1a-36bb48342221,web,1,215.55,18.8,2025-07-22T13:51:20.987907
ee90c98a-4606-48e1-8a77-378c4ff601c0,a295cf72-e598-4850-963d-6023136619cc,1890b36f-a137-41e5-b5ed-1d9d565c4bd0,store,3,76.68,1.62,2025-10-15T13:51:20.987920
33761a27-eaf1-43c1-b0b5-54a130f7de12,c965e9c5-69cf-4549-9341-be2f2bdff784,d5ee97fe-7203-4277-a432-29e8207ec8be,mobile,4,210.36,1.24,2025-09-22T13:51:20.987933
3e549713-dee4-4fa0-a3e4-842641fbf78c,38881b64-3e38-4b34-bf33-d8f08e89bdb5,f6df0b45-6106-42d3-8c75-195d0ad4baee,web,2,777.58,16.29,2025-07-09T13:51:20.987946
650c8711-9a95-4ed1-a85c-cc3c0aa8d195,c8d10fb3-b0d6-4395-abbf-fd46d3f2dd82,9c0e36b8-29dc-48d8-9869-8d952c29dbdb,web,1,298.73,4.79,2025-12-03T13:51:20.987959
d5efd29e-f32c-4304-8488-859ae12b99f8,325a16f2-810b-43e0-b3fa-e2d5e3c13093,17c1c99f-c424-420e-8868-5ab21bafe8e5,mobile,1,142.26,16.86,2026-03-20T13:51:20.987972
eb56b314-6663-41d3-91e2-bfcca497a956,0ebad927-eae2-4b88-a206-9da927294c87,0e9c5cdb-187a-4121-93cd-cd24adc53bc4,web,1,112.65,15.17,2026-03-25T13:51:20.987993
2f6ab4fe-4de7-43cb-b132-8a395a59e3fe,5e641a6b-eeb5-414b-809f-987cfa2b1224,08f682e0-0949-4d7f-9c1a-36bb48342221,store,2,431.1,6.46,2025-08-02T13:51:20.988025
abf08a36-b504-46a7-91a1-a2dcce4c5ad7,228052e8-635e-4302-ace6-72ead42c8602,f6df0b45-6106-42d3-8c75-195d0ad4baee,store,1,388.79,9.84,2025-07-28T13:51:20.988039
ff20e619-fcaf-434d-bc13-5d8d4dad20ce,b1e46fa8-728f-4df2-8c6c-eada87873a60,e68cd9b3-0f66-4719-b9c8-10a5e0acfc32,web,5,2145.5,4.0,2026-03-12T13:51:20.988053
478b890e-249f-4221-b602-ab802e37ec58,bdab1d19-8ba7-4bfc-a5ad-61087bba98d6,56ad6e1f-0691-4acd-a3de-c8da072e3963,store,2,292.3,0.14,2025-06-21T13:51:20.988070
fa2bde07-61e7-406e-b179-5fac7367208d,9b88430b-2b81-4613-aaae-c095517cd2e4,1890b36f-a137-41e5-b5ed-1d9d565c4bd0,mobile,5,127.8,17.97,2025-10-09T13:51:20.988101
8168b1fd-9261-4a89-8952-c8ef017da700,2d085040-be9a-497e-812b-d0c170b17e58,f6df0b45-6106-42d3-8c75-195d0ad4baee,mobile,2,777.58,0.15,2026-01-28T13:51:20.988128
64209843-c45c-4399-b6db-0d91e42ec983,f6449f19-458b-444b-b1c6-fdab5901ee7d,a0de6626-305c-473f-946f-bec5e72fa2b2,store,3,1102.68,10.22,2025-07-05T13:51:20.988142
d3bb23ee-9b6b-4817-b303-078d20642483,d926ac6a-7059-48e3-9158-1d17c4eddd09,ad1fb5ee-a91c-4991-9341-e395d2beecef,store,5,1760.4,3.92,2025-12-05T13:51:20.988155
d95a2452-6252-4428-a248-21ec01a71cce,db4623ff-6c9c-4697-a41d-b3a861bc38bd,11d7b21d-825c-442e-8c20-a64d4de4dd3c,mobile,4,229.52,5.71,2026-02-13T13:51:20.988168
5caa2200-7620-4b01-b862-c5472e4a1838,65907001-78fd-4e76-8be5-e9a095386e1d,f1f6542b-4b3f-4e65-8d9a-766c8d57ad72,mobile,5,1607.4,10.24,2025-05-17T13:51:20.988181
c4c22e93-18eb-4a82-9c81-248843ffd132,a712e0dd-13e1-4baa-80c6-cd2b2204d7bb,56ad6e1f-0691-4acd-a3de-c8da072e3963,web,2,292.3,7.75,2026-02-17T13:51:20.988194
63459182-4816-4a57-b129-eff986cbd507,706a122a-0673-42d0-ab4d-15b133b4527f,56ad6e1f-0691-4acd-a3de-c8da072e3963,mobile,2,292.3,14.95,2025-06-28T13:51:20.988207
92053325-6a8b-4307-8b04-f31b60ac2068,2720b663-694c-4910-8683-0abccd50e8d7,56ad6e1f-0691-4acd-a3de-c8da072e3963,store,5,730.75,9.28,2025-11-11T13:51:20.988220
35b4300f-db83-4448-99c4-48381a9149e5,8d828bfe-e76a-4489-8c2c-8660db2e545a,6eae25b5-bfd1-445a-b0d8-86e5ef9604a3,web,5,2395.1,10.22,2025-12-07T13:51:20.988237
b6c9c373-e56d-4cdf-8422-a4e632d740f7,16e7deb1-5e07-4f9f-b198-5181d24733dd,79634690-8c5c-4240-8205-82b10c85c886,store,2,646.62,4.13,2026-01-13T13:51:20.988252
692a9fe9-1569-47dd-b799-45fa5321db4c,dbefa4ac-a450-4b00-adf5-b7bcf634fb24,1308f602-c166-4cdc-868a-0b4938053d4d,store,3,97.32,12.04,2025-08-24T13:51:20.988266
ae09746f-9790-42d1-86b2-c8e6b8e7dc02,2d085040-be9a-497e-812b-d0c170b17e58,ca3df109-0f94-4c65-bb50-5e247fa97614,mobile,4,1415.52,5.71,2025-07-02T13:51:20.988279
d6ddb46a-22b6-4002-b716-6211c3a761dc,268931fe-8542-4672-96bb-6177eaab9ebb,bff07f43-24a8-4d20-b9e9-6cac1ecce307,web,1,60.07,17.69,2025-06-04T13:51:20.988293
e026c11b-b909-48af-bede-bdc86d15e4a2,3f9dc824-91b5-4ab4-b84d-905a7500ef6d,cbf743b9-e903-4a26-825c-7bde33e1d82c,web,5,1866.75,18.94,2026-03-21T13:51:20.988305
e2c8c391-76f4-4483-b2f4-5a94bd88af45,a92984c0-2022-4ff4-9915-d94264c7fd2a,79634690-8c5c-4240-8205-82b10c85c886,store,3,969.93,14.57,2025-08-31T13:51:20.988318
f71ae6b5-d6dc-461c-b4ae-f9fdd64d8acc,72595032-530c-40ee-b0f0-4ba91d52b77a,9c0e36b8-29dc-48d8-9869-8d952c29dbdb,store,1,298.73,4.31,2026-03-19T13:51:20.988331
3cef5a8e-aa5c-4d52-ba6f-750d66865bd0,205c75d8-28e9-4d23-8dcb-9138a6caf086,e19c753d-318c-4edb-b565-fc406c99c72c,store,3,588.75,8.35,2026-03-08T13:51:20.988344
d642031a-2524-43b7-bccf-dbad15025285,3a04faf9-10f8-4f16-b97b-8dccde77a777,053f89ae-21b6-4267-baf4-f4be573d366f,store,1,71.15,2.84,2026-02-13T13:51:20.988357
daa9ccbe-90e4-4f72-9f6c-de887c39ccc0,893a1913-8bbc-4c49-821a-1dc2aff85261,56ad6e1f-0691-4acd-a3de-c8da072e3963,mobile,1,146.15,19.05,2025-05-25T13:51:20.988372
e1d88758-619d-476a-8dda-332f03cf90b3,5ea34c47-e02d-45ce-bbe2-3ae31540f714,cbf743b9-e903-4a26-825c-7bde33e1d82c,web,4,1493.4,2.25,2026-01-16T13:51:20.988390
49483741-90c8-48a0-9eb3-73af97079081,9c8a22ec-7e5f-474b-8e85-d6b34aea9e24,bff07f43-24a8-4d20-b9e9-6cac1ecce307,mobile,4,240.28,11.15,2025-06-23T13:51:20.988420
f5b49f97-c110-4d2f-a958-9a669493f1f4,dfd88f4a-881a-4321-818c-18b086464918,cbf743b9-e903-4a26-825c-7bde33e1d82c,web,5,1866.75,14.63,2025-08-13T13:51:20.988441
446ea54f-93a2-4876-9d8d-e640cb4d3dc7,c852846f-39ad-4f90-a373-f27b686cbd6b,56ad6e1f-0691-4acd-a3de-c8da072e3963,mobile,1,146.15,7.55,2025-09-24T13:51:20.988454
ff831ad3-7e3e-4ce4-a8e4-272f5ac97085,64fd2fb3-4de5-4dec-b89a-7ad24fb60fbf,ca3df109-0f94-4c65-bb50-5e247fa97614,store,4,1415.52,3.5,2025-08-20T13:51:20.988470
4d1efd22-6dae-4ec1-a486-ccfc9221f37e,ce2cc2b4-d6d0-413b-9a29-38c333953cb9,2341a1b6-ca76-4973-ad2e-4a906f9fd51d,web,1,117.6,19.19,2025-05-14T13:51:20.988501
ac351b33-bb66-463c-8ad8-119f125a4870,cfe0b1a7-cd03-4d1e-93b0-3bbdd16f6a23,a47d64f7-a098-44b9-8c64-05a8c978779f,web,3,917.46,16.04,2025-08-13T13:51:20.988543
1aed52b7-0f86-48bd-ac38-7e86495ff509,d010c452-9bd9-44e7-b595-21b37cd41c07,a47d64f7-a098-44b9-8c64-05a8c978779f,mobile,2,611.64,8.96,2025-12-16T13:51:20.988568
9e770e5f-f27d-4400-b651-ade364c7e75f,448a6e6d-f8d5-4ebc-bf46-f25be1b499c3,944989d7-0474-4130-959f-c793bf62259e,mobile,5,596.8,19.04,2025-09-05T13:51:20.988586
5f29b82c-13af-4d6c-b4a9-31d53f15856a,358a9a69-4053-46f2-a165-b9bfb7aef8e6,6eae25b5-bfd1-445a-b0d8-86e5ef9604a3,store,1,479.02,1.77,2025-11-20T13:51:20.988615
58063cc9-b8e6-445e-bbd0-8e70e39cca3b,6951a992-1ef4-4e7f-af9b-4a2989cadc35,7df8e284-e832-44a7-94ef-f17a4e5da9d6,web,4,358.76,7.47,2025-07-11T13:51:20.988644
d6fec7b6-43e9-4be7-9035-59caacc49718,26f752ae-cb28-42e6-8109-575dcebe96fb,321b80eb-c6e9-42e0-a6f5-86598247acd3,web,5,1464.45,6.41,2025-07-13T13:51:20.988658
759b6e17-c927-4763-bdbd-a8c7ea6f24d3,a8448f61-5b18-4c98-82b9-083ed705ce61,6c37ac7c-22fb-489b-9e12-ba964446997b,mobile,4,1775.44,8.04,2026-01-16T13:51:20.988677
e535f048-9646-4f1a-a6ab-c78c0f2d241b,8dffa9f2-549a-4fcc-bc8a-89381a4325e6,6c37ac7c-22fb-489b-9e12-ba964446997b,mobile,3,1331.58,15.03,2026-01-30T13:51:20.988710
b9eb6add-fa21-4908-a46d-29d3d8ee53dc,17b5440a-a8df-4fd5-997a-0921ee427014,168e2ef5-ab86-444e-ad38-6cbe82465e6a,store,4,360.24,1.73,2025-10-13T13:51:20.988742
7be2f1c1-6fe6-4dd9-8bf8-9a52c578fa92,caf9ba8e-9dd9-4b84-8f45-aaf06185a794,542e404c-f975-45bf-b793-249b8d15665d,mobile,3,322.26,9.33,2025-10-14T13:51:20.988772
6ab73ca7-41d6-47c4-b510-913da72bc645,f4c7a126-7279-4bb5-95c4-573c4e1d70c9,168e2ef5-ab86-444e-ad38-6cbe82465e6a,store,2,180.12,10.13,2026-03-25T13:51:20.988804
02c490b2-63f9-4073-8f59-236683513a6e,6ca7f72e-570e-4750-8520-e4fb1d8434d1,08f682e0-0949-4d7f-9c1a-36bb48342221,mobile,5,1077.75,12.65,2025-10-23T13:51:20.988835
f199e940-9b3a-4717-8549-98856dc34298,ae5747f6-5be4-4adc-a70e-6a7af4e70c23,9c0e36b8-29dc-48d8-9869-8d952c29dbdb,web,5,1493.65,16.49,2026-02-03T13:51:20.988870
778461c9-f1bd-437f-98b8-c2fbdf37b1a7,643e9ab7-7f06-4631-b966-7cdf4dff8ad3,1890b36f-a137-41e5-b5ed-1d9d565c4bd0,mobile,4,102.24,10.88,2026-02-17T13:51:20.988900
51168db3-a49e-44e4-8b1e-15ad77a32a53,f3ab7cce-0457-400d-bf61-d02b31de7dd9,08cb9e44-2170-4369-9ab2-a47e52847e6c,store,5,585.6,18.69,2026-04-13T13:51:20.988931
a896885b-6d8d-48f5-9546-c47d5326c983,9fbdd83e-1473-4d7d-88eb-05463f65126d,9c0e36b8-29dc-48d8-9869-8d952c29dbdb,mobile,2,597.46,15.75,2025-04-30T13:51:20.988964
1688f0c8-f9d7-4de7-adb7-c68a4e618b4e,358a9a69-4053-46f2-a165-b9bfb7aef8e6,28de6b67-c5da-4fd9-9ae6-64f199eb885d,mobile,3,914.94,18.74,2025-10-06T13:51:20.989001
23e4054a-6a7a-4014-9e91-5b9600cc6d41,be029ce5-cd24-42ad-8779-03ff5f9f714b,f6df0b45-6106-42d3-8c75-195d0ad4baee,store,2,777.58,15.0,2025-06-24T13:51:20.989034
a66708ee-829c-4056-ad94-388c94db4672,c67dbd8e-a7b0-4c75-9187-a42663b4bdf6,08cb9e44-2170-4369-9ab2-a47e52847e6c,mobile,2,234.24,9.07,2025-05-23T13:51:20.989071
86fd3894-8274-4326-a811-cfe186e164b7,5e1fa70f-19c4-4eff-8b14-2c1bc4836ad4,ad1fb5ee-a91c-4991-9341-e395d2beecef,web,1,352.08,9.9,2025-07-31T13:51:20.989101
b0969b6a-2afa-4b77-b453-e4f9c0f4edf1,a52635f8-5d4b-4e50-89d7-7c68f3c83db7,d5ee97fe-7203-4277-a432-29e8207ec8be,store,3,157.77,6.06,2025-12-13T13:51:20.989132
a9370d4d-cc3e-4c82-9bb0-d3ee32e1529c,94d0b5a3-a86a-4abe-816b-c62b05ebe72f,168e2ef5-ab86-444e-ad38-6cbe82465e6a,web,1,90.06,0.32,2026-01-08T13:51:20.989163
ac4ba06b-a4f3-4434-9871-5f8770f17db4,b237f9d5-60b3-45de-bbeb-f64d46377e62,28de6b67-c5da-4fd9-9ae6-64f199eb885d,mobile,2,609.96,1.43,2026-01-10T13:51:20.989193
073cdfda-b9c5-43f4-8756-4ca7737d828a,caf9ba8e-9dd9-4b84-8f45-aaf06185a794,f1f6542b-4b3f-4e65-8d9a-766c8d57ad72,store,1,321.48,13.23,2025-09-11T13:51:20.989223
7f534ce2-721c-48cf-9ca5-b2822490d50a,540330b2-5f16-49dc-872a-7e8b69278d22,053f89ae-21b6-4267-baf4-f4be573d366f,store,3,213.45,4.17,2025-09-29T13:51:20.989249
5ad52799-3917-48ac-97eb-84c04781d665,967a969f-428a-4ffe-ad7a-fb432d7496a2,0e9c5cdb-187a-4121-93cd-cd24adc53bc4,web,5,563.25,13.58,2025-06-16T13:51:20.989263
906c4dbd-a946-46f9-a871-6288c25ce8a1,53e0275c-fc42-4900-a0ea-d5048e14d832,ca3df109-0f94-4c65-bb50-5e247fa97614,web,3,1061.64,5.12,2025-10-18T13:51:20.989277
35b2c1dc-dd9e-48a0-9b6a-684cd5f061b3,5ac0a3cf-2c26-41de-a57f-27a7ff60dd55,1308f602-c166-4cdc-868a-0b4938053d4d,store,5,162.2,13.77,2026-02-24T13:51:20.989290
99b422d4-c09a-4103-8811-a48e7144e09e,d0bf5589-ddd1-482b-a8f0-a1a1f51950c4,6c37ac7c-22fb-489b-9e12-ba964446997b,store,4,1775.44,0.77,2026-04-02T13:51:20.989303
9dae4cd5-53c6-41f8-8973-e1605572c250,7854426f-3ba2-4c07-8849-e06fc12c1b12,1890b36f-a137-41e5-b5ed-1d9d565c4bd0,mobile,4,102.24,1.84,2025-12-07T13:51:20.989317
e9d65c01-72fe-4b50-8d2c-8b217d5f2043,8757f80d-81ed-4e4f-a7d0-dd997cfdac05,08cb9e44-2170-4369-9ab2-a47e52847e6c,mobile,4,468.48,6.75,2025-10-03T13:51:20.989329
4fb00f1c-e604-45e0-84ed-51a3272dfc38,302fe327-d775-409b-8012-a97df34b403d,0e9c5cdb-187a-4121-93cd-cd24adc53bc4,store,1,112.65,11.05,2025-11-01T13:51:20.989343
dddb4805-a4df-442f-a671-e3d72c85643c,9b66b8f5-ba94-4ffa-9d5d-1385fe996de7,f1f6542b-4b3f-4e65-8d9a-766c8d57ad72,store,2,642.96,1.9,2025-06-05T13:51:20.989361
9d092d73-5861-44dc-8c90-2264a9d19537,6b9384d5-4658-499e-aa0e-261e25506abf,542e404c-f975-45bf-b793-249b8d15665d,web,5,537.1,18.71,2025-05-05T13:51:20.989385
75ad32f0-44a7-4a98-8727-4040d3cfa288,8c0729b0-bedb-4edf-a078-95151b63f71e,d5ee97fe-7203-4277-a432-29e8207ec8be,store,5,262.95,5.49,2026-01-13T13:51:20.989407
eb457451-587f-4ac1-abd2-67bd64298d0d,cfa50b22-dd88-4144-a163-40e5f68f236a,1308f602-c166-4cdc-868a-0b4938053d4d,mobile,5,162.2,0.97,2025-05-16T13:51:20.989420
2787c56d-0fc4-440b-86aa-6ad1432ff2b8,f45b6dd0-1af6-4a35-8377-7ab4e1b51575,28de6b67-c5da-4fd9-9ae6-64f199eb885d,web,5,1524.9,18.05,2025-08-07T13:51:20.989433
a17efc1e-42c3-48a2-ae88-19d1ebf0f096,89d1cd9f-53a3-4cb9-8d4c-783ca398d230,9c0e36b8-29dc-48d8-9869-8d952c29dbdb,mobile,1,298.73,6.63,2025-11-18T13:51:20.989446
007c4706-7418-4faa-ace8-d96b5e0feee7,e20398c7-b82b-42e3-9336-71ccbdfea714,08f682e0-0949-4d7f-9c1a-36bb48342221,store,1,215.55,9.72,2026-01-04T13:51:20.989460
e098356a-6fd9-4141-9a6b-a0639ef8ebeb,dfd52764-d937-4a04-bde4-5a02eae154af,1308f602-c166-4cdc-868a-0b4938053d4d,web,2,64.88,6.05,2025-10-05T13:51:20.989482
736fb04f-a346-4f7e-8d3e-15668a9d78b6,71ed938f-c557-407e-b2c5-6db5e002ec6c,457d9d38-588b-41ff-8c67-d7258b51a8e6,web,5,2082.0,14.28,2025-08-06T13:51:20.989509
59722d0a-470a-42a6-b1dd-a4774fe81378,735c5be2-ba98-4be8-ac04-410d8c7bea4d,28de6b67-c5da-4fd9-9ae6-64f199eb885d,web,1,304.98,2.64,2026-01-21T13:51:20.989553
0ac00508-1a00-4b9f-a44b-922718e72139,dbefa4ac-a450-4b00-adf5-b7bcf634fb24,2341a1b6-ca76-4973-ad2e-4a906f9fd51d,store,1,117.6,7.33,2025-09-03T13:51:20.989588
efaa62a9-0314-40f2-81c7-bda82a9fd9a0,80bb3786-c8a8-42d8-9893-287ac213c975,e19c753d-318c-4edb-b565-fc406c99c72c,mobile,1,196.25,17.95,2025-04-18T13:51:20.989602
911051a5-50c2-477a-8225-69f34aa2c2c6,6951a992-1ef4-4e7f-af9b-4a2989cadc35,168e2ef5-ab86-444e-ad38-6cbe82465e6a,store,1,90.06,0.67,2025-09-13T13:51:20.989618
5271ac45-3388-4047-a569-44c5336907b6,6301e89f-3cc4-42a0-8a28-abe0a1c9dfcf,17c1c99f-c424-420e-8868-5ab21bafe8e5,web,4,569.04,1.74,2026-03-12T13:51:20.989632
f453defe-f3ff-4559-9a66-d9185ab7ffd7,c1fdb530-3f98-4f58-aebf-d3d9e2463e57,6c37ac7c-22fb-489b-9e12-ba964446997b,mobile,4,1775.44,18.39,2025-09-22T13:51:20.989645
3dae57c9-ae8e-452e-aaf9-f9078f23a894,57e6db98-be89-47c5-87f3-a3ff20643236,542e404c-f975-45bf-b793-249b8d15665d,web,1,107.42,1.73,2026-04-03T13:51:20.989658
096683b2-35f9-426a-a918-3670c99ea7e6,637c0f84-207d-48a7-a962-320e19bc238f,ad1fb5ee-a91c-4991-9341-e395d2beecef,mobile,4,1408.32,7.47,2025-05-13T13:51:20.989671
e1329305-f6b4-4ed2-a086-1861830a80a6,3446f091-304c-48ee-8228-02b3d1c875dc,0e9c5cdb-187a-4121-93cd-cd24adc53bc4,web,1,112.65,11.64,2025-05-14T13:51:20.989685
1cb128f0-49d6-4d38-8441-6adc5e632671,26073014-9b38-40c7-bdc5-0108e886fb39,17c1c99f-c424-420e-8868-5ab21bafe8e5,web,1,142.26,2.95,2025-12-18T13:51:20.989698
d304e533-bd3a-4e98-8bb9-3e73dd1b04df,ef8225e3-4aeb-459c-8242-fae62541926d,f6df0b45-6106-42d3-8c75-195d0ad4baee,web,1,388.79,10.2,2025-10-07T13:51:20.989714
5e51c1a9-8706-4535-b4fa-d59819a90df0,ce2cc2b4-d6d0-413b-9a29-38c333953cb9,28de6b67-c5da-4fd9-9ae6-64f199eb885d,store,5,1524.9,11.71,2025-05-10T13:51:20.989727
41f5c5f1-116a-4d58-9263-459168055320,edc763b9-98ed-4423-9fa2-d0b98da2d055,053f89ae-21b6-4267-baf4-f4be573d366f,web,2,142.3,17.21,2025-11-03T13:51:20.989740
101d9f9e-b1ac-4cf0-8ce6-a23c1b87b97a,efea988a-5ab4-4061-a010-1c03b054328b,56ad6e1f-0691-4acd-a3de-c8da072e3963,store,2,292.3,9.57,2025-05-11T13:51:20.989758
b7c278e4-2b87-46eb-a6f2-71d543c3d711,b99c3e55-f199-4dc5-b146-d6358e2b84b5,08cb9e44-2170-4369-9ab2-a47e52847e6c,mobile,2,234.24,12.67,2025-09-29T13:51:20.989789
751e9def-d7df-4842-bf02-4a522aef25a3,c69c213c-78e1-4bab-9a52-334bd420ad6d,d5ee97fe-7203-4277-a432-29e8207ec8be,web,2,105.18,17.16,2025-05-09T13:51:20.989810
24820f1b-6438-474c-81fb-618f3aaeb8b6,ed724f87-0665-460b-a58e-8e84c942f5a5,d5ee97fe-7203-4277-a432-29e8207ec8be,web,4,210.36,11.32,2025-07-27T13:51:20.989823
ce6c43c8-f35a-42dc-b136-05db706b8b69,fd6dddea-61e9-40b1-9ccc-6fa3d1499f25,e68cd9b3-0f66-4719-b9c8-10a5e0acfc32,store,3,1287.3,8.13,2025-12-21T13:51:20.989837
7cdc2586-da0b-43f6-b27e-832798617a0e,f4c7a126-7279-4bb5-95c4-573c4e1d70c9,e19c753d-318c-4edb-b565-fc406c99c72c,store,1,196.25,0.55,2025-11-02T13:51:20.989854
993e215c-0434-4957-9f4c-b2fc14a21444,d47e0aed-9987-4dbc-8089-1f6faacdaacf,321b80eb-c6e9-42e0-a6f5-86598247acd3,mobile,4,1171.56,16.73,2025-08-28T13:51:20.989868
42d8c39b-f475-4e28-ae56-207eb7e93025,0ebad927-eae2-4b88-a206-9da927294c87,542e404c-f975-45bf-b793-249b8d15665d,mobile,4,429.68,17.77,2025-06-05T13:51:20.989881
eb760a20-add3-4c51-aa31-981864189834,325a16f2-810b-43e0-b3fa-e2d5e3c13093,9c0e36b8-29dc-48d8-9869-8d952c29dbdb,mobile,2,597.46,5.75,2025-06-13T13:51:20.989898
87eb5a8f-1ea9-4b66-ae26-a2c40a0df936,72383042-728e-4d20-b0bc-201a92009198,d5ee97fe-7203-4277-a432-29e8207ec8be,web,4,210.36,8.35,2025-06-12T13:51:20.989928
66c2f00a-de36-41d7-b495-4832aa5ad826,56753df8-73b2-4c85-bad5-0476a1357785,1890b36f-a137-41e5-b5ed-1d9d565c4bd0,web,2,51.12,7.39,2025-05-22T13:51:20.989951
a98513fe-04f2-428a-9485-d6e2fb30a306,4bc84d88-5090-4d9a-b9f2-9f3db59d8a27,a47d64f7-a098-44b9-8c64-05a8c978779f,store,4,1223.28,6.07,2025-05-18T13:51:20.989964
90d2bb4b-51f9-41b7-8da4-8dfa2415f401,2bf20add-b53d-4ece-be51-331ebb53ad0c,905f2110-caca-46ad-b1fc-61c3fda110f1,mobile,3,145.8,9.76,2025-08-18T13:51:20.989977
735a251a-f862-4086-b117-5315dba27117,228052e8-635e-4302-ace6-72ead42c8602,17c1c99f-c424-420e-8868-5ab21bafe8e5,mobile,5,711.3,15.72,2025-06-13T13:51:20.989991
b8be29ed-3de9-421e-be08-af2f562072f4,f81bcfa1-39d2-47e8-8236-8071706a6271,0e9c5cdb-187a-4121-93cd-cd24adc53bc4,mobile,3,337.95,9.79,2026-02-28T13:51:20.990017
fc0ee580-c464-49b1-991f-2c1dcfa0d506,c965e9c5-69cf-4549-9341-be2f2bdff784,168e2ef5-ab86-444e-ad38-6cbe82465e6a,mobile,5,450.3,1.26,2025-06-04T13:51:20.990031
d0111446-5808-48bf-9da3-aa5737a426ef,71dd238d-4040-4247-9b73-eff211153a97,a47d64f7-a098-44b9-8c64-05a8c978779f,mobile,3,917.46,10.27,2025-11-19T13:51:20.990047
0c85af3d-fb18-4824-b278-d891c0b7599d,de68630e-da9e-45bb-9038-1aeb89f735f1,905f2110-caca-46ad-b1fc-61c3fda110f1,web,2,97.2,6.97,2025-06-30T13:51:20.990063
d594c037-dbe3-4e3d-af48-37c89b880360,ac9e9fa2-9a9f-4abb-bf77-bce10aeed1be,ad1fb5ee-a91c-4991-9341-e395d2beecef,mobile,3,1056.24,8.23,2025-07-24T13:51:20.990081
2fd0ea58-29a0-4ae6-bd1f-9be6d248835b,0560a543-8369-4fc5-a080-3704ce1ea87d,e19c753d-318c-4edb-b565-fc406c99c72c,web,2,392.5,16.04,2025-06-06T13:51:20.990094
5ebd04c4-f954-4821-ae1b-4c3caed9bd77,c67dbd8e-a7b0-4c75-9187-a42663b4bdf6,a0de6626-305c-473f-946f-bec5e72fa2b2,mobile,2,735.12,7.23,2025-04-29T13:51:20.990108
894fab6b-3a3f-44bd-b5b1-6dcd67e5416e,c69c213c-78e1-4bab-9a52-334bd420ad6d,17c1c99f-c424-420e-8868-5ab21bafe8e5,store,3,426.78,11.63,2026-01-01T13:51:20.990121
7e0ac583-f9ec-4023-a183-d3e231830500,d8485234-37db-4394-ae90-cbf6891d00c3,28de6b67-c5da-4fd9-9ae6-64f199eb885d,web,3,914.94,4.11,2025-05-24T13:51:20.990138
76c6b1bb-8cf0-4eba-8c25-7f7a67a28196,3226488b-4d5b-4e5c-b1a2-eb3197174b97,457d9d38-588b-41ff-8c67-d7258b51a8e6,store,2,832.8,7.5,2025-05-19T13:51:20.990161
e6be699c-638b-4528-93ca-2c164ede4c97,6b1fe901-5849-41af-9f5a-20e3dd30b27e,0e9c5cdb-187a-4121-93cd-cd24adc53bc4,store,3,337.95,10.75,2025-06-29T13:51:20.990189
3a66506c-e3aa-4ba4-95b8-fede41b1ff40,ed724f87-0665-460b-a58e-8e84c942f5a5,11d7b21d-825c-442e-8c20-a64d4de4dd3c,store,5,286.9,2.49,2026-03-10T13:51:20.990202
0f3dce5f-1ee2-4b34-ac11-dfcec8134372,dd438a1f-d050-4e92-8063-444c9b52b2e1,17c1c99f-c424-420e-8868-5ab21bafe8e5,web,4,569.04,3.78,2026-04-14T13:51:20.990221
a0bc8e3c-d584-4d9e-978a-95abb20c9add,aa2d2b25-ba43-40c2-9f6d-c4ba45a3fb67,11d7b21d-825c-442e-8c20-a64d4de4dd3c,mobile,4,229.52,11.67,2025-08-26T13:51:20.990251
4352c7e1-46be-4b73-819f-c2dd55ffb995,70928f45-8f59-44f3-973d-95a5d8e1a0c7,bdea1b76-1208-4a2f-b2e1-1aa8a5626500,web,5,1542.3,5.31,2025-09-12T13:51:20.990274
15b22081-b952-4f31-94b3-80949c845e4d,5a07bc88-ff0b-4476-965f-f4c8d2922d97,ca3df109-0f94-4c65-bb50-5e247fa97614,store,5,1769.4,8.74,2026-02-19T13:51:20.990305
94742343-148d-407f-8efc-ba917f97ab41,de68630e-da9e-45bb-9038-1aeb89f735f1,28de6b67-c5da-4fd9-9ae6-64f199eb885d,web,2,609.96,7.23,2026-01-13T13:51:20.990318
1d9ffe6f-c563-4d2c-a69c-efcc08e0574e,efea988a-5ab4-4061-a010-1c03b054328b,69b6bb4a-cfaa-4878-91ae-e146f31c1955,store,1,341.57,2.15,2026-03-11T13:51:20.990334
6fe4e403-c2e9-407a-9ab0-da3400b51866,2bf20add-b53d-4ece-be51-331ebb53ad0c,a47d64f7-a098-44b9-8c64-05a8c978779f,mobile,2,611.64,13.73,2026-02-25T13:51:20.990347
20118f18-c9bd-45f6-a3b4-b8f26d0bed1c,37719c60-2dce-4f9d-ac9f-4aa5da5bbcd8,944989d7-0474-4130-959f-c793bf62259e,web,5,596.8,2.23,2026-03-16T13:51:20.990360
956b5c0e-6a76-4efe-bf44-b243a88861f5,02653886-b18f-49d1-befb-1360de21e764,a47d64f7-a098-44b9-8c64-05a8c978779f,web,3,917.46,4.61,2025-09-07T13:51:20.990373
0b7025e0-e20e-412a-b953-738f3f99a36a,df32bb53-ea9a-4e24-b274-c603380b93de,2341a1b6-ca76-4973-ad2e-4a906f9fd51d,store,3,352.8,16.82,2025-07-07T13:51:20.990387
5fac7b1d-a71d-429e-94cb-0d35229f562f,85614ccc-0949-4a03-a33a-38b2340aaca1,cbf743b9-e903-4a26-825c-7bde33e1d82c,store,5,1866.75,15.25,2025-06-20T13:51:20.990402
9ea24cfa-3452-4caf-a3fe-bf6c28e12a47,32528c9b-b758-4757-b73f-1f5e974a7789,1308f602-c166-4cdc-868a-0b4938053d4d,mobile,2,64.88,0.35,2025-07-12T13:51:20.990416
0dd2b637-f634-4e73-89f6-f7a76248d3a4,7ccb849f-e106-4134-8160-f987f717c7de,1890b36f-a137-41e5-b5ed-1d9d565c4bd0,store,5,127.8,16.19,2025-06-05T13:51:20.990429
764301c8-8000-49fa-8e80-d3c694d65e0d,bb4ef3c6-a55d-4ec2-9f3e-ed8bc693d9d5,08cb9e44-2170-4369-9ab2-a47e52847e6c,web,2,234.24,4.84,2025-09-19T13:51:20.990441
009decd0-e752-4fc4-9e7d-0227afd6c32f,cf767ff6-17c9-4be0-a435-939dd95f7f2b,9c0e36b8-29dc-48d8-9869-8d952c29dbdb,store,2,597.46,2.15,2025-12-24T13:51:20.990455
f5f7ebeb-dfd3-4a58-9e2e-2936e8c7d2a4,124fdab2-2639-4150-91cf-625e1a170d06,053f89ae-21b6-4267-baf4-f4be573d366f,mobile,4,284.6,16.99,2025-06-23T13:51:20.990468
2c55d115-5c3d-49bf-95dd-d3bb17ba1380,6f391870-9416-4da1-a5a1-4a2f0be76e0e,56ad6e1f-0691-4acd-a3de-c8da072e3963,web,2,292.3,8.17,2026-02-23T13:51:20.990481
72c4aa36-0862-4e47-a32c-ef6f68fdeccd,8c0729b0-bedb-4edf-a078-95151b63f71e,f1f6542b-4b3f-4e65-8d9a-766c8d57ad72,mobile,2,642.96,15.01,2025-10-01T13:51:20.990494
2b1a2d3a-429f-427e-9c3f-cc97ab2e9212,3a04faf9-10f8-4f16-b97b-8dccde77a777,168e2ef5-ab86-444e-ad38-6cbe82465e6a,mobile,3,270.18,9.83,2025-12-31T13:51:20.990508
16bc24c6-41cc-4019-8062-64a9efbb40b7,3226488b-4d5b-4e5c-b1a2-eb3197174b97,1791a541-fe39-430b-9626-a24acd85e08e,web,3,815.16,9.98,2025-11-02T13:51:20.990540
a5a1d83e-4419-4f1e-b66a-b518d33c807d,ba0f0624-b1c9-4f49-9041-fd7c7b1028a5,1308f602-c166-4cdc-868a-0b4938053d4d,web,4,129.76,7.46,2025-06-09T13:51:20.990568
248220c9-6d78-4c63-b94a-5ec4c604aa22,9b66b8f5-ba94-4ffa-9d5d-1385fe996de7,d5ee97fe-7203-4277-a432-29e8207ec8be,mobile,5,262.95,7.55,2025-04-23T13:51:20.990581
b2e3c8c9-1f3b-4a68-b2ce-71f41917d1d7,706c92b2-4312-41a5-af08-065360ef288d,f6df0b45-6106-42d3-8c75-195d0ad4baee,store,2,777.58,7.07,2025-12-25T13:51:20.990594
e7c8c2e8-c25a-4134-99b2-b1afdfa880d1,034fb1e4-e5d9-468d-91ee-334981a4ff94,bff07f43-24a8-4d20-b9e9-6cac1ecce307,store,3,180.21,12.01,2025-12-18T13:51:20.990608
38ab3caf-8b8a-4775-b9bf-aa9cd9899c52,62333fd8-0787-4f08-8f24-0bd988d5394f,cbf743b9-e903-4a26-825c-7bde33e1d82c,mobile,5,1866.75,13.95,2025-12-12T13:51:20.990629
7fa044d5-37d1-4785-bd4f-8844117f72ea,d27db049-06bb-49d0-9384-1d005fc4197d,cbf743b9-e903-4a26-825c-7bde33e1d82c,store,4,1493.4,7.19,2025-06-27T13:51:20.990655
37cec635-0f40-4ef5-acb6-be82a2f43884,a5469fbf-9ff0-42b2-a794-2a287bbc17b1,ca3df109-0f94-4c65-bb50-5e247fa97614,store,4,1415.52,1.79,2025-08-30T13:51:20.990669
4a606bd4-abec-4e55-900c-6111d32a0309,3353b7da-6f12-42f1-9424-fbde65b4b5f8,6c37ac7c-22fb-489b-9e12-ba964446997b,store,2,887.72,18.23,2025-11-29T13:51:20.990683
d37ce398-912b-4c24-b47c-45af6283361a,8731ca65-1e1e-4850-a464-1901c9b19bd4,0e9c5cdb-187a-4121-93cd-cd24adc53bc4,web,2,225.3,17.07,2026-01-19T13:51:20.990697
e374a179-96a3-48aa-acc8-1bd28daf87b9,325a16f2-810b-43e0-b3fa-e2d5e3c13093,1791a541-fe39-430b-9626-a24acd85e08e,web,5,1358.6,16.92,2025-07-18T13:51:20.990710
32566258-f230-4d82-934b-4b42d0d40a81,8040cbdd-63a5-4643-98aa-2a7670be6024,321b80eb-c6e9-42e0-a6f5-86598247acd3,web,1,292.89,14.14,2025-12-19T13:51:20.990729
499eb3aa-4543-49c2-becd-a2404eb18430,d926ac6a-7059-48e3-9158-1d17c4eddd09,1890b36f-a137-41e5-b5ed-1d9d565c4bd0,mobile,5,127.8,1.0,2025-04-24T13:51:20.990751
c34201e4-33af-46d5-a427-32ef5a365196,d8a407c5-77a8-4d42-8b41-ca20287cf760,1791a541-fe39-430b-9626-a24acd85e08e,web,3,815.16,5.86,2025-08-27T13:51:20.990765
2ef1f975-e157-4e3a-b5e9-c0c4d01d64ea,9a58294d-b1d7-464a-a310-45a0eccb0b17,e19c753d-318c-4edb-b565-fc406c99c72c,web,3,588.75,8.19,2026-01-10T13:51:20.990778
6e728657-b458-4e08-9e65-fa3c710702da,79fc4812-26d3-4ade-93fb-8c817b2fb15b,1791a541-fe39-430b-9626-a24acd85e08e,web,1,271.72,12.42,2025-12-18T13:51:20.990792
42d57b05-933f-4431-9c2a-1a54156bb531,51b8c361-d3b7-4bfc-a0c5-c15b2fc0a697,24665074-3a11-4fcf-82f7-1d50a0b2580f,store,3,1145.43,18.84,2025-07-09T13:51:20.990805
ff247ee2-92d8-412f-a274-cbd89489ebaa,6b392f66-a330-4f27-b492-3b50aac92199,9c0e36b8-29dc-48d8-9869-8d952c29dbdb,web,2,597.46,12.05,2026-04-07T13:51:20.990819
62a58d22-db2c-4361-8656-aadc72d4316c,ccc80586-f348-4f03-85eb-7da4adedccb4,d5ee97fe-7203-4277-a432-29e8207ec8be,web,1,52.59,10.68,2025-11-29T13:51:20.990835
787cca56-3b65-48e4-8142-a9524a4405dd,fc1c2ec0-aa0e-4069-8b6b-9fa8c982a54c,7df8e284-e832-44a7-94ef-f17a4e5da9d6,mobile,5,448.45,3.58,2025-10-09T13:51:20.990865
f493f020-38f8-451e-9b99-6485a29d9086,934582b4-4335-41ae-8710-77f29f6f6c81,24665074-3a11-4fcf-82f7-1d50a0b2580f,store,2,763.62,17.11,2026-04-11T13:51:20.990888
fb994439-5600-4ac7-a0fd-3af0b6f16f12,e1269dc6-362b-4eb3-bbfd-898d81402a48,a47d64f7-a098-44b9-8c64-05a8c978779f,mobile,5,1529.1,10.09,2026-04-05T13:51:20.990901
0afb1325-8c84-4abe-9f7d-996e61eaf34b,3e180188-758e-4f82-bfe5-3ce6dbd03f62,f6df0b45-6106-42d3-8c75-195d0ad4baee,web,2,777.58,9.38,2026-01-20T13:51:20.990915
ab5e20a6-304d-4de2-bbd3-e50853acfeaa,a177a8f2-78cc-4b69-8423-50b9e3c5cb7e,542e404c-f975-45bf-b793-249b8d15665d,store,2,214.84,11.48,2025-06-08T13:51:20.990927
a3ece464-e1a2-40f9-a6ff-2a1732d0fb47,ece47cd8-cb49-4524-9386-ce6691914b6e,7df8e284-e832-44a7-94ef-f17a4e5da9d6,web,2,179.38,14.2,2025-08-26T13:51:20.990941
b69aa164-3ced-4767-b3d0-07466ae8f957,63c5d37e-dcd5-4139-8a69-7e16620a0f45,bff07f43-24a8-4d20-b9e9-6cac1ecce307,mobile,2,120.14,15.09,2025-05-23T13:51:20.990953
484b94ed-157b-4f89-818c-ccd088701cfb,13827467-0bd2-4e34-876c-8bb8ec7a0c88,1308f602-c166-4cdc-868a-0b4938053d4d,store,2,64.88,9.22,2026-04-15T13:51:20.990966
4099e78b-c7d8-404a-83aa-ea2aaa2ced1c,0d2f63ba-8ff2-4772-8251-bd07c040e63e,ca3df109-0f94-4c65-bb50-5e247fa97614,mobile,4,1415.52,14.52,2025-07-08T13:51:20.990980
088c0f5e-34e5-46b2-bb55-6ca5f15619d7,4ed250ce-f2f6-4095-b960-f4cc057f1d8f,1791a541-fe39-430b-9626-a24acd85e08e,mobile,4,1086.88,7.08,2025-05-19T13:51:20.990993
443303bf-aefa-4b97-b6f7-3ce82ec26b0f,6e1cf5e7-7914-4d62-b2b0-b64a0772ac65,2341a1b6-ca76-4973-ad2e-4a906f9fd51d,mobile,4,470.4,18.74,2025-12-08T13:51:20.991012
36afcf26-c738-4397-b13f-b5f4dd970b8d,79fc4812-26d3-4ade-93fb-8c817b2fb15b,bdea1b76-1208-4a2f-b2e1-1aa8a5626500,web,4,1233.84,4.14,2026-02-10T13:51:20.991029
bb961c80-d370-4620-961a-1d6877d1e2c4,c08b7d80-81ef-4d20-ae7b-8a8d690a6465,321b80eb-c6e9-42e0-a6f5-86598247acd3,mobile,3,878.67,18.08,2026-02-15T13:51:20.991043
096a1422-bb54-43a6-9551-8659242211aa,8040cbdd-63a5-4643-98aa-2a7670be6024,1308f602-c166-4cdc-868a-0b4938053d4d,web,3,97.32,6.29,2025-10-06T13:51:20.991058
f6da663b-4d9a-4769-808e-0e62429dd86f,d7eaed06-94e3-43b5-9ea6-a33d8c0b3122,cbf743b9-e903-4a26-825c-7bde33e1d82c,mobile,2,746.7,15.01,2025-09-05T13:51:20.991071
f4ce69b7-0040-4b5e-9371-c0097137e66d,1730f2ee-7c94-409e-87b9-9e4384fc7de1,542e404c-f975-45bf-b793-249b8d15665d,web,3,322.26,2.85,2025-09-25T13:51:20.991087
bad5bb9b-d2ae-4558-8197-470c827a2173,26f752ae-cb28-42e6-8109-575dcebe96fb,6eae25b5-bfd1-445a-b0d8-86e5ef9604a3,store,4,1916.08,7.98,2025-12-07T13:51:20.991112
e4a9c290-96f0-47b0-9e38-108d450fdfd9,1b23ba1c-10e6-4969-af23-0bc504b3ce59,7df8e284-e832-44a7-94ef-f17a4e5da9d6,store,3,269.07,2.61,2026-01-01T13:51:20.991128
c605fd55-c302-4a9d-944b-61473c7f38c4,6d40d013-a9c6-497a-a9a8-a3c69db7cdf1,69b6bb4a-cfaa-4878-91ae-e146f31c1955,mobile,2,683.14,18.45,2026-01-31T13:51:20.991140
cbec9a52-d581-4cfe-9c9f-0fe107cadac1,b237f9d5-60b3-45de-bbeb-f64d46377e62,321b80eb-c6e9-42e0-a6f5-86598247acd3,store,1,292.89,18.19,2025-10-18T13:51:20.991154
65f3b28a-6590-4d64-95b1-a7c28d96cb50,6599b145-76bf-4688-84ea-5549a07fc0b1,e19c753d-318c-4edb-b565-fc406c99c72c,store,1,196.25,7.1,2025-06-13T13:51:20.991167
dc5a196d-62d9-4bff-9ae6-ad55cac3a9fd,cc6dc755-3bcc-4846-adc8-a43fc84f193c,17c1c99f-c424-420e-8868-5ab21bafe8e5,store,4,569.04,1.36,2026-03-26T13:51:20.991180
504e2ae3-3418-4af7-9b34-f87eef011283,02e42010-f231-4ab6-bf73-8efa9d7e8f75,ad1fb5ee-a91c-4991-9341-e395d2beecef,web,3,1056.24,0.22,2025-07-30T13:51:20.991193
7098cd92-1b97-4508-8c5a-1aca9a908f9d,b2f52649-2de7-4158-96f1-800ae16d25f0,08f682e0-0949-4d7f-9c1a-36bb48342221,web,5,1077.75,0.49,2025-11-28T13:51:20.991205
67d843e4-c76e-494e-a403-079cddf74d5a,3b8720b7-1934-40c2-a4b6-c15492ac2d17,1791a541-fe39-430b-9626-a24acd85e08e,store,3,815.16,8.07,2026-04-03T13:51:20.991227
745cfbce-a6b3-49b9-b03e-d5f98623f369,4ec84b5f-b09d-47ae-b377-aa007382cd8e,7df8e284-e832-44a7-94ef-f17a4e5da9d6,store,3,269.07,5.7,2025-06-01T13:51:20.991256
74004257-b51c-4371-b64c-91ab2ee73782,edf7364c-5fb5-440f-9742-0f14133ceede,1791a541-fe39-430b-9626-a24acd85e08e,store,5,1358.6,15.17,2026-02-11T13:51:20.991271
b45846ff-25db-41d1-a6de-a10ca955e528,d644d7f1-f084-4ec8-a9ef-a0f40649a17b,bdea1b76-1208-4a2f-b2e1-1aa8a5626500,mobile,1,308.46,14.57,2025-05-09T13:51:20.991285
85050d74-cb5e-4fd2-b044-d0fb729d3d0f,cfa50b22-dd88-4144-a163-40e5f68f236a,bdea1b76-1208-4a2f-b2e1-1aa8a5626500,store,1,308.46,6.6,2026-01-27T13:51:20.991301
a0264e59-c740-418d-8ac5-370b3890fb36,63c5d37e-dcd5-4139-8a69-7e16620a0f45,f1f6542b-4b3f-4e65-8d9a-766c8d57ad72,web,3,964.44,15.24,2026-02-01T13:51:20.991314
5c488abb-5180-4c36-8ba2-b9871be5049a,1234b85a-6c0e-42b9-8953-1aa40eca3434,1890b36f-a137-41e5-b5ed-1d9d565c4bd0,store,5,127.8,7.89,2025-10-01T13:51:20.991327
6dfb3206-dc3c-4d9f-b670-b2b18afc9b2f,736e89ee-fcda-459e-a2e7-ecbf43f4404b,944989d7-0474-4130-959f-c793bf62259e,web,3,358.08,3.89,2026-04-09T13:51:20.991341
b9348b13-bbe5-47d7-b11d-ff956586a77f,89052c15-2c75-45bd-b849-25d7912e366c,ad1fb5ee-a91c-4991-9341-e395d2beecef,store,4,1408.32,10.94,2026-01-28T13:51:20.991355
8c3931ef-b07d-4dbb-a14d-2439924b968e,3353b7da-6f12-42f1-9424-fbde65b4b5f8,56ad6e1f-0691-4acd-a3de-c8da072e3963,web,1,146.15,17.18,2026-03-13T13:51:20.991368
e4e878b3-7920-4d93-b43f-c1fdb6a48a09,0560a543-8369-4fc5-a080-3704ce1ea87d,0e9c5cdb-187a-4121-93cd-cd24adc53bc4,store,1,112.65,18.3,2025-12-24T13:51:20.991381
9c974ad9-db1f-4ad9-89ad-4f57202d62f9,2d085040-be9a-497e-812b-d0c170b17e58,ca3df109-0f94-4c65-bb50-5e247fa97614,mobile,1,353.88,9.19,2026-03-06T13:51:20.991394
3665f53a-2b75-430d-81ab-f9b9118d24a6,ab9746c7-803a-4cf1-9ab2-b32655c44619,457d9d38-588b-41ff-8c67-d7258b51a8e6,store,5,2082.0,19.11,2025-10-07T13:51:20.991407
2fc9dc27-b1e1-4e2f-aed4-395617d66738,400b741d-0ca0-45d6-8523-573617fee653,2341a1b6-ca76-4973-ad2e-4a906f9fd51d,mobile,5,588.0,6.61,2025-07-09T13:51:20.991421
8a039b70-636a-498c-bd48-c95208b17b4c,9fbdd83e-1473-4d7d-88eb-05463f65126d,905f2110-caca-46ad-b1fc-61c3fda110f1,mobile,5,243.0,13.64,2026-01-26T13:51:20.991434
86752ec4-c54e-42ec-ad11-eec8ab858b1e,0ecc2cc7-1475-4466-9e4c-529582c64e99,1791a541-fe39-430b-9626-a24acd85e08e,web,3,815.16,4.52,2025-06-15T13:51:20.991447
efdc3368-14ac-4f4c-8460-667647c3ec78,3a04faf9-10f8-4f16-b97b-8dccde77a777,e19c753d-318c-4edb-b565-fc406c99c72c,store,4,785.0,18.8,2025-11-27T13:51:20.991460
77f9e554-19d8-49a3-98b4-af007a1c3608,eeba25c3-bc51-40f2-ad4f-d841787e2823,ca3df109-0f94-4c65-bb50-5e247fa97614,mobile,4,1415.52,6.01,2026-03-20T13:51:20.991476
9d30174c-c349-4207-a2b9-bf1fe13aca4e,01345167-d5c6-442f-9e36-7a5740ee4bcf,11d7b21d-825c-442e-8c20-a64d4de4dd3c,mobile,1,57.38,4.47,2026-01-30T13:51:20.991490
01f8bb9f-1e04-4256-8d31-e51fef7ffa87,cd1b11ec-0996-4be8-8902-195674a27e17,6eae25b5-bfd1-445a-b0d8-86e5ef9604a3,web,2,958.04,18.52,2025-08-21T13:51:20.991506
32af4094-43c4-47b0-a16d-5c40d4629c87,80bb3786-c8a8-42d8-9893-287ac213c975,168e2ef5-ab86-444e-ad38-6cbe82465e6a,store,5,450.3,14.85,2025-10-12T13:51:20.991535
d5204174-e42a-4aec-9fba-f4997c3edbe9,d5327b4f-92bb-47e0-8591-523fd0425dda,2341a1b6-ca76-4973-ad2e-4a906f9fd51d,web,3,352.8,4.85,2025-11-13T13:51:20.991558
ee5ac32e-5688-462a-ad8f-7290d9cd22ef,02653886-b18f-49d1-befb-1360de21e764,0e9c5cdb-187a-4121-93cd-cd24adc53bc4,web,1,112.65,8.71,2025-11-06T13:51:20.991572
fea35023-359c-48e7-b168-ae361b9f38b1,05936011-9e61-41c0-bc67-638eee4f08eb,e19c753d-318c-4edb-b565-fc406c99c72c,store,2,392.5,19.57,2025-09-15T13:51:20.991586
9e1820ea-187c-49aa-bc10-b34ff98ad0c5,ae851670-1c59-4e22-9edd-1d3d7b880e7c,321b80eb-c6e9-42e0-a6f5-86598247acd3,web,1,292.89,9.73,2025-11-09T13:51:20.991604
f0fd98bd-c6f6-4dfe-8955-cd1df55238c8,78d4e439-fa45-4a8f-9594-3c1461777872,f6df0b45-6106-42d3-8c75-195d0ad4baee,store,5,1943.95,8.6,2025-12-27T13:51:20.991644
7ee5bacb-d94a-444c-89be-0557501850ac,a295cf72-e598-4850-963d-6023136619cc,a0de6626-305c-473f-946f-bec5e72fa2b2,web,2,735.12,6.72,2025-06-07T13:51:20.991669
77438cfd-e4d4-4fcf-8856-201effba337a,c55e3b0c-2166-4985-a1d3-11a262d3395d,905f2110-caca-46ad-b1fc-61c3fda110f1,web,5,243.0,2.01,2025-10-05T13:51:20.991688
4de58c37-16a6-4a74-a30e-af7973d3791d,1c13764a-936b-493a-8635-7e1a3faff27d,79634690-8c5c-4240-8205-82b10c85c886,store,2,646.62,9.85,2025-07-13T13:51:20.991719
e9d7ea0c-8ff1-41ea-b3d1-93bf8dd0780e,d211948e-8e58-4cae-862a-3e11e5fe3f2d,08f682e0-0949-4d7f-9c1a-36bb48342221,store,1,215.55,3.55,2026-04-14T13:51:20.991741
69920557-aef4-4886-8788-58598d958831,ef8225e3-4aeb-459c-8242-fae62541926d,a0de6626-305c-473f-946f-bec5e72fa2b2,mobile,3,1102.68,18.36,2025-05-03T13:51:20.991754
e04c23da-eecd-4221-a8f3-7625be926262,e08005e5-7c2d-4d4a-b8b0-0dfdef1cc73d,6c37ac7c-22fb-489b-9e12-ba964446997b,web,5,2219.3,3.3,2026-03-02T13:51:20.991768
bf98b677-6aef-4f7f-a63a-8521676075eb,16e7deb1-5e07-4f9f-b198-5181d24733dd,457d9d38-588b-41ff-8c67-d7258b51a8e6,mobile,1,416.4,1.65,2026-03-27T13:51:20.991781
7f893257-4f2e-4036-ad2f-68a4c51bf5b8,b0a631a6-9bfd-4a8c-8c49-40dba41cc45c,79634690-8c5c-4240-8205-82b10c85c886,store,2,646.62,16.48,2026-01-18T13:51:20.991793
d9c9cd88-f688-49f1-b736-29c27f27ef55,78d4e439-fa45-4a8f-9594-3c1461777872,08cb9e44-2170-4369-9ab2-a47e52847e6c,store,3,351.36,12.31,2025-06-16T13:51:20.991806
0ac23d43-3a84-400b-91d8-7e87f805904e,4c7f58a8-13fa-4e51-9b68-67a6d7e2f59e,d5ee97fe-7203-4277-a432-29e8207ec8be,web,5,262.95,1.3,2025-11-21T13:51:20.991819
0ec506a9-fcaa-4d7d-82c2-ed37cd52f795,6e1cf5e7-7914-4d62-b2b0-b64a0772ac65,11d7b21d-825c-442e-8c20-a64d4de4dd3c,mobile,2,114.76,10.3,2025-05-21T13:51:20.991832
7b201ec9-cfad-4eb7-8023-d94bf84ac930,675701f2-8821-48a1-b6cd-c7205873c1e2,6eae25b5-bfd1-445a-b0d8-86e5ef9604a3,store,3,1437.06,17.04,2026-03-30T13:51:20.991845
16e0c3eb-8498-44ed-9ed1-1592012c7cb3,9fbdd83e-1473-4d7d-88eb-05463f65126d,9c0e36b8-29dc-48d8-9869-8d952c29dbdb,store,4,1194.92,19.03,2025-08-27T13:51:20.991858
5e01224a-0fb0-4022-8cb2-87c3a2aeb889,ac9e9fa2-9a9f-4abb-bf77-bce10aeed1be,a0de6626-305c-473f-946f-bec5e72fa2b2,web,4,1470.24,15.89,2025-09-13T13:51:20.991871
ae3f2c2e-1b19-4aa1-b225-71c7aff8ef7d,a177a8f2-78cc-4b69-8423-50b9e3c5cb7e,053f89ae-21b6-4267-baf4-f4be573d366f,web,3,213.45,9.23,2025-12-29T13:51:20.991885
40568949-24d3-4ba0-b226-dd2b0cbf908c,9b66b8f5-ba94-4ffa-9d5d-1385fe996de7,08f682e0-0949-4d7f-9c1a-36bb48342221,web,1,215.55,11.75,2026-03-06T13:51:20.991898
02f944dc-3b2c-442a-9021-82d432db6c1b,b9412933-cb49-4456-9667-7033dbd70b97,08f682e0-0949-4d7f-9c1a-36bb48342221,web,1,215.55,2.99,2025-08-29T13:51:20.991916
11a03a9c-c7f3-455d-93dc-d127ab7c6343,72cb36c3-7d29-445a-be42-baccbe7f0659,a0de6626-305c-473f-946f-bec5e72fa2b2,store,3,1102.68,11.59,2025-04-28T13:51:20.991944
c80764cc-d8b4-4140-8943-c525b7b3000e,c0f89555-5fe2-4ced-8b60-e35e96e39987,0e9c5cdb-187a-4121-93cd-cd24adc53bc4,web,4,450.6,18.6,2025-09-18T13:51:20.991959
29edfc14-1c14-4fc1-bbb6-684c82dd2330,b1e46fa8-728f-4df2-8c6c-eada87873a60,17c1c99f-c424-420e-8868-5ab21bafe8e5,mobile,5,711.3,4.2,2025-11-12T13:51:20.991977
3f8765cf-f468-44c2-99e9-19c81df1198b,5ac0a3cf-2c26-41de-a57f-27a7ff60dd55,944989d7-0474-4130-959f-c793bf62259e,store,3,358.08,3.83,2026-01-25T13:51:20.991992
2bcee577-8311-49b7-94cb-b57adeaf1602,ade7f931-425a-4ac1-9ba5-fb56ea154a33,69b6bb4a-cfaa-4878-91ae-e146f31c1955,store,1,341.57,3.73,2025-12-07T13:51:21.037882
86a4528e-909c-4924-8ae5-e0da8a3c6551,675701f2-8821-48a1-b6cd-c7205873c1e2,7df8e284-e832-44a7-94ef-f17a4e5da9d6,store,4,358.76,8.99,2025-04-17T13:51:21.037976
46cefd55-ff81-4338-91f8-739de159b2b5,05936011-9e61-41c0-bc67-638eee4f08eb,905f2110-caca-46ad-b1fc-61c3fda110f1,store,4,194.4,19.16,2025-05-13T13:51:21.038014
329dc6b3-9a9e-465d-aa94-35a5cfb2581e,0187210b-941d-4bad-b587-443bb52be2a0,2341a1b6-ca76-4973-ad2e-4a906f9fd51d,web,2,235.2,19.09,2026-04-12T13:51:21.038042
a8c2c920-d767-4f9a-8b32-4afcfa8a929b,dc912c17-7525-4588-998c-505710c01b09,1890b36f-a137-41e5-b5ed-1d9d565c4bd0,web,4,102.24,0.84,2025-10-26T13:51:21.038056
d312b553-6b31-4fea-9fa0-13a422af5638,45aafc55-589b-4421-813b-4d61aa30747f,bff07f43-24a8-4d20-b9e9-6cac1ecce307,store,5,300.35,19.14,2025-06-10T13:51:21.038071
88e97c0b-6001-488e-af3e-d5ad898e4b6e,57e6db98-be89-47c5-87f3-a3ff20643236,ad1fb5ee-a91c-4991-9341-e395d2beecef,web,2,704.16,15.42,2025-09-14T13:51:21.038085
15eced6a-495a-4ad7-b5c4-2b30d16c9165,c1207f04-88b4-4471-845c-87ac01dd5ff3,321b80eb-c6e9-42e0-a6f5-86598247acd3,store,3,878.67,6.74,2025-06-05T13:51:21.038098
4d62943b-1fb5-4439-a77d-2bb23752769e,fd777368-7e59-48b1-b85b-1619bc87c5dc,0e9c5cdb-187a-4121-93cd-cd24adc53bc4,web,5,563.25,2.96,2026-01-02T13:51:21.038125
a8b0a2fd-653d-4f83-872e-32c131db66b0,6f9ef49f-8364-495a-bb6c-b6ffa243e355,bdea1b76-1208-4a2f-b2e1-1aa8a5626500,store,3,925.38,17.79,2025-07-18T13:51:21.038151
194f08dc-bc79-4a7a-8b47-8b46ccf0f28d,4a9cb868-6695-4bf7-93f9-6f179ead9401,ad1fb5ee-a91c-4991-9341-e395d2beecef,store,4,1408.32,19.28,2026-03-26T13:51:21.038165
53dfc81a-81ed-4ba0-83a2-e612f36d412a,4a9cb868-6695-4bf7-93f9-6f179ead9401,17c1c99f-c424-420e-8868-5ab21bafe8e5,store,3,426.78,0.89,2025-07-14T13:51:21.038179
6e46ee2d-3639-45ba-8df1-80c0ca3e1e5a,ae851670-1c59-4e22-9edd-1d3d7b880e7c,cbf743b9-e903-4a26-825c-7bde33e1d82c,mobile,4,1493.4,19.3,2025-06-18T13:51:21.038199
41eed2eb-8c82-45e5-8a29-1517de3278ec,ed6a095f-27ce-4cef-91ef-c21286d7ce21,0e9c5cdb-187a-4121-93cd-cd24adc53bc4,mobile,4,450.6,11.44,2025-08-21T13:51:21.038216
ca672eb6-e1cd-412c-a6ba-6da3b2a48d7c,e8beb2cc-e5de-472d-ba2a-d4017bef1f66,905f2110-caca-46ad-b1fc-61c3fda110f1,store,5,243.0,5.29,2025-12-22T13:51:21.038230
f3efffeb-6c3f-4d46-9241-5720c1f8b201,29dc093f-722e-4320-8b1c-a48df552bdf8,944989d7-0474-4130-959f-c793bf62259e,mobile,2,238.72,5.08,2025-05-08T13:51:21.038243
7ef19f7b-5edb-495f-8e43-cf4e9ae41546,0560a543-8369-4fc5-a080-3704ce1ea87d,79634690-8c5c-4240-8205-82b10c85c886,web,5,1616.55,4.44,2025-12-19T13:51:21.038272
e6715c63-6e71-45a9-a99a-58200832f9ff,3436f083-badb-42e6-b67e-49a63fe80587,f1f6542b-4b3f-4e65-8d9a-766c8d57ad72,web,2,642.96,8.6,2025-09-24T13:51:21.038286
17be8b0e-793d-48f1-97ec-0102d52c4fdf,a7efd861-82e5-43b1-9e1d-0c829bfa825e,d5ee97fe-7203-4277-a432-29e8207ec8be,mobile,3,157.77,18.8,2025-07-15T13:51:21.038302
e17a651c-0252-4322-85b4-ae18d63a89b3,3cae7953-c156-471c-9a5f-92f3526f83e4,bdea1b76-1208-4a2f-b2e1-1aa8a5626500,mobile,3,925.38,1.02,2025-06-12T13:51:21.038317
b5b01c20-ec06-4fd0-bdf8-bae3679c9dd3,a539424b-3bc3-488a-86dd-c9667b50b118,56ad6e1f-0691-4acd-a3de-c8da072e3963,mobile,5,730.75,5.75,2025-05-12T13:51:21.038330
b0ed797a-664b-4822-a2f6-6a95f4471c4f,26073014-9b38-40c7-bdc5-0108e886fb39,bff07f43-24a8-4d20-b9e9-6cac1ecce307,mobile,4,240.28,6.57,2025-07-02T13:51:21.038346
0918c344-dc66-43df-b990-fa3cd893c838,a297e636-369b-47d2-b6d9-e19bf136f198,ad1fb5ee-a91c-4991-9341-e395d2beecef,store,1,352.08,1.59,2025-04-30T13:51:21.038360
498653bb-2272-4dcf-87d0-2686bfe6b4c7,8d828bfe-e76a-4489-8c2c-8660db2e545a,bff07f43-24a8-4d20-b9e9-6cac1ecce307,web,4,240.28,2.6,2026-04-05T13:51:21.038376
9f7bd0fa-f558-45d6-ad60-469317fa4a3e,660774c2-3e9a-4fb9-8a1d-efc23461f660,11d7b21d-825c-442e-8c20-a64d4de4dd3c,store,2,114.76,13.44,2025-05-14T13:51:21.038390
e4618584-c0eb-4e6d-8cbd-b17cfff2f9fd,dc912c17-7525-4588-998c-505710c01b09,9c0e36b8-29dc-48d8-9869-8d952c29dbdb,mobile,4,1194.92,3.28,2026-01-01T13:51:21.038403
0ca3ed4d-b544-4607-ae8c-784454629907,acd34a34-250e-4096-9b7d-6f794c95fa49,a0de6626-305c-473f-946f-bec5e72fa2b2,mobile,3,1102.68,10.97,2025-07-12T13:51:21.038416
c2c417a6-d0ca-44bc-8f29-3d872b39bd60,31264419-8df5-4371-9e63-b5b749b128fe,d5ee97fe-7203-4277-a432-29e8207ec8be,web,2,105.18,19.07,2026-02-12T13:51:21.038429
dab3664c-7c16-40c5-b2d1-6320bd0af8e2,ade7f931-425a-4ac1-9ba5-fb56ea154a33,a47d64f7-a098-44b9-8c64-05a8c978779f,store,2,611.64,6.75,2026-02-16T13:51:21.038442
7a679d4a-cab1-4b63-ac2e-6f3bfed7257f,94b600f4-25f6-4f09-953a-1f6a8db7a88f,168e2ef5-ab86-444e-ad38-6cbe82465e6a,web,4,360.24,9.62,2025-07-28T13:51:21.038456
addec3db-1af2-4cbe-bfc9-faf93357fa58,5616721d-0a88-4f6c-b9ec-f604a0e9cde9,a47d64f7-a098-44b9-8c64-05a8c978779f,web,1,305.82,7.06,2025-10-15T13:51:21.038469
0b36c002-2ef9-4a20-9fb4-ae316c7e4542,d6ffbccc-f1ed-4c8d-bc34-01a57153c74b,ad1fb5ee-a91c-4991-9341-e395d2beecef,mobile,5,1760.4,0.36,2025-12-08T13:51:21.038483
53f00b12-0d84-4f4d-8c1c-8bd39849c61f,9258f655-3c64-4155-acfb-ce47710a63f6,1890b36f-a137-41e5-b5ed-1d9d565c4bd0,web,1,25.56,6.84,2026-01-22T13:51:21.038497
e22b9a60-0fb4-4ed4-bf4a-033ae4e1f24f,be029ce5-cd24-42ad-8779-03ff5f9f714b,168e2ef5-ab86-444e-ad38-6cbe82465e6a,mobile,2,180.12,7.03,2025-08-13T13:51:21.038510
4e549fd1-aad3-458c-b8ad-2a8c94ff0b94,6fe8c4f8-6f02-4706-b398-6c3d0653b820,1308f602-c166-4cdc-868a-0b4938053d4d,mobile,4,129.76,15.52,2026-02-21T13:51:21.038548
cfae36e0-251f-4161-9ee3-acd68f0cfece,0a3c7b2d-e015-4c8e-aa15-0904eea35e94,56ad6e1f-0691-4acd-a3de-c8da072e3963,mobile,2,292.3,12.75,2026-01-08T13:51:21.038573
2684a6f7-4ca6-4a99-aaeb-22ad58deed25,96478114-3e95-4c71-adc2-4d8618801e09,d5ee97fe-7203-4277-a432-29e8207ec8be,store,2,105.18,11.15,2025-05-14T13:51:21.038587
8197ce23-f2cd-4d1f-ad39-35c68b1238e8,f034c227-4c36-4efd-aaf6-21c60e1aa1f6,1308f602-c166-4cdc-868a-0b4938053d4d,store,3,97.32,3.98,2025-05-22T13:51:21.038600
1e5b978e-b449-4bbf-86dd-186625d71c47,736e89ee-fcda-459e-a2e7-ecbf43f4404b,944989d7-0474-4130-959f-c793bf62259e,web,4,477.44,11.42,2026-01-09T13:51:21.038616
28e93d6e-c829-49ca-8a7b-26a9a5e4d495,3cae7953-c156-471c-9a5f-92f3526f83e4,321b80eb-c6e9-42e0-a6f5-86598247acd3,mobile,3,878.67,16.75,2025-09-15T13:51:21.038630
4dd60cdb-f278-46f4-8ae2-9f2e4eade53b,bc2a15b3-8cd0-4701-8a84-5408610596e6,905f2110-caca-46ad-b1fc-61c3fda110f1,web,4,194.4,16.86,2026-03-03T13:51:21.038642
d3d42b62-76ae-44ee-86c1-86e7f3557817,4220b0ed-148d-4a5e-ac8f-7593460ab12d,1791a541-fe39-430b-9626-a24acd85e08e,mobile,5,1358.6,2.72,2026-02-15T13:51:21.038656
078e39cc-7bc6-4bcd-9baf-e36fbc3ae60b,17b5440a-a8df-4fd5-997a-0921ee427014,17c1c99f-c424-420e-8868-5ab21bafe8e5,web,5,711.3,12.5,2025-10-23T13:51:21.038669
f86ef56f-ea39-40df-92a1-764760780ce4,53e0275c-fc42-4900-a0ea-d5048e14d832,905f2110-caca-46ad-b1fc-61c3fda110f1,mobile,2,97.2,16.44,2025-11-07T13:51:21.038683
69ff73e9-3d38-41af-9862-2dc9b1249980,89d1cd9f-53a3-4cb9-8d4c-783ca398d230,944989d7-0474-4130-959f-c793bf62259e,store,1,119.36,13.3,2026-03-18T13:51:21.038696
d407d2db-28e9-48b8-b83a-1a3de3643cde,f81bcfa1-39d2-47e8-8236-8071706a6271,11d7b21d-825c-442e-8c20-a64d4de4dd3c,store,4,229.52,6.8,2026-01-27T13:51:21.038731
2a02b385-6b13-41a1-b017-bc5f86714b78,312c0f57-1c60-4283-ae57-d81c0a0b7cdd,d5ee97fe-7203-4277-a432-29e8207ec8be,web,5,262.95,9.97,2025-10-11T13:51:21.038752
13e4cc06-383f-49d8-af3c-060a805e965a,2433a03f-64b2-4957-94be-f7b57ce9effc,053f89ae-21b6-4267-baf4-f4be573d366f,web,4,284.6,19.63,2026-04-04T13:51:21.038781
6d97670c-c721-427b-b28e-fc127dfa88e0,e83d5e91-42bc-417b-be08-af280ea86d5d,24665074-3a11-4fcf-82f7-1d50a0b2580f,mobile,1,381.81,12.06,2026-02-04T13:51:21.038808
0dd5141b-0d55-4d92-8697-28b6331f3e5b,3f9dc824-91b5-4ab4-b84d-905a7500ef6d,08cb9e44-2170-4369-9ab2-a47e52847e6c,web,3,351.36,19.49,2026-02-16T13:51:21.038825
0d948c3b-0e64-4702-8f07-3c584befb396,00e32ae3-176f-46d2-894c-5504a1bdace4,457d9d38-588b-41ff-8c67-d7258b51a8e6,web,3,1249.2,11.53,2026-02-11T13:51:21.038838
77fdb0d4-1e72-4edd-889d-5c4ff1217ef4,ecf80b21-a29e-48cc-aeed-993c3d386c46,1890b36f-a137-41e5-b5ed-1d9d565c4bd0,store,2,51.12,6.23,2026-03-21T13:51:21.038851
2c175a34-6921-461c-8a92-f87f71e30ae1,fa848a5c-ec51-4164-a85d-f28025f41073,17c1c99f-c424-420e-8868-5ab21bafe8e5,mobile,5,711.3,10.98,2026-03-06T13:51:21.038871
314f3c7c-c7c3-4475-8513-95c738a310d2,e80f3f91-63af-4ba4-8042-16c99c87b341,168e2ef5-ab86-444e-ad38-6cbe82465e6a,mobile,3,270.18,5.95,2025-07-07T13:51:21.038910
624e2a01-057f-4abc-8541-a34ce6ead37f,6b392f66-a330-4f27-b492-3b50aac92199,f6df0b45-6106-42d3-8c75-195d0ad4baee,store,1,388.79,1.86,2025-11-07T13:51:21.038933
5341e7af-733b-41b9-ae54-8bede9c6968c,ae851670-1c59-4e22-9edd-1d3d7b880e7c,a47d64f7-a098-44b9-8c64-05a8c978779f,web,1,305.82,1.89,2026-02-04T13:51:21.038947
4ca9338d-69bd-4249-8c67-b34a6f77b05c,8e2a7aa8-8e6c-4b41-9ba3-9577be455dc7,79634690-8c5c-4240-8205-82b10c85c886,web,1,323.31,9.38,2025-08-14T13:51:21.038960
4f5bbbf3-0bfc-49b4-9304-c4235df231a4,ed10b742-1bb9-4089-81b1-75d4bac59b90,f6df0b45-6106-42d3-8c75-195d0ad4baee,store,5,1943.95,3.18,2026-02-20T13:51:21.038976
5ed7ed4e-b3cc-431a-aab6-52a9a58517d1,01b0c61b-4ff2-4653-a90f-f2336d2cab3a,17c1c99f-c424-420e-8868-5ab21bafe8e5,store,2,284.52,3.37,2026-03-05T13:51:21.038990
2513ddad-a1b6-48e7-a3be-0e213dbbaa75,008f3c83-68c5-44b4-8a91-226b4738b52d,2341a1b6-ca76-4973-ad2e-4a906f9fd51d,web,1,117.6,9.41,2025-05-28T13:51:21.039014
a3e4fa6d-6ef5-4947-977a-27dd97d9993e,b1b3cebd-4a2a-433a-8058-12a34df6a3b3,542e404c-f975-45bf-b793-249b8d15665d,mobile,2,214.84,4.77,2025-05-01T13:51:21.039058
9d3832cd-eeee-4678-bf26-71e049399c0c,00f19281-9ad5-4f42-a8c1-0691767a4db1,79634690-8c5c-4240-8205-82b10c85c886,mobile,5,1616.55,15.89,2025-11-27T13:51:21.039089
5ad1460f-7da0-4feb-8de4-993e0de8a909,431580be-df8f-4693-a61b-a2d5910223b2,ad1fb5ee-a91c-4991-9341-e395d2beecef,web,4,1408.32,1.19,2025-07-09T13:51:21.039112
f7f7055e-ee19-49c8-82d0-decedefe9235,0dd9e3a0-993b-425d-814d-c34301fb337f,1308f602-c166-4cdc-868a-0b4938053d4d,store,2,64.88,6.89,2025-07-19T13:51:21.039126
7ed475b9-438c-44a4-89ed-c3460ed859a4,a712e0dd-13e1-4baa-80c6-cd2b2204d7bb,e68cd9b3-0f66-4719-b9c8-10a5e0acfc32,store,5,2145.5,4.98,2025-11-19T13:51:21.039139
2373e886-8bbb-4b0d-9277-77ba20ae76b4,058c636f-b73c-4bd9-bd6a-134962a13206,28de6b67-c5da-4fd9-9ae6-64f199eb885d,mobile,4,1219.92,12.11,2025-12-06T13:51:21.039152
8ded106d-76af-451c-87b1-b160f5a11791,448a6e6d-f8d5-4ebc-bf46-f25be1b499c3,28de6b67-c5da-4fd9-9ae6-64f199eb885d,web,4,1219.92,14.94,2025-06-17T13:51:21.039165
93f7c765-71c5-431b-8cd4-130e90f7c7ef,c70ee112-9a4d-4c51-ada6-a3963b225e9c,542e404c-f975-45bf-b793-249b8d15665d,mobile,5,537.1,11.6,2026-01-11T13:51:21.039178
5467f81e-4875-470d-92a6-d5c576fceb91,5f9a2f01-073f-4576-a173-61c06b068554,bff07f43-24a8-4d20-b9e9-6cac1ecce307,web,2,120.14,4.62,2025-04-16T13:51:21.039191
578d7904-047b-4e2f-9a8a-267588d16c2f,5b737127-dd4b-42d2-8e51-24ce5e175dba,944989d7-0474-4130-959f-c793bf62259e,store,1,119.36,2.66,2025-04-30T13:51:21.039205
4f2496cd-27bc-421e-ac8e-67bf3ccc0bbe,3b8720b7-1934-40c2-a4b6-c15492ac2d17,a47d64f7-a098-44b9-8c64-05a8c978779f,web,1,305.82,13.04,2025-06-25T13:51:21.039218
1d44838e-822d-4fbb-914f-3fe402eafb49,c0f89555-5fe2-4ced-8b60-e35e96e39987,28de6b67-c5da-4fd9-9ae6-64f199eb885d,web,1,304.98,6.83,2025-09-16T13:51:21.039231
ab5555be-05b1-4f95-ac20-eb21bfcd0da5,6f391870-9416-4da1-a5a1-4a2f0be76e0e,08f682e0-0949-4d7f-9c1a-36bb48342221,web,2,431.1,17.38,2025-05-19T13:51:21.039252
3dc0f32f-0076-4bfb-ac14-0fc72d3c83ae,319b258d-67c6-4fda-93e9-f3a9fa80bcf2,e68cd9b3-0f66-4719-b9c8-10a5e0acfc32,mobile,4,1716.4,13.61,2025-05-13T13:51:21.039274
886455c9-c3d3-4fe8-8a48-f48f9ff54cf0,8c0729b0-bedb-4edf-a078-95151b63f71e,ad1fb5ee-a91c-4991-9341-e395d2beecef,store,2,704.16,7.06,2025-12-31T13:51:21.039289
6bb6d2f7-7f42-4982-853a-72788faa8937,151c76f0-b52b-44c4-88d8-60c260d72682,bff07f43-24a8-4d20-b9e9-6cac1ecce307,store,4,240.28,8.75,2025-08-08T13:51:21.039303
8a22bcce-696d-4e8d-bff1-d4775b277cdb,caf9ba8e-9dd9-4b84-8f45-aaf06185a794,79634690-8c5c-4240-8205-82b10c85c886,web,4,1293.24,1.23,2025-08-21T13:51:21.039315
7bda3c52-4ae9-4a01-b274-6fe0cc626d68,4ed250ce-f2f6-4095-b960-f4cc057f1d8f,69b6bb4a-cfaa-4878-91ae-e146f31c1955,store,4,1366.28,4.08,2025-07-21T13:51:21.039331
6e195cbd-2389-47d3-a80c-ddf166d9fcfd,e20398c7-b82b-42e3-9336-71ccbdfea714,a0de6626-305c-473f-946f-bec5e72fa2b2,store,2,735.12,3.54,2025-11-21T13:51:21.039344
b4ee512f-d7d9-4226-b8fd-50146b79d6c5,00e32ae3-176f-46d2-894c-5504a1bdace4,79634690-8c5c-4240-8205-82b10c85c886,web,4,1293.24,11.73,2025-07-18T13:51:21.039357
428f31e4-a2d4-4f43-b7c2-9e8bd8966785,0243414e-22d6-4838-af16-077df8d8686f,053f89ae-21b6-4267-baf4-f4be573d366f,web,2,142.3,13.77,2025-08-28T13:51:21.039371
03a2b41f-6e3e-4941-909c-fb6c5b3584c4,70928f45-8f59-44f3-973d-95a5d8e1a0c7,0e9c5cdb-187a-4121-93cd-cd24adc53bc4,web,4,450.6,9.61,2025-11-28T13:51:21.039385
ea42d9aa-cde6-41fd-af9f-5101a93ddf0e,71dd2652-ac88-488d-9869-d71b4a955866,542e404c-f975-45bf-b793-249b8d15665d,mobile,1,107.42,9.72,2025-12-16T13:51:21.039398
34013411-12d4-4d50-8fb9-9bd1470c5473,0728b6c8-7eab-48c3-a4e0-0f8f8dbf95f8,17c1c99f-c424-420e-8868-5ab21bafe8e5,web,5,711.3,2.2,2025-05-22T13:51:21.039411
55c071eb-d0b3-4838-8067-e97b614c2924,ebcca014-8ee1-48b0-8f73-19d476e0b3a8,321b80eb-c6e9-42e0-a6f5-86598247acd3,mobile,5,1464.45,1.98,2025-12-06T13:51:21.039427
ce75e5b9-db46-4d4a-aa89-6b609c0b1502,01345167-d5c6-442f-9e36-7a5740ee4bcf,1791a541-fe39-430b-9626-a24acd85e08e,web,3,815.16,1.26,2025-09-21T13:51:21.039440
1e68f432-9251-4058-a6ef-f5dd11e41201,a7efd861-82e5-43b1-9e1d-0c829bfa825e,08cb9e44-2170-4369-9ab2-a47e52847e6c,store,2,234.24,16.19,2025-11-22T13:51:21.039453
be9cafe7-4a9a-480c-9406-19a085039a4d,228052e8-635e-4302-ace6-72ead42c8602,17c1c99f-c424-420e-8868-5ab21bafe8e5,mobile,5,711.3,18.44,2025-06-25T13:51:21.039466
a374150e-17f0-4dc4-a148-9b327e871204,f6449f19-458b-444b-b1c6-fdab5901ee7d,ca3df109-0f94-4c65-bb50-5e247fa97614,web,5,1769.4,19.17,2026-04-14T13:51:21.039479
fdd9b2ed-a99b-4d2d-980f-8625ea744453,e83d5e91-42bc-417b-be08-af280ea86d5d,17c1c99f-c424-420e-8868-5ab21bafe8e5,store,4,569.04,0.03,2025-06-29T13:51:21.039493
011d26e3-8f5e-4aac-918d-429efd34227e,7093f3f7-0a13-433d-ac30-374888d8fff3,24665074-3a11-4fcf-82f7-1d50a0b2580f,mobile,1,381.81,15.28,2025-11-10T13:51:21.039506
cc81bd96-9341-44cb-930c-85c6419f90ad,84af72e6-800a-4dd4-88b4-15fe1f894bef,a47d64f7-a098-44b9-8c64-05a8c978779f,mobile,5,1529.1,8.04,2026-01-03T13:51:21.039536
d47b7d4c-8eca-4337-8abf-23d11ff303f3,ac61d53d-7c25-4ce7-b518-85ee58c7b2b6,2341a1b6-ca76-4973-ad2e-4a906f9fd51d,web,5,588.0,7.6,2025-10-15T13:51:21.039560
68ffef79-384a-4e8f-a104-cdd6c972c181,02653886-b18f-49d1-befb-1360de21e764,ad1fb5ee-a91c-4991-9341-e395d2beecef,web,2,704.16,17.16,2025-10-31T13:51:21.039574
20d747a2-ad58-4618-ae21-38037613da30,0179c606-5228-495f-bf48-438074367fba,0e9c5cdb-187a-4121-93cd-cd24adc53bc4,store,2,225.3,9.86,2025-07-17T13:51:21.039587
2b18c9d9-8427-401e-8214-09601cb6b166,87554c20-10a5-4d5b-a814-26d32d96bfcc,17c1c99f-c424-420e-8868-5ab21bafe8e5,web,1,142.26,2.06,2025-04-27T13:51:21.039601
ab9862d3-0562-4cfb-900e-52e436383c95,6b392f66-a330-4f27-b492-3b50aac92199,542e404c-f975-45bf-b793-249b8d15665d,web,2,214.84,4.1,2025-09-17T13:51:21.039617
582600c7-0d12-49d2-8a2a-04544d9b1edf,029bb607-5a35-4265-a4d3-cf749e6ea3f3,168e2ef5-ab86-444e-ad38-6cbe82465e6a,mobile,1,90.06,19.8,2026-02-22T13:51:21.039630
255d6ac1-2d7c-4109-8b6d-45b9b14aae3a,aec97b20-5ba5-49c5-825e-394baa6577c2,f1f6542b-4b3f-4e65-8d9a-766c8d57ad72,mobile,2,642.96,4.29,2025-12-23T13:51:21.039644
1af6a93d-8b4d-4c7d-bed0-8be0ae193801,43c92511-959a-4446-90c1-fe53cc07de9f,08cb9e44-2170-4369-9ab2-a47e52847e6c,web,1,117.12,18.36,2025-12-05T13:51:21.039657
2b4c5a29-9d16-447e-ae93-d4094c7fd7e0,d7e80692-b86e-40b6-b9de-46a15d1df915,28de6b67-c5da-4fd9-9ae6-64f199eb885d,mobile,3,914.94,17.8,2025-05-21T13:51:21.039673
298786bc-d2ff-4406-8212-fc7dac3785bf,980e4b8c-94c3-4334-bcf6-5106b7ec56c1,56ad6e1f-0691-4acd-a3de-c8da072e3963,web,1,146.15,12.24,2025-10-23T13:51:21.039687
999da168-b65f-4bc5-b12e-f50a48ba69dd,d211948e-8e58-4cae-862a-3e11e5fe3f2d,11d7b21d-825c-442e-8c20-a64d4de4dd3c,mobile,5,286.9,12.58,2025-07-15T13:51:21.039699
b261e218-27be-494e-9dc8-bf6dfc266dd2,fa848a5c-ec51-4164-a85d-f28025f41073,bff07f43-24a8-4d20-b9e9-6cac1ecce307,mobile,1,60.07,5.54,2025-08-15T13:51:21.039712
291bb9f4-09ee-4356-bc73-57a8efd23227,79fc4812-26d3-4ade-93fb-8c817b2fb15b,79634690-8c5c-4240-8205-82b10c85c886,store,4,1293.24,17.75,2025-12-26T13:51:21.039727
19dd7c9c-7daf-4868-af69-80517dada306,b2f52649-2de7-4158-96f1-800ae16d25f0,1890b36f-a137-41e5-b5ed-1d9d565c4bd0,web,5,127.8,18.5,2025-06-21T13:51:21.039740
9b63e8b7-8bc7-41b4-bacf-ae0d5d02557c,ece47cd8-cb49-4524-9386-ce6691914b6e,79634690-8c5c-4240-8205-82b10c85c886,store,4,1293.24,18.69,2025-04-24T13:51:21.039752
eb1cefe2-0fe3-43b5-8d75-78e43351d1cd,f4c7a126-7279-4bb5-95c4-573c4e1d70c9,f1f6542b-4b3f-4e65-8d9a-766c8d57ad72,web,5,1607.4,0.54,2025-04-24T13:51:21.039765
a3cd8d92-d06e-4d9b-ba95-70c681ddc9cd,acd34a34-250e-4096-9b7d-6f794c95fa49,2341a1b6-ca76-4973-ad2e-4a906f9fd51d,store,1,117.6,3.85,2025-05-09T13:51:21.039779
d5aeee0b-a447-48d9-9191-d4edc7283f65,f5f484ec-b164-4ceb-bb25-b1a7bd322661,9c0e36b8-29dc-48d8-9869-8d952c29dbdb,mobile,2,597.46,3.59,2026-03-23T13:51:21.039791
67385d71-9ea8-4ab4-80c8-4ff3bfb51878,d2161080-2dfc-445a-bdcb-7fc211b8280c,56ad6e1f-0691-4acd-a3de-c8da072e3963,store,2,292.3,9.22,2026-02-07T13:51:21.039804
181469bc-8cd8-4fdd-9999-11707c7233e3,cb79bd3b-830a-4465-b220-93a205d659c7,f1f6542b-4b3f-4e65-8d9a-766c8d57ad72,web,2,642.96,0.63,2025-06-03T13:51:21.039824
9edd3588-1fdf-470c-a076-db57d474e6a7,9c8a22ec-7e5f-474b-8e85-d6b34aea9e24,56ad6e1f-0691-4acd-a3de-c8da072e3963,store,3,438.45,16.69,2025-05-29T13:51:21.039855
c5b9f431-d78b-4b1d-8900-73f876b9765a,d644d7f1-f084-4ec8-a9ef-a0f40649a17b,08f682e0-0949-4d7f-9c1a-36bb48342221,store,1,215.55,7.56,2026-01-24T13:51:21.039869
462a6959-82c9-4b7f-8744-4e21a27fd4de,32528c9b-b758-4757-b73f-1f5e974a7789,321b80eb-c6e9-42e0-a6f5-86598247acd3,web,1,292.89,13.69,2025-07-17T13:51:21.039882
aba53295-a144-4c40-8bf2-9ae056e2aeb2,980e4b8c-94c3-4334-bcf6-5106b7ec56c1,e68cd9b3-0f66-4719-b9c8-10a5e0acfc32,web,1,429.1,4.24,2026-03-03T13:51:21.039895
972a0cd2-2436-4693-b027-29b5a46ec089,c852846f-39ad-4f90-a373-f27b686cbd6b,e68cd9b3-0f66-4719-b9c8-10a5e0acfc32,web,1,429.1,13.99,2025-09-05T13:51:21.039911
153c7d4f-b170-4945-905f-f19361e22749,79fc4812-26d3-4ade-93fb-8c817b2fb15b,a47d64f7-a098-44b9-8c64-05a8c978779f,mobile,5,1529.1,17.68,2025-04-15T13:51:21.039925
58ee448e-a15e-431e-92a7-3bfb7b3dd690,82c6b92a-eacb-45ed-b8c3-430b0d490459,457d9d38-588b-41ff-8c67-d7258b51a8e6,mobile,4,1665.6,10.66,2026-01-25T13:51:21.039939
2e80291d-d37c-4deb-bb19-ef80d7c4342f,4d5be6ed-605b-4d3a-83b2-7f62be7a5259,56ad6e1f-0691-4acd-a3de-c8da072e3963,web,4,584.6,12.22,2025-09-10T13:51:21.039952
40787e20-bf7a-49b1-bd8f-b2cdc82460c1,edcd837f-7b30-4f33-b321-66343954be91,f1f6542b-4b3f-4e65-8d9a-766c8d57ad72,store,3,964.44,12.13,2025-11-05T13:51:21.039966
65eb6c3a-88a4-4803-ab73-76e0be531c0d,1a545b76-5860-41b1-baaa-3e68e201641e,cbf743b9-e903-4a26-825c-7bde33e1d82c,store,2,746.7,7.51,2025-09-20T13:51:21.039978
dc1fd32c-f105-4b5a-bf3e-c6db77084f74,2bf20add-b53d-4ece-be51-331ebb53ad0c,7df8e284-e832-44a7-94ef-f17a4e5da9d6,web,1,89.69,15.93,2025-06-22T13:51:21.039991
788c7468-86c0-4ea0-9abb-9ec6deaee57a,4fea6d9e-f8ff-4426-9531-797cc03943e1,69b6bb4a-cfaa-4878-91ae-e146f31c1955,mobile,2,683.14,18.99,2025-04-22T13:51:21.040005
5b9f1c99-ef0b-4e97-9337-67c3bda4389b,5811146f-e353-4d97-be9b-134b231bf480,17c1c99f-c424-420e-8868-5ab21bafe8e5,mobile,4,569.04,11.61,2025-09-25T13:51:21.040019
2d5fb464-29ce-45d9-8a5f-d2466cdf2382,0aecb8b1-e5bf-4a41-88ed-1559a7e7a3a1,542e404c-f975-45bf-b793-249b8d15665d,web,1,107.42,10.78,2025-07-24T13:51:21.040034
79b89115-82fb-478e-bac3-a8e7ee84b19e,9d5bc314-79d9-4dee-966f-dba735c7590f,542e404c-f975-45bf-b793-249b8d15665d,mobile,2,214.84,17.17,2026-03-21T13:51:21.040047
f0e211c0-4afe-4029-8b29-1f9b5b5dadee,853320e2-2a2e-4c3f-adc1-dda36244a5bf,d5ee97fe-7203-4277-a432-29e8207ec8be,mobile,2,105.18,1.67,2025-07-14T13:51:21.040060
14efa610-a663-4368-a54f-bd4502f781d3,5034622a-2469-4dba-9e13-706f0eafd0c5,168e2ef5-ab86-444e-ad38-6cbe82465e6a,store,1,90.06,6.64,2025-12-04T13:51:21.040081
495dd473-2730-43a7-a506-64a2340d4ca5,e0218eae-26bc-40f7-820b-69b7e7a384a5,24665074-3a11-4fcf-82f7-1d50a0b2580f,store,1,381.81,17.0,2025-09-09T13:51:21.040111
6397c8e4-0eca-43a0-a21b-3dc7fdc1596d,bdb77e2b-5d39-41d7-8683-b92222eebcd7,542e404c-f975-45bf-b793-249b8d15665d,mobile,2,214.84,1.79,2025-04-23T13:51:21.040140
47ec39cf-343b-4c14-89de-6bea028f32cd,f3a49fd3-455a-4ac4-9d70-9cd8d52b0e4e,f1f6542b-4b3f-4e65-8d9a-766c8d57ad72,mobile,1,321.48,12.68,2025-09-11T13:51:21.040170
89b0f083-0b56-44b7-baaa-11e50586da42,4ef4042a-f263-4a37-919f-f91e554b9949,905f2110-caca-46ad-b1fc-61c3fda110f1,mobile,4,194.4,5.53,2026-01-21T13:51:21.040184
86f6b4f3-0fdb-4f12-a539-1ef56117bc37,a177a8f2-78cc-4b69-8423-50b9e3c5cb7e,457d9d38-588b-41ff-8c67-d7258b51a8e6,web,1,416.4,15.6,2026-03-30T13:51:21.040197
f0de7247-8cc1-401c-8fdb-2b461b1498f0,96478114-3e95-4c71-adc2-4d8618801e09,cbf743b9-e903-4a26-825c-7bde33e1d82c,store,1,373.35,3.3,2026-03-04T13:51:21.040210
d2e94e7d-1326-4a49-a985-81073e370b37,78ef8c5e-d740-4e3d-aa65-2c822c418b3c,1890b36f-a137-41e5-b5ed-1d9d565c4bd0,web,1,25.56,9.62,2025-04-28T13:51:21.040226
74bdec17-3244-4b8a-9f90-6035f8442d0d,f36fccea-2534-4b79-a552-2ebb363bad1a,08cb9e44-2170-4369-9ab2-a47e52847e6c,mobile,4,468.48,7.43,2025-07-14T13:51:21.040243
b0d95c18-9c47-4fda-996d-97ae622e4b49,706c92b2-4312-41a5-af08-065360ef288d,cbf743b9-e903-4a26-825c-7bde33e1d82c,store,2,746.7,7.58,2025-10-17T13:51:21.040272
94344e3d-032d-40e3-96ca-5fa0bc7165e2,0405e266-5a01-46aa-8949-ead219b74ace,bdea1b76-1208-4a2f-b2e1-1aa8a5626500,store,3,925.38,3.19,2025-11-17T13:51:21.040291
4ede4ccd-d8f7-48db-9c99-1b053c96ab30,a297e636-369b-47d2-b6d9-e19bf136f198,08f682e0-0949-4d7f-9c1a-36bb48342221,mobile,5,1077.75,10.8,2025-05-08T13:51:21.040306
66e1d45b-2ef5-40ec-a2c8-87ab4cfab78c,5b57c74e-573c-4427-abd3-d81ce726c936,ca3df109-0f94-4c65-bb50-5e247fa97614,web,5,1769.4,3.51,2026-03-07T13:51:21.040320
a5959e3a-8beb-47a1-ab1a-e43a1d2a7f74,f1e85f7e-0df4-4232-b450-87ea70eaed9e,a0de6626-305c-473f-946f-bec5e72fa2b2,web,5,1837.8,6.28,2025-06-01T13:51:21.040333
4aa99627-c9db-4d23-8dec-604e88eb8002,62333fd8-0787-4f08-8f24-0bd988d5394f,944989d7-0474-4130-959f-c793bf62259e,store,5,596.8,0.53,2025-09-05T13:51:21.040346
deb50e2a-7818-464a-ac55-6b23d5a6bc43,c55e3b0c-2166-4985-a1d3-11a262d3395d,69b6bb4a-cfaa-4878-91ae-e146f31c1955,store,1,341.57,17.72,2025-05-12T13:51:21.040358
85b1370a-8b53-44e3-8c2c-92d322e9e1e5,d0e41f6c-c8cb-4de6-86a7-55eb1edf917c,6c37ac7c-22fb-489b-9e12-ba964446997b,store,3,1331.58,14.48,2026-03-01T13:51:21.040372
9b494abc-2bfd-4579-b16a-5e903bc069b2,034fb1e4-e5d9-468d-91ee-334981a4ff94,1791a541-fe39-430b-9626-a24acd85e08e,store,2,543.44,11.26,2025-09-20T13:51:21.040385
7b1d44ed-3679-422c-8664-30c5c586c98c,a295cf72-e598-4850-963d-6023136619cc,e68cd9b3-0f66-4719-b9c8-10a5e0acfc32,mobile,2,858.2,4.56,2025-11-29T13:51:21.040399
8757a9cb-09cb-4022-b631-c962ede5714c,d94b6713-3071-40cb-b879-b1983278bef5,321b80eb-c6e9-42e0-a6f5-86598247acd3,store,1,292.89,16.43,2025-10-10T13:51:21.040412
bcffdf8f-f67a-41f0-a319-d223b5ed669d,cd1b11ec-0996-4be8-8902-195674a27e17,2341a1b6-ca76-4973-ad2e-4a906f9fd51d,mobile,4,470.4,14.29,2026-03-25T13:51:21.040429
e18b23c0-cbe3-434e-8891-bbb42b24c7c3,e126d0cb-6e82-4a85-b85f-f2678181bce6,0e9c5cdb-187a-4121-93cd-cd24adc53bc4,web,1,112.65,4.81,2025-09-19T13:51:21.040442
fa959ef6-6830-4c4a-a58f-42d8f12ed74f,eb411509-29e2-4223-b53d-22fb38b6fbcf,17c1c99f-c424-420e-8868-5ab21bafe8e5,store,4,569.04,15.73,2025-06-03T13:51:21.040458
98428cca-a8f7-4908-8b35-39f037e7b141,3cae7953-c156-471c-9a5f-92f3526f83e4,1791a541-fe39-430b-9626-a24acd85e08e,web,2,543.44,1.21,2026-02-10T13:51:21.040472
d4466e8b-83a5-4991-9211-c37430e86a23,efea988a-5ab4-4061-a010-1c03b054328b,69b6bb4a-cfaa-4878-91ae-e146f31c1955,store,1,341.57,16.7,2025-09-27T13:51:21.040485
925dfc62-6911-495b-8a54-5cc6412ca569,bb4ef3c6-a55d-4ec2-9f3e-ed8bc693d9d5,17c1c99f-c424-420e-8868-5ab21bafe8e5,store,5,711.3,12.51,2026-04-13T13:51:21.040498
fa9bc170-cf7e-4f3b-a5b5-a3da92786846,400b741d-0ca0-45d6-8523-573617fee653,24665074-3a11-4fcf-82f7-1d50a0b2580f,store,5,1909.05,17.61,2025-08-16T13:51:21.040531
e4d551e4-a332-423f-909c-b1be4df187fb,5b737127-dd4b-42d2-8e51-24ce5e175dba,1791a541-fe39-430b-9626-a24acd85e08e,mobile,2,543.44,15.28,2025-10-04T13:51:21.040571
67ace65f-caa3-4de0-a35d-0c280e50fa16,a18309c4-a283-406a-9f8a-e402aa32ac66,d5ee97fe-7203-4277-a432-29e8207ec8be,web,4,210.36,3.1,2025-11-29T13:51:21.040593
08055c2a-7457-493a-bba9-71459431b904,ade7f931-425a-4ac1-9ba5-fb56ea154a33,08f682e0-0949-4d7f-9c1a-36bb48342221,mobile,4,862.2,5.9,2025-06-03T13:51:21.040606
3ef6c42f-3c41-443c-b2a0-eb07fe65c55b,32528c9b-b758-4757-b73f-1f5e974a7789,1791a541-fe39-430b-9626-a24acd85e08e,mobile,5,1358.6,13.34,2025-05-20T13:51:21.040620
892a29ce-866d-4d1a-bbb7-33d8646ccb9a,0cfd5607-d58f-4d81-9835-b178d717b015,e68cd9b3-0f66-4719-b9c8-10a5e0acfc32,web,3,1287.3,4.85,2026-01-24T13:51:21.040633
882dae19-c9f6-4199-a22a-e1fd67205dc9,d5327b4f-92bb-47e0-8591-523fd0425dda,542e404c-f975-45bf-b793-249b8d15665d,store,3,322.26,4.28,2025-07-19T13:51:21.040646
991121a0-6a04-494a-b70b-cfe95b0961ea,16e7deb1-5e07-4f9f-b198-5181d24733dd,11d7b21d-825c-442e-8c20-a64d4de4dd3c,web,1,57.38,16.44,2025-08-22T13:51:21.040659
e5a050e2-23e6-431c-a46b-984363082786,bbc3ffc3-639e-44b8-bab5-4f66ba758fd7,1308f602-c166-4cdc-868a-0b4938053d4d,store,2,64.88,15.15,2025-10-16T13:51:21.040672
f8f23e19-d8fe-4299-ab76-13b5f78c91c4,0128dff7-59f2-4242-8cbc-aa2fd07f13b8,944989d7-0474-4130-959f-c793bf62259e,web,2,238.72,14.42,2025-09-21T13:51:21.040685
1711f84e-ab42-4f7c-a430-102c665073c2,6951a992-1ef4-4e7f-af9b-4a2989cadc35,457d9d38-588b-41ff-8c67-d7258b51a8e6,web,5,2082.0,5.88,2025-05-01T13:51:21.040698
fc0e4cc3-8cd9-483f-96f5-8ab61d153964,6d40d013-a9c6-497a-a9a8-a3c69db7cdf1,cbf743b9-e903-4a26-825c-7bde33e1d82c,store,1,373.35,6.15,2025-08-18T13:51:21.040711
d8c54121-5d92-44f6-92eb-e978d27b9974,5ea34c47-e02d-45ce-bbe2-3ae31540f714,a47d64f7-a098-44b9-8c64-05a8c978779f,mobile,3,917.46,19.2,2025-07-27T13:51:21.040723
025f046b-2b54-4bc3-881f-4b283e111bc2,82c6b92a-eacb-45ed-b8c3-430b0d490459,bdea1b76-1208-4a2f-b2e1-1aa8a5626500,mobile,1,308.46,2.18,2025-12-21T13:51:21.040737
2af2d71b-22df-431f-a80d-64120a9d48ec,10c5aaaa-16e0-442a-b44c-907f6d455a23,17c1c99f-c424-420e-8868-5ab21bafe8e5,web,5,711.3,16.61,2025-07-24T13:51:21.040751
56008160-6056-495c-9582-1841bd15fe16,70928f45-8f59-44f3-973d-95a5d8e1a0c7,457d9d38-588b-41ff-8c67-d7258b51a8e6,mobile,2,832.8,16.64,2025-08-20T13:51:21.040764
9a106440-7b79-4287-9100-f8a18ccb96e3,f6f84d4a-8f74-45a9-8dca-f2861185f737,457d9d38-588b-41ff-8c67-d7258b51a8e6,mobile,1,416.4,12.78,2025-11-18T13:51:21.040777
d2c50a90-fdc6-4a16-aba1-b806e1cf69bf,3f9dc824-91b5-4ab4-b84d-905a7500ef6d,a0de6626-305c-473f-946f-bec5e72fa2b2,web,2,735.12,4.18,2026-01-01T13:51:21.040790
ca377edd-2379-4733-aebe-67987df58af3,cd7c00ee-783f-44f3-9c7f-80c043255ce5,6c37ac7c-22fb-489b-9e12-ba964446997b,store,2,887.72,11.74,2025-07-20T13:51:21.040803
e6cd1987-8481-4678-9bcf-56d4e4cbf09c,81444fcd-e4cb-4181-9eb5-0f0c87ce0dd7,28de6b67-c5da-4fd9-9ae6-64f199eb885d,web,4,1219.92,16.12,2025-12-23T13:51:21.040816
ef36f31b-1030-40df-b041-fb015f1fd69d,8ccd0f15-fc71-4c67-ad0e-2f8a0beac395,08cb9e44-2170-4369-9ab2-a47e52847e6c,mobile,5,585.6,9.33,2025-08-26T13:51:21.040830
ca9f2c9a-f75d-44d5-962d-0347e474ab64,c1fdb530-3f98-4f58-aebf-d3d9e2463e57,28de6b67-c5da-4fd9-9ae6-64f199eb885d,mobile,5,1524.9,19.51,2026-03-22T13:51:21.040846
9b045743-8a5b-4116-a8e2-74bdbb798eed,10c5aaaa-16e0-442a-b44c-907f6d455a23,1890b36f-a137-41e5-b5ed-1d9d565c4bd0,web,2,51.12,2.69,2025-08-06T13:51:21.040861
848c1d3e-ed4c-4b20-a685-30d70e64154b,def31f26-998a-4ab5-805e-1a02aac4ed26,905f2110-caca-46ad-b1fc-61c3fda110f1,store,2,97.2,17.1,2026-03-26T13:51:21.040874
3d757988-5241-40f3-80e4-a9e19ff38706,739dee87-b56f-4b08-a7f9-6c85d6818fe3,d5ee97fe-7203-4277-a432-29e8207ec8be,mobile,1,52.59,9.93,2025-06-06T13:51:21.040888
7bdb1bf8-66d9-4809-b9b4-53743f222b5d,72595032-530c-40ee-b0f0-4ba91d52b77a,905f2110-caca-46ad-b1fc-61c3fda110f1,store,4,194.4,19.21,2026-02-26T13:51:21.040910
822278d9-e98a-4204-80ea-e28748b30c53,9a58294d-b1d7-464a-a310-45a0eccb0b17,e68cd9b3-0f66-4719-b9c8-10a5e0acfc32,web,5,2145.5,0.21,2025-07-21T13:51:21.040937
a60ad813-75d3-4eae-b2cb-57866ca951b2,0a6dd152-f4e3-4ace-b8a8-88e743549233,56ad6e1f-0691-4acd-a3de-c8da072e3963,mobile,1,146.15,2.13,2026-03-31T13:51:21.040951
b6c390ee-7b60-4895-b65f-2060580240f3,fc1c2ec0-aa0e-4069-8b6b-9fa8c982a54c,e68cd9b3-0f66-4719-b9c8-10a5e0acfc32,web,1,429.1,16.75,2025-07-08T13:51:21.040964
dfa185fd-792f-4526-815b-8b0c019d3e2b,5034622a-2469-4dba-9e13-706f0eafd0c5,79634690-8c5c-4240-8205-82b10c85c886,store,2,646.62,6.68,2025-04-28T13:51:21.040976
01083e06-434c-42fe-bfba-320277e35069,fcce4cc1-7186-4f54-85f6-10e497d9899f,ca3df109-0f94-4c65-bb50-5e247fa97614,mobile,3,1061.64,2.39,2025-11-21T13:51:21.040990
1e1a3dd5-c763-43d8-b88f-a95aca1f12f6,9c8a22ec-7e5f-474b-8e85-d6b34aea9e24,e68cd9b3-0f66-4719-b9c8-10a5e0acfc32,mobile,1,429.1,4.27,2025-06-02T13:51:21.041004
6318db1a-d431-460f-a30e-5478303589e0,6951a992-1ef4-4e7f-af9b-4a2989cadc35,6c37ac7c-22fb-489b-9e12-ba964446997b,web,2,887.72,6.22,2026-03-17T13:51:21.041018
d161c7a9-572a-43fe-9353-76e7e427dfb3,09ea9b77-2776-4869-9b5d-0cfcb5dee3eb,28de6b67-c5da-4fd9-9ae6-64f199eb885d,mobile,5,1524.9,5.74,2025-05-23T13:51:21.041031
8c0b0e12-4c6d-454a-bb47-d92e5af4b378,9250bcb7-8e85-4859-9210-77e4d80ea8af,a0de6626-305c-473f-946f-bec5e72fa2b2,store,2,735.12,10.6,2025-12-18T13:51:21.041044
8f5803f3-56ed-473a-bec5-519bb789151b,c965e9c5-69cf-4549-9341-be2f2bdff784,cbf743b9-e903-4a26-825c-7bde33e1d82c,store,5,1866.75,3.89,2026-02-03T13:51:21.041061
990fa957-a1f8-4c64-8a1c-53e5196401a5,05936011-9e61-41c0-bc67-638eee4f08eb,9c0e36b8-29dc-48d8-9869-8d952c29dbdb,mobile,2,597.46,10.12,2025-06-09T13:51:21.041088
2134d237-bd98-48d4-bd3f-d427a2e86b86,72cb36c3-7d29-445a-be42-baccbe7f0659,bff07f43-24a8-4d20-b9e9-6cac1ecce307,store,4,240.28,6.75,2025-11-26T13:51:21.041102
8503470d-5ab8-43e7-938b-0151176570e8,ccc80586-f348-4f03-85eb-7da4adedccb4,1890b36f-a137-41e5-b5ed-1d9d565c4bd0,mobile,3,76.68,14.92,2026-03-28T13:51:21.041114
e5bf1408-097a-4928-be18-274feefe5b7c,6a7d4a2f-a923-4761-be81-fe7f573a5848,a0de6626-305c-473f-946f-bec5e72fa2b2,mobile,2,735.12,8.14,2025-07-23T13:51:21.041127
a4bd866a-d323-4ef5-af2d-f8cd49e5e78c,0e84ca4e-38ef-4914-9a48-d37c077735d3,944989d7-0474-4130-959f-c793bf62259e,web,3,358.08,15.56,2025-05-28T13:51:21.041151
e4cafda5-b417-42f1-9fab-cf77c5a9fd58,897ea419-5205-4856-81b1-ab4a07c658a1,bff07f43-24a8-4d20-b9e9-6cac1ecce307,store,4,240.28,8.71,2025-09-25T13:51:21.041196
c72a37cc-6962-4f9f-9805-b9a8c1db8b1f,3226488b-4d5b-4e5c-b1a2-eb3197174b97,944989d7-0474-4130-959f-c793bf62259e,web,5,596.8,2.33,2025-04-25T13:51:21.041227
df9edea1-d652-43bc-9302-fd0d5c3032a2,28bda88c-ec35-4327-97b4-3646020d3493,e19c753d-318c-4edb-b565-fc406c99c72c,web,1,196.25,17.5,2026-03-25T13:51:21.041255
572c22ee-0218-4216-8e30-8457f1783fcb,f4898991-6e86-4b9c-a7fe-2cff54efe3ea,1791a541-fe39-430b-9626-a24acd85e08e,store,2,543.44,7.96,2025-10-13T13:51:21.041278
5dcd5ae7-30d9-4dbb-b463-330c09a4f785,1b01f236-b755-4298-ae6c-63febc013b50,1890b36f-a137-41e5-b5ed-1d9d565c4bd0,web,1,25.56,13.7,2025-09-30T13:51:21.041294
d5562fe8-83d8-43ba-825f-52383557e711,72cb36c3-7d29-445a-be42-baccbe7f0659,905f2110-caca-46ad-b1fc-61c3fda110f1,web,2,97.2,15.35,2026-02-23T13:51:21.041307
4b6dac97-aae6-4567-9cdf-3875ad644290,3353b7da-6f12-42f1-9424-fbde65b4b5f8,457d9d38-588b-41ff-8c67-d7258b51a8e6,store,3,1249.2,10.18,2026-03-20T13:51:21.041332
4e5f74d1-6f77-47e5-8819-01a4e13b649d,ea4f8aeb-9ef4-46ca-953e-5e309b9171ca,e19c753d-318c-4edb-b565-fc406c99c72c,store,5,981.25,12.53,2026-02-19T13:51:21.041349
cd79f543-d152-4779-8d51-69f61b8ab218,cd0f116b-8b06-4970-a39d-a895155e5d42,e19c753d-318c-4edb-b565-fc406c99c72c,web,5,981.25,12.42,2025-05-21T13:51:21.041363
7be82e6c-edfd-4780-a8c2-6b6232af3c62,5034622a-2469-4dba-9e13-706f0eafd0c5,11d7b21d-825c-442e-8c20-a64d4de4dd3c,web,3,172.14,4.84,2026-03-26T13:51:21.041376
b73fd429-3b57-4140-bdb2-1f31c4cc882d,6b392f66-a330-4f27-b492-3b50aac92199,17c1c99f-c424-420e-8868-5ab21bafe8e5,store,1,142.26,15.6,2025-07-19T13:51:21.041389
fed7038e-c556-455c-a96f-55f03a34d35d,c965e9c5-69cf-4549-9341-be2f2bdff784,053f89ae-21b6-4267-baf4-f4be573d366f,mobile,2,142.3,18.25,2025-08-14T13:51:21.041403
10b734b3-76ce-417a-a95b-dcc6d0038799,0aecb8b1-e5bf-4a41-88ed-1559a7e7a3a1,1791a541-fe39-430b-9626-a24acd85e08e,web,2,543.44,4.24,2025-09-19T13:51:21.041416
72074dbd-e9f7-416e-840e-87b99c930b6a,325a16f2-810b-43e0-b3fa-e2d5e3c13093,321b80eb-c6e9-42e0-a6f5-86598247acd3,web,5,1464.45,2.05,2026-02-11T13:51:21.041429
dcae0112-1807-48f5-b7a0-c32125dad088,43c92511-959a-4446-90c1-fe53cc07de9f,f1f6542b-4b3f-4e65-8d9a-766c8d57ad72,web,1,321.48,10.15,2025-06-09T13:51:21.041442
e66bf49a-3f92-47fa-abdb-8a48cd185209,cfa50b22-dd88-4144-a163-40e5f68f236a,d5ee97fe-7203-4277-a432-29e8207ec8be,mobile,3,157.77,3.64,2025-11-20T13:51:21.041456
29e67376-0406-4ca1-8d51-c4b6353914c4,3cae7953-c156-471c-9a5f-92f3526f83e4,f1f6542b-4b3f-4e65-8d9a-766c8d57ad72,web,3,964.44,8.06,2025-06-21T13:51:21.041469
9056d634-8fd5-461e-af9e-319d417b112f,c55e3b0c-2166-4985-a1d3-11a262d3395d,2341a1b6-ca76-4973-ad2e-4a906f9fd51d,store,5,588.0,15.33,2025-05-30T13:51:21.041485
cf1a49ef-708c-4fdd-8106-aa2ef3d113af,51b8c361-d3b7-4bfc-a0c5-c15b2fc0a697,1308f602-c166-4cdc-868a-0b4938053d4d,mobile,3,97.32,12.09,2025-07-07T13:51:21.041501
f0ba686f-3e23-4047-b335-bc97d79a00b6,c08b7d80-81ef-4d20-ae7b-8a8d690a6465,7df8e284-e832-44a7-94ef-f17a4e5da9d6,store,1,89.69,2.9,2025-07-22T13:51:21.041528
ca5488ac-0eaf-4003-bcf7-52af66180878,cd1b11ec-0996-4be8-8902-195674a27e17,321b80eb-c6e9-42e0-a6f5-86598247acd3,mobile,5,1464.45,19.04,2025-10-01T13:51:21.041557
b9a4be8d-3f3d-4a8d-8b86-6bf18463e509,5b737127-dd4b-42d2-8e51-24ce5e175dba,08f682e0-0949-4d7f-9c1a-36bb48342221,web,3,646.65,5.89,2025-06-30T13:51:21.041571
91adf19b-e910-4f1f-b76e-1d8fd295778d,72383042-728e-4d20-b0bc-201a92009198,bdea1b76-1208-4a2f-b2e1-1aa8a5626500,mobile,3,925.38,15.85,2025-06-28T13:51:21.041584
25cc8743-af69-49f1-8d6a-518fb3acc939,058c636f-b73c-4bd9-bd6a-134962a13206,ad1fb5ee-a91c-4991-9341-e395d2beecef,web,2,704.16,3.7,2026-01-08T13:51:21.041598
f3a8752f-f793-4894-ad26-c3cb617c2220,3aa173fb-07c2-4854-8619-e70a310930dd,6eae25b5-bfd1-445a-b0d8-86e5ef9604a3,store,3,1437.06,8.08,2026-02-02T13:51:21.041611
ae0ffe6e-e458-4c00-8e14-f4357a89c4c0,2fa382ae-d79d-488d-95e2-61f2338ea04b,69b6bb4a-cfaa-4878-91ae-e146f31c1955,mobile,4,1366.28,0.46,2025-06-01T13:51:21.041624
607e5f55-6f58-4b08-9c40-6e68299b126e,58baa912-a1cf-4bb6-a3ac-cdfccf1ec74b,0e9c5cdb-187a-4121-93cd-cd24adc53bc4,mobile,2,225.3,2.35,2025-09-24T13:51:21.041637
8a4e22b5-c187-45e9-9278-da6a7549a3c3,cd7c00ee-783f-44f3-9c7f-80c043255ce5,e68cd9b3-0f66-4719-b9c8-10a5e0acfc32,store,1,429.1,3.48,2025-05-22T13:51:21.041654
a39e335b-49a3-47b9-8889-c9a3743c8d89,bfa1faa6-7870-4ab7-b386-25eb3624f4dc,053f89ae-21b6-4267-baf4-f4be573d366f,mobile,5,355.75,12.13,2025-12-20T13:51:21.041686
d1cabe00-0c76-4c20-ae63-e19d2c954519,319b258d-67c6-4fda-93e9-f3a9fa80bcf2,321b80eb-c6e9-42e0-a6f5-86598247acd3,web,2,585.78,13.15,2025-07-23T13:51:21.041709
03318888-21c5-45ae-be0c-577b4242a9ec,56753df8-73b2-4c85-bad5-0476a1357785,cbf743b9-e903-4a26-825c-7bde33e1d82c,store,3,1120.05,19.2,2026-04-14T13:51:21.041722
522074e4-34f3-4aa4-b72c-ae7310423749,6599b145-76bf-4688-84ea-5549a07fc0b1,28de6b67-c5da-4fd9-9ae6-64f199eb885d,mobile,2,609.96,12.2,2025-04-25T13:51:21.041736
637e99af-ee7d-4ea3-9f9f-05a1930697e2,6fe8c4f8-6f02-4706-b398-6c3d0653b820,cbf743b9-e903-4a26-825c-7bde33e1d82c,store,5,1866.75,11.81,2026-01-30T13:51:21.041751
af059c8c-6ada-4277-9fc0-a54f95efa455,181f6def-75b2-4650-8010-6b2d2c405278,168e2ef5-ab86-444e-ad38-6cbe82465e6a,mobile,2,180.12,5.32,2025-09-05T13:51:21.041766
249b9ef1-09f0-4485-a5c2-d7d7decf1210,cd1b11ec-0996-4be8-8902-195674a27e17,17c1c99f-c424-420e-8868-5ab21bafe8e5,store,4,569.04,6.89,2025-06-26T13:51:21.041780
827835d9-8721-4d24-901f-703212455af6,71dd238d-4040-4247-9b73-eff211153a97,d5ee97fe-7203-4277-a432-29e8207ec8be,mobile,2,105.18,9.64,2026-04-08T13:51:21.041793
e0775fe6-f784-403e-bfd1-de286435c94d,5a07bc88-ff0b-4476-965f-f4c8d2922d97,08cb9e44-2170-4369-9ab2-a47e52847e6c,mobile,2,234.24,6.27,2026-01-08T13:51:21.041806
3dc60bb0-7d5e-42cb-91e1-b3b8e26c91fa,897ea419-5205-4856-81b1-ab4a07c658a1,28de6b67-c5da-4fd9-9ae6-64f199eb885d,store,3,914.94,7.97,2026-01-07T13:51:21.041824
f2cefc2c-a320-4f2e-9289-d19d1572cb96,a217c9df-5a7e-43b6-a2e1-a6a71f171b05,bff07f43-24a8-4d20-b9e9-6cac1ecce307,mobile,5,300.35,5.44,2025-11-07T13:51:21.041839
fb4b6111-08ab-429b-ad8c-0fcee8651c46,ab9746c7-803a-4cf1-9ab2-b32655c44619,944989d7-0474-4130-959f-c793bf62259e,store,1,119.36,15.05,2026-01-21T13:51:21.041853
12a60080-3147-466d-bb71-f22ec2b75561,448a6e6d-f8d5-4ebc-bf46-f25be1b499c3,79634690-8c5c-4240-8205-82b10c85c886,mobile,5,1616.55,7.81,2025-09-05T13:51:21.041873
9ceeea20-54db-4409-a827-fb6ecb86533c,2ad030d1-08d6-45dc-9145-6bb5dbf72900,1308f602-c166-4cdc-868a-0b4938053d4d,web,1,32.44,16.67,2026-03-18T13:51:21.041902
80e5f718-1e97-44a9-b651-438e738964ed,f1e85f7e-0df4-4232-b450-87ea70eaed9e,1308f602-c166-4cdc-868a-0b4938053d4d,web,5,162.2,1.62,2026-01-02T13:51:21.041925
f99ad46d-a11a-4121-9c9c-f23b492183df,6348aef4-0c22-4f32-82aa-af99e49beca1,457d9d38-588b-41ff-8c67-d7258b51a8e6,web,1,416.4,7.5,2026-03-22T13:51:21.041938
0d98c692-1c9f-4595-98ea-089e6e764b4c,f4898991-6e86-4b9c-a7fe-2cff54efe3ea,a47d64f7-a098-44b9-8c64-05a8c978779f,mobile,1,305.82,12.13,2025-11-16T13:51:21.041952
74f83bcf-a7ae-44a6-93e3-af19e267d095,9a58294d-b1d7-464a-a310-45a0eccb0b17,905f2110-caca-46ad-b1fc-61c3fda110f1,store,1,48.6,15.47,2025-08-26T13:51:21.041971
450e8898-6a4f-4f9c-bb69-54bc7445dbdf,01345167-d5c6-442f-9e36-7a5740ee4bcf,1791a541-fe39-430b-9626-a24acd85e08e,store,2,543.44,12.84,2025-06-21T13:51:21.042003
bfaf293b-ac38-4c0b-a38a-4ad5cf2e5750,f6449f19-458b-444b-b1c6-fdab5901ee7d,08f682e0-0949-4d7f-9c1a-36bb48342221,web,1,215.55,12.75,2025-10-09T13:51:21.042033
47ab472a-fe78-4576-ba6a-45c25ad98e1d,dfd88f4a-881a-4321-818c-18b086464918,cbf743b9-e903-4a26-825c-7bde33e1d82c,store,4,1493.4,11.98,2025-09-02T13:51:21.042055
ac176dd1-5b17-4bf1-a494-90bcff7ffc15,6b1fe901-5849-41af-9f5a-20e3dd30b27e,9c0e36b8-29dc-48d8-9869-8d952c29dbdb,store,1,298.73,17.71,2025-04-15T13:51:21.042069
b77febe8-6718-44b3-bf5f-45f3987622b3,9c8a22ec-7e5f-474b-8e85-d6b34aea9e24,f6df0b45-6106-42d3-8c75-195d0ad4baee,web,4,1555.16,11.93,2025-05-07T13:51:21.042082
1cabeeaa-bbf9-49f7-92ae-5bc2fc8baa82,a00a95c9-a5cf-4c8d-8945-2a6b7eddd907,cbf743b9-e903-4a26-825c-7bde33e1d82c,mobile,5,1866.75,17.45,2026-02-27T13:51:21.042095
661e5e87-1b16-456e-8c29-cd0bf6973911,9c8a22ec-7e5f-474b-8e85-d6b34aea9e24,0e9c5cdb-187a-4121-93cd-cd24adc53bc4,web,4,450.6,11.31,2026-03-22T13:51:21.042108
9ba57fe3-edf4-4891-9519-472fe56726f9,6c3db998-9cb9-4c30-9190-235dca95b547,d5ee97fe-7203-4277-a432-29e8207ec8be,store,3,157.77,18.73,2026-04-04T13:51:21.042121
21f0a7bd-4bed-4d1e-b72b-a3e442887d3f,79f0c9f5-48e2-4825-9d7e-ccca692a8555,168e2ef5-ab86-444e-ad38-6cbe82465e6a,web,3,270.18,3.97,2026-03-12T13:51:21.042136
3dd4a92a-d567-40c8-a7de-1bcd088ceb69,8290b56a-c317-4563-a6ed-d3324c017372,6eae25b5-bfd1-445a-b0d8-86e5ef9604a3,store,1,479.02,7.16,2026-02-07T13:51:21.042149
a350212e-c7dd-4da9-8b39-bd84556d0738,a92984c0-2022-4ff4-9915-d94264c7fd2a,9c0e36b8-29dc-48d8-9869-8d952c29dbdb,store,2,597.46,2.17,2025-10-21T13:51:21.042162
f7c592b4-2cac-45fc-a966-f82f4277c4b7,853320e2-2a2e-4c3f-adc1-dda36244a5bf,1890b36f-a137-41e5-b5ed-1d9d565c4bd0,web,4,102.24,16.99,2026-04-10T13:51:21.042182
ba454774-14b9-4c8f-adf0-0c340188da1f,ab9746c7-803a-4cf1-9ab2-b32655c44619,9c0e36b8-29dc-48d8-9869-8d952c29dbdb,mobile,1,298.73,3.27,2026-03-06T13:51:21.042207
311d0ba4-eeed-45bf-8e85-0ed73a283a34,eb136255-db39-4861-8dc4-15cb1a767613,28de6b67-c5da-4fd9-9ae6-64f199eb885d,web,2,609.96,16.5,2025-09-11T13:51:21.042234
69735905-ef95-407a-8708-c01648fc71aa,b1e46fa8-728f-4df2-8c6c-eada87873a60,905f2110-caca-46ad-b1fc-61c3fda110f1,store,2,97.2,10.92,2025-08-19T13:51:21.042258
2bb83b97-83b6-4f02-b2d2-882466dd5588,596f31a6-fa4a-4f78-b82d-1c50602c82ff,6c37ac7c-22fb-489b-9e12-ba964446997b,web,4,1775.44,4.37,2026-02-12T13:51:21.042297
c53822b0-0fd2-4fb6-a90a-1029043641fa,d7b7e2da-9059-4d56-ae4f-90db25a23b66,168e2ef5-ab86-444e-ad38-6cbe82465e6a,store,3,270.18,11.85,2025-11-09T13:51:21.042313
7c9657d7-83cb-4632-95b1-7971c55add3a,9c8a22ec-7e5f-474b-8e85-d6b34aea9e24,9c0e36b8-29dc-48d8-9869-8d952c29dbdb,web,5,1493.65,2.82,2025-11-01T13:51:21.042326
89d10f74-ec53-43be-ac6a-84ffa364cd17,643e9ab7-7f06-4631-b966-7cdf4dff8ad3,a0de6626-305c-473f-946f-bec5e72fa2b2,web,5,1837.8,8.62,2026-03-24T13:51:21.042339
cd2c1607-76f0-4e40-9ec5-ccd23e7986cc,5bf4583e-b845-45d7-884b-2881ba288b9d,69b6bb4a-cfaa-4878-91ae-e146f31c1955,web,2,683.14,13.64,2025-08-27T13:51:21.042352
39f92f5e-1282-4474-8a1d-ecdd412bfa81,d71e8f1d-919c-4e14-a319-147952812e42,08cb9e44-2170-4369-9ab2-a47e52847e6c,mobile,4,468.48,2.17,2025-08-18T13:51:21.042365
295f0165-6733-4347-ad86-a572e60e6d60,4f8976eb-b7a7-407e-a978-81c6b0ca8ebc,7df8e284-e832-44a7-94ef-f17a4e5da9d6,mobile,4,358.76,3.41,2025-05-09T13:51:21.042378
ee075e02-fb51-4642-bce6-ef6ace3a8dc8,637c0f84-207d-48a7-a962-320e19bc238f,d5ee97fe-7203-4277-a432-29e8207ec8be,mobile,1,52.59,1.85,2026-01-23T13:51:21.042395
f7274d40-c952-43a8-98a7-7e73f9940fbb,78d4e439-fa45-4a8f-9594-3c1461777872,168e2ef5-ab86-444e-ad38-6cbe82465e6a,mobile,2,180.12,3.87,2026-02-22T13:51:21.042409
3c12cdc3-254e-4d54-9d17-424ba5a3fb21,de68fb7c-314a-441e-8f92-23d7f49a490a,e68cd9b3-0f66-4719-b9c8-10a5e0acfc32,mobile,2,858.2,6.8,2025-06-26T13:51:21.042422
c124968f-4c74-4923-9507-593c6dd106fc,d34b6e61-d1a7-4387-9cfb-0e7ab4e5d294,ca3df109-0f94-4c65-bb50-5e247fa97614,web,5,1769.4,15.16,2025-09-03T13:51:21.042436
00a73063-5e21-4c5b-973e-2a08eb338870,0128dff7-59f2-4242-8cbc-aa2fd07f13b8,6eae25b5-bfd1-445a-b0d8-86e5ef9604a3,web,5,2395.1,16.96,2025-12-12T13:51:21.042449
a00e403f-e9b8-46cc-919d-5b2752a9ee41,fe8004db-ae57-4bee-a0a8-df5308934a24,168e2ef5-ab86-444e-ad38-6cbe82465e6a,web,3,270.18,6.77,2025-09-18T13:51:21.042464
1680d643-afb2-4734-a06e-afe3fbdae6c9,51b8c361-d3b7-4bfc-a0c5-c15b2fc0a697,f1f6542b-4b3f-4e65-8d9a-766c8d57ad72,mobile,1,321.48,11.77,2025-08-06T13:51:21.042478
3b3028ff-556d-408e-b55a-0fdac72df6ad,de09c21b-2790-4f59-98f6-c678497d35f8,e19c753d-318c-4edb-b565-fc406c99c72c,web,4,785.0,9.07,2025-05-02T13:51:21.042491
30a0e81d-06f2-4d80-b922-82672fa81e7e,e08005e5-7c2d-4d4a-b8b0-0dfdef1cc73d,69b6bb4a-cfaa-4878-91ae-e146f31c1955,web,4,1366.28,18.01,2025-08-04T13:51:21.042504
d526bf5e-3387-4aaf-971e-e9e5679df6e4,de68fb7c-314a-441e-8f92-23d7f49a490a,08f682e0-0949-4d7f-9c1a-36bb48342221,web,1,215.55,7.52,2025-10-11T13:51:21.042538
5e4e7ea4-653f-4ea5-bdcf-0d0073eac3cd,25f511db-8e77-4fc1-b6e3-9e44765a64bb,1890b36f-a137-41e5-b5ed-1d9d565c4bd0,web,2,51.12,12.58,2026-01-13T13:51:21.042568
021f86c8-93f8-4595-8401-e80c54ed2fe6,e83d5e91-42bc-417b-be08-af280ea86d5d,9c0e36b8-29dc-48d8-9869-8d952c29dbdb,mobile,1,298.73,17.47,2025-09-26T13:51:21.042582
119572f7-7680-457b-a74a-e32839dc0c1d,52b779bf-b219-4f6a-bf6d-facce6fa6900,79634690-8c5c-4240-8205-82b10c85c886,store,3,969.93,18.74,2025-07-13T13:51:21.042595
21a81b28-59df-4e3e-a3b0-8b956f2a7d31,bb92c951-7270-48f2-9213-bf2eeb692e34,11d7b21d-825c-442e-8c20-a64d4de4dd3c,web,4,229.52,14.65,2025-06-28T13:51:21.042611
a7ef51bd-0a57-49e9-a329-ed4efe4050ed,be029ce5-cd24-42ad-8779-03ff5f9f714b,24665074-3a11-4fcf-82f7-1d50a0b2580f,web,1,381.81,6.55,2025-06-27T13:51:21.042625
0fa13615-5386-4098-a45e-9c005759a0fa,617476de-8ec5-4f6e-860d-7c8277a7c4b1,7df8e284-e832-44a7-94ef-f17a4e5da9d6,mobile,5,448.45,11.81,2026-03-26T13:51:21.042641
0dcae4ae-b7ea-4ef0-a9d3-444f3e6e6503,72383042-728e-4d20-b0bc-201a92009198,a47d64f7-a098-44b9-8c64-05a8c978779f,mobile,2,611.64,12.18,2025-09-07T13:51:21.042655
570360f3-6684-44e7-910f-6f4580a2c7d6,5b57c74e-573c-4427-abd3-d81ce726c936,168e2ef5-ab86-444e-ad38-6cbe82465e6a,web,1,90.06,17.84,2026-01-24T13:51:21.042668
2a76b661-d347-4b49-9388-9d2ae2907a84,64fd2fb3-4de5-4dec-b89a-7ad24fb60fbf,457d9d38-588b-41ff-8c67-d7258b51a8e6,mobile,1,416.4,14.59,2025-06-10T13:51:21.042682
cc34af98-01c5-48b1-8810-18a81826f1b0,66008cc3-2699-4807-9a2a-082a6a036e54,168e2ef5-ab86-444e-ad38-6cbe82465e6a,mobile,4,360.24,13.83,2025-06-13T13:51:21.042695
34dec806-bc0e-4f23-864d-974f60d39aba,399dd347-bbce-4207-aac1-1923f065145e,a0de6626-305c-473f-946f-bec5e72fa2b2,mobile,2,735.12,6.75,2025-11-14T13:51:21.042708
0515d397-f885-4516-a9d4-30cc085a82f9,285b0a46-ec54-4ca2-b675-3bcd0a09e21a,bdea1b76-1208-4a2f-b2e1-1aa8a5626500,web,5,1542.3,12.95,2025-05-28T13:51:21.042722
a7a55aa7-d7e1-40ac-9d57-06e4f6d050cb,5bf4583e-b845-45d7-884b-2881ba288b9d,6c37ac7c-22fb-489b-9e12-ba964446997b,mobile,4,1775.44,10.15,2025-05-30T13:51:21.042735
f63bb7b3-0b9a-47e4-8be5-213d122503a8,72595032-530c-40ee-b0f0-4ba91d52b77a,944989d7-0474-4130-959f-c793bf62259e,store,4,477.44,18.47,2026-02-28T13:51:21.042748
5e261759-93df-4ca6-abbf-763075041fd7,a295cf72-e598-4850-963d-6023136619cc,168e2ef5-ab86-444e-ad38-6cbe82465e6a,store,4,360.24,9.55,2025-08-29T13:51:21.042762
1c56f565-fc3b-42ff-bf31-e1ee26b3ea44,9250bcb7-8e85-4859-9210-77e4d80ea8af,24665074-3a11-4fcf-82f7-1d50a0b2580f,store,1,381.81,5.5,2025-06-04T13:51:21.042775
2d3d9c08-5996-4acd-aa55-e1ba5db39895,3aa173fb-07c2-4854-8619-e70a310930dd,d5ee97fe-7203-4277-a432-29e8207ec8be,mobile,5,262.95,12.56,2026-03-14T13:51:21.042787
a4b663c5-a05d-4805-ae1e-2a58a70e6167,370e7bb7-6236-43ce-95ca-1a960f6b7194,7df8e284-e832-44a7-94ef-f17a4e5da9d6,mobile,4,358.76,9.85,2025-06-07T13:51:21.042800
7ba83e01-71cd-4210-be5d-bbb8a82d23af,c69c213c-78e1-4bab-9a52-334bd420ad6d,08f682e0-0949-4d7f-9c1a-36bb48342221,store,5,1077.75,10.12,2025-06-25T13:51:21.042815
bcec0348-c299-4532-85bc-d7d5ce823ec6,c0f89555-5fe2-4ced-8b60-e35e96e39987,08f682e0-0949-4d7f-9c1a-36bb48342221,mobile,2,431.1,11.54,2025-11-03T13:51:21.042829
0a491add-2c19-4aa5-ab99-9beaa86f7569,77a1f19a-1cff-43c5-b777-99dc030e28ab,944989d7-0474-4130-959f-c793bf62259e,mobile,5,596.8,10.49,2025-11-04T13:51:21.042842
e6802cb9-8a70-4ff4-9440-ebb914ec37ad,bd37825a-25ad-4b2f-969e-c624e095feb8,24665074-3a11-4fcf-82f7-1d50a0b2580f,web,2,763.62,13.91,2025-10-09T13:51:21.042859
8d78b735-ebfb-426f-b34d-66048f54ea09,81444fcd-e4cb-4181-9eb5-0f0c87ce0dd7,cbf743b9-e903-4a26-825c-7bde33e1d82c,store,3,1120.05,14.55,2025-09-28T13:51:21.042876
334760e2-adc4-4965-bbde-7a81c3eecc38,02e42010-f231-4ab6-bf73-8efa9d7e8f75,7df8e284-e832-44a7-94ef-f17a4e5da9d6,web,5,448.45,13.46,2026-03-27T13:51:21.042890
a8edfea5-1d51-42c6-af06-643bf9d7ebe3,79fc4812-26d3-4ade-93fb-8c817b2fb15b,a47d64f7-a098-44b9-8c64-05a8c978779f,mobile,5,1529.1,6.85,2026-01-15T13:51:21.042902
74e385fc-71e6-49e8-8f5d-b9eaf33fa727,a7b1d04c-20b3-4043-8752-459a280b14a5,a47d64f7-a098-44b9-8c64-05a8c978779f,mobile,3,917.46,7.86,2026-01-12T13:51:21.042916
885e835d-19a4-4b0a-9e09-d248431baea0,8c0ec5af-151e-4280-ab18-606cae2ad64a,f6df0b45-6106-42d3-8c75-195d0ad4baee,store,2,777.58,16.53,2026-02-03T13:51:21.042929
aff6e283-745b-4274-aa7e-fa315d65f601,00824cc7-caaa-457e-9328-c8b8556afc23,a0de6626-305c-473f-946f-bec5e72fa2b2,web,2,735.12,12.68,2025-05-24T13:51:21.042942
c1cbad7d-bec1-412b-8013-b586c5fca7f3,ef8225e3-4aeb-459c-8242-fae62541926d,168e2ef5-ab86-444e-ad38-6cbe82465e6a,store,5,450.3,16.61,2025-11-29T13:51:21.042956
6c8414c7-4896-4f7f-bae4-92bf4f3fe60c,255c4ea4-afab-4c32-a4e0-91d634e91b6a,ad1fb5ee-a91c-4991-9341-e395d2beecef,web,5,1760.4,6.8,2025-06-26T13:51:21.042969
878fd96e-6d7a-4314-81f4-26ee79d83558,2d085040-be9a-497e-812b-d0c170b17e58,11d7b21d-825c-442e-8c20-a64d4de4dd3c,mobile,1,57.38,18.32,2025-04-30T13:51:21.042982
c5dff10d-6fde-4e42-8e7f-11ab33527d48,637c0f84-207d-48a7-a962-320e19bc238f,168e2ef5-ab86-444e-ad38-6cbe82465e6a,web,3,270.18,18.28,2025-08-11T13:51:21.043000
9166026f-c4af-4d20-bcbe-0c85b90a57b9,c965e9c5-69cf-4549-9341-be2f2bdff784,1308f602-c166-4cdc-868a-0b4938053d4d,web,2,64.88,8.07,2025-06-25T13:51:21.043023
f9929e81-143c-45ed-ae7c-2f1f112f7145,ac9d43e7-e4a4-4d8f-b14c-e805d4976edf,6eae25b5-bfd1-445a-b0d8-86e5ef9604a3,mobile,2,958.04,12.16,2025-10-22T13:51:21.043037
8c27a786-3990-4590-8ae1-f4cc61185ccc,bb92c951-7270-48f2-9213-bf2eeb692e34,321b80eb-c6e9-42e0-a6f5-86598247acd3,mobile,1,292.89,2.12,2025-12-22T13:51:21.043056
9742fd25-593c-4d18-af00-09f83e786f71,0a9d7983-6f35-4787-b27b-e0aca049aff4,f6df0b45-6106-42d3-8c75-195d0ad4baee,web,3,1166.37,19.03,2025-10-10T13:51:21.043083
293d56a7-4d84-47d7-91a4-94909ed4c187,358a9a69-4053-46f2-a165-b9bfb7aef8e6,1791a541-fe39-430b-9626-a24acd85e08e,mobile,3,815.16,6.49,2025-09-30T13:51:21.043098
9cf54256-0a4c-4be0-9fb4-a9dc56af6b16,cf767ff6-17c9-4be0-a435-939dd95f7f2b,905f2110-caca-46ad-b1fc-61c3fda110f1,store,4,194.4,16.5,2025-05-02T13:51:21.043112
fba68b6b-1f1d-4447-b6b7-8ca21e94cace,71ed938f-c557-407e-b2c5-6db5e002ec6c,79634690-8c5c-4240-8205-82b10c85c886,mobile,2,646.62,12.46,2025-11-10T13:51:21.043128
41f2f7d6-bef3-4b19-bb45-0c6378b47800,c1fdb530-3f98-4f58-aebf-d3d9e2463e57,bdea1b76-1208-4a2f-b2e1-1aa8a5626500,web,5,1542.3,18.28,2026-03-08T13:51:21.043141
13bb447c-807e-4c6e-87d9-580cb220ef56,c55e3b0c-2166-4985-a1d3-11a262d3395d,0e9c5cdb-187a-4121-93cd-cd24adc53bc4,web,2,225.3,10.43,2026-03-22T13:51:21.043155
040af5eb-77a9-4a25-ae05-28cd77c7876b,9b66b8f5-ba94-4ffa-9d5d-1385fe996de7,457d9d38-588b-41ff-8c67-d7258b51a8e6,store,5,2082.0,15.87,2025-12-16T13:51:21.043167
d48b4da2-f81b-4473-9137-313be005cb7a,2ec98caa-fbcb-44c8-9be4-a2b9a927b42d,321b80eb-c6e9-42e0-a6f5-86598247acd3,store,2,585.78,1.76,2025-09-26T13:51:21.043181
37c94fbe-4e9b-4258-b1cd-dd1c4fd6cb42,89d1cd9f-53a3-4cb9-8d4c-783ca398d230,7df8e284-e832-44a7-94ef-f17a4e5da9d6,store,1,89.69,4.05,2025-10-30T13:51:21.043194
7f09c06a-efbf-4e2b-a3ef-ef8ef65195b8,bfa1faa6-7870-4ab7-b386-25eb3624f4dc,24665074-3a11-4fcf-82f7-1d50a0b2580f,web,3,1145.43,16.35,2025-06-02T13:51:21.043208
d0acef12-fe53-462a-9d24-959ed09ae161,59734e6c-879e-4a68-86e6-a30c9e01f2a6,1791a541-fe39-430b-9626-a24acd85e08e,store,1,271.72,8.95,2025-12-15T13:51:21.043221
417cd986-5097-4bbd-8ff9-3f54a33c0d20,68fcba4b-67dc-40a5-b324-7628db4cddbb,944989d7-0474-4130-959f-c793bf62259e,store,1,119.36,19.05,2025-06-02T13:51:21.043233
c64fb89e-f9ff-4783-91bc-25e7a962c715,a217c9df-5a7e-43b6-a2e1-a6a71f171b05,08cb9e44-2170-4369-9ab2-a47e52847e6c,web,3,351.36,15.53,2026-03-02T13:51:21.043250
225a654f-15c2-4f00-a395-f6e4d62e29f7,fe8004db-ae57-4bee-a0a8-df5308934a24,7df8e284-e832-44a7-94ef-f17a4e5da9d6,mobile,4,358.76,18.96,2025-06-04T13:51:21.043264
403d2f4b-4ef2-4952-a5de-05788c276d62,d59d067c-81ef-43c0-8749-a85d38c15ba1,1791a541-fe39-430b-9626-a24acd85e08e,web,4,1086.88,12.1,2025-07-02T13:51:21.043285
48451459-2840-493c-8c06-cdacc9f08cf7,5e1fa70f-19c4-4eff-8b14-2c1bc4836ad4,542e404c-f975-45bf-b793-249b8d15665d,store,4,429.68,7.22,2026-04-12T13:51:21.043311
75d4acb5-0498-493e-bcf8-d1ed1bdae568,a295cf72-e598-4850-963d-6023136619cc,bdea1b76-1208-4a2f-b2e1-1aa8a5626500,store,5,1542.3,8.04,2025-07-04T13:51:21.043327
7ca148c6-61f9-4148-99f9-39404b446416,4ed250ce-f2f6-4095-b960-f4cc057f1d8f,542e404c-f975-45bf-b793-249b8d15665d,store,3,322.26,8.32,2025-07-04T13:51:21.043359
a9869965-b5fb-4626-b9e2-6f227253f05b,10699e3c-9f67-4108-a71c-a0918eaa3418,905f2110-caca-46ad-b1fc-61c3fda110f1,store,5,243.0,15.85,2025-07-30T13:51:21.043383
59d04044-56cd-48d4-b6b2-a5e32b8b40df,1730f2ee-7c94-409e-87b9-9e4384fc7de1,168e2ef5-ab86-444e-ad38-6cbe82465e6a,store,4,360.24,17.25,2025-11-23T13:51:21.043401
ac8f37be-a13e-459c-8e3d-3844fd2e73b4,f81bcfa1-39d2-47e8-8236-8071706a6271,ca3df109-0f94-4c65-bb50-5e247fa97614,store,3,1061.64,19.66,2025-07-28T13:51:21.043415
632738ac-7139-48dd-90e2-d971bce40153,980e4b8c-94c3-4334-bcf6-5106b7ec56c1,a47d64f7-a098-44b9-8c64-05a8c978779f,store,5,1529.1,14.66,2025-05-27T13:51:21.043431
6c39bace-dacf-45d9-a7ad-01529d00aa8b,48fb6021-8054-4fbb-8b47-87326c61c00b,321b80eb-c6e9-42e0-a6f5-86598247acd3,mobile,3,878.67,5.76,2025-04-16T13:51:21.043446
7a4bcf03-6111-4177-b5d7-23b47a5dfaa4,f556570a-83d4-4f36-bcdc-aa50e4af7c10,542e404c-f975-45bf-b793-249b8d15665d,web,3,322.26,19.35,2025-06-05T13:51:21.043460
9670cf15-287e-491d-9f75-0e307cc6462e,a3ace69c-a556-4f4f-8710-866b65feb589,e19c753d-318c-4edb-b565-fc406c99c72c,web,3,588.75,18.65,2026-04-02T13:51:21.043474
1806a88a-11f3-46a8-bff0-3ec08051d3c4,01af8a00-d406-447f-b3dd-975ce21b49ec,944989d7-0474-4130-959f-c793bf62259e,store,1,119.36,7.45,2026-01-26T13:51:21.043487
7e6b5577-c248-45ad-aad3-f1ac6ff82de9,0ebb1121-5e3e-4d5b-b10b-61858bcd68c5,6eae25b5-bfd1-445a-b0d8-86e5ef9604a3,web,1,479.02,12.85,2025-12-15T13:51:21.043500
7b21a8e2-efc9-4c50-afdb-ba04f3a12613,54e0fdd2-0846-4239-b960-d6e6580496ae,28de6b67-c5da-4fd9-9ae6-64f199eb885d,web,3,914.94,4.17,2025-11-04T13:51:21.043523
e8b5b9c4-90ba-403c-ac81-8da334b62b16,a25735b8-5c51-4599-aa6b-d519ac2f083a,457d9d38-588b-41ff-8c67-d7258b51a8e6,mobile,4,1665.6,4.08,2026-03-29T13:51:21.043557
3d2e467a-ba33-4c5e-ade2-348a3663d9bf,4829a140-3157-48b9-87d5-344eb58b6325,e19c753d-318c-4edb-b565-fc406c99c72c,mobile,5,981.25,2.01,2026-01-12T13:51:21.043582
8a3a83b5-101b-4490-9500-754de1f05db4,0ffa2fd2-7b2b-4401-b033-eccfd8ef021c,a0de6626-305c-473f-946f-bec5e72fa2b2,mobile,5,1837.8,7.66,2025-07-21T13:51:21.043596
cce6f73e-c742-4d8b-b062-3577b0065879,48939967-06c2-444f-bd14-4f7a500ae2cb,ca3df109-0f94-4c65-bb50-5e247fa97614,mobile,2,707.76,19.81,2025-08-03T13:51:21.043612
5fb095e2-378c-4809-8834-74de4e4ec889,255c4ea4-afab-4c32-a4e0-91d634e91b6a,e19c753d-318c-4edb-b565-fc406c99c72c,store,4,785.0,14.39,2025-05-24T13:51:21.043626
28d7fd7a-0d45-4559-a4fe-c6d66fbec3ea,bbc3ffc3-639e-44b8-bab5-4f66ba758fd7,e68cd9b3-0f66-4719-b9c8-10a5e0acfc32,web,2,858.2,7.33,2026-04-12T13:51:21.043640
e04ccfe3-317d-4ff0-bba4-bb03541174b0,69eef18a-207f-452e-a30d-7136e30bde79,9c0e36b8-29dc-48d8-9869-8d952c29dbdb,web,3,896.19,18.99,2025-11-19T13:51:21.043653
65afca74-c174-4287-843d-b11407180133,31264419-8df5-4371-9e63-b5b749b128fe,1791a541-fe39-430b-9626-a24acd85e08e,mobile,2,543.44,10.87,2026-01-17T13:51:21.043666
bbae5d00-34cc-46d6-bd2f-46954247949d,05936011-9e61-41c0-bc67-638eee4f08eb,08cb9e44-2170-4369-9ab2-a47e52847e6c,web,2,234.24,2.53,2026-01-08T13:51:21.043679
c076eca7-f766-4c68-b498-4333549ef827,6e1cf5e7-7914-4d62-b2b0-b64a0772ac65,08f682e0-0949-4d7f-9c1a-36bb48342221,store,1,215.55,12.48,2025-05-30T13:51:21.043692
6d243149-7345-42ff-8f96-d64e3d38496e,dd267d37-2603-4b70-afe3-80c93850b1f7,1308f602-c166-4cdc-868a-0b4938053d4d,mobile,1,32.44,4.89,2026-02-28T13:51:21.043705
b1d8cdee-8cba-43c7-bfac-58cf00bb32e6,3446f091-304c-48ee-8228-02b3d1c875dc,ca3df109-0f94-4c65-bb50-5e247fa97614,mobile,2,707.76,11.05,2026-01-01T13:51:21.043718
1b68cfe1-163c-40d2-af68-dbd41c8667f3,a00a95c9-a5cf-4c8d-8945-2a6b7eddd907,cbf743b9-e903-4a26-825c-7bde33e1d82c,store,5,1866.75,8.08,2026-01-21T13:51:21.043731
ffd646ab-87d1-42ae-b8b6-efc5f89486e6,102b9f49-a914-4bb7-9fbf-cd661f9867f3,1890b36f-a137-41e5-b5ed-1d9d565c4bd0,web,4,102.24,18.0,2026-01-15T13:51:21.043743
dac2c650-b198-4bce-84bc-2f53adecb6d1,da991ae8-4eeb-4b2d-821b-05b27c818222,7df8e284-e832-44a7-94ef-f17a4e5da9d6,mobile,3,269.07,19.47,2025-12-03T13:51:21.043767
dcb1bf2d-6de6-43e9-a051-11818c43596e,56753df8-73b2-4c85-bad5-0476a1357785,a47d64f7-a098-44b9-8c64-05a8c978779f,store,4,1223.28,3.1,2026-02-05T13:51:21.043789
145f3aaa-504c-490b-a89e-fd84aec1afc8,da6a2aa5-e06f-422f-a9d1-fb75cb459423,944989d7-0474-4130-959f-c793bf62259e,mobile,3,358.08,1.8,2026-02-02T13:51:21.043802
2b7e5179-8fe5-46a0-ab89-bd62af4663cc,e4452209-799a-467e-91ee-0fec8aec1d5b,7df8e284-e832-44a7-94ef-f17a4e5da9d6,mobile,4,358.76,4.82,2025-05-14T13:51:21.043816
5433b801-2126-495b-9558-f95e32d4e6b9,083e8a6f-8f77-46a2-9c02-e6aed9548dfb,f6df0b45-6106-42d3-8c75-195d0ad4baee,web,1,388.79,14.37,2025-07-08T13:51:21.043831
18ade246-3791-4af3-a0e0-3df1c52f4c36,6d40d013-a9c6-497a-a9a8-a3c69db7cdf1,28de6b67-c5da-4fd9-9ae6-64f199eb885d,web,4,1219.92,9.14,2026-01-16T13:51:21.043846
0b48289a-d287-45fa-8913-7ae2398f2482,bfa1faa6-7870-4ab7-b386-25eb3624f4dc,ad1fb5ee-a91c-4991-9341-e395d2beecef,mobile,4,1408.32,13.11,2025-12-25T13:51:21.043865
58e05091-fc8b-46c9-ae8c-1938d884c86a,b664366b-7c09-4ec4-aa85-c5b623eb61f3,24665074-3a11-4fcf-82f7-1d50a0b2580f,web,1,381.81,3.45,2025-10-31T13:51:21.043894
b8fc8f5d-f851-41e7-b013-cd79c5e7da73,e80f3f91-63af-4ba4-8042-16c99c87b341,2341a1b6-ca76-4973-ad2e-4a906f9fd51d,mobile,5,588.0,8.24,2025-12-27T13:51:21.043909
88ac7006-fe05-4735-a49a-1156541d8b6b,32528c9b-b758-4757-b73f-1f5e974a7789,08cb9e44-2170-4369-9ab2-a47e52847e6c,mobile,4,468.48,17.08,2025-10-30T13:51:21.043925
d4648607-ddac-47e3-bbc4-e856506d7627,d7b7e2da-9059-4d56-ae4f-90db25a23b66,053f89ae-21b6-4267-baf4-f4be573d366f,mobile,2,142.3,2.88,2025-07-06T13:51:21.043955
17169b13-a4be-4d60-89fc-632daabcdaea,db4623ff-6c9c-4697-a41d-b3a861bc38bd,9c0e36b8-29dc-48d8-9869-8d952c29dbdb,store,3,896.19,14.05,2025-05-16T13:51:21.043982
26c69ed8-9d63-4cce-ab1e-318d5ed04d86,8757f80d-81ed-4e4f-a7d0-dd997cfdac05,2341a1b6-ca76-4973-ad2e-4a906f9fd51d,store,5,588.0,11.12,2026-01-01T13:51:21.044012
232284da-53ce-4a2a-8d40-98ad8fb40047,0cfd5607-d58f-4d81-9835-b178d717b015,a47d64f7-a098-44b9-8c64-05a8c978779f,store,4,1223.28,14.5,2026-02-12T13:51:21.044038
cabfbb69-3130-4ee1-abd5-3540caa6d18f,9d57b2f2-8959-4ba6-a225-7aae14a7ca35,ca3df109-0f94-4c65-bb50-5e247fa97614,store,2,707.76,5.8,2026-01-23T13:51:21.044052
bd0d81b6-d02d-42f7-b2ad-8c98919f5c1d,0f4e0175-34a6-491e-bf85-2bbc0c78acd4,cbf743b9-e903-4a26-825c-7bde33e1d82c,store,5,1866.75,17.31,2025-10-27T13:51:21.044065
ce399933-e2c4-407d-8827-e1ce0ff206ba,e80f3f91-63af-4ba4-8042-16c99c87b341,ca3df109-0f94-4c65-bb50-5e247fa97614,web,5,1769.4,17.87,2026-02-15T13:51:21.044078
945de94b-51e0-47bd-86d5-1daf29951350,302fe327-d775-409b-8012-a97df34b403d,f1f6542b-4b3f-4e65-8d9a-766c8d57ad72,mobile,1,321.48,3.49,2026-01-10T13:51:21.044091
4f1dd05a-cd9e-4021-b23c-0a33f1160c99,31264419-8df5-4371-9e63-b5b749b128fe,9c0e36b8-29dc-48d8-9869-8d952c29dbdb,web,1,298.73,13.33,2025-10-28T13:51:21.044108
90d4c122-83d0-485d-b3be-ea3cb367b05f,4b581a14-30d2-46dc-933e-c3d4fb4a84ea,7df8e284-e832-44a7-94ef-f17a4e5da9d6,mobile,5,448.45,2.25,2025-08-04T13:51:21.044145
4d8b271b-1863-4d14-8471-4498dc3efaf2,78d4e439-fa45-4a8f-9594-3c1461777872,905f2110-caca-46ad-b1fc-61c3fda110f1,mobile,2,97.2,18.92,2025-06-23T13:51:21.044175
1f2a7350-0d3c-4ad4-a284-1c65095f26ce,de68fb7c-314a-441e-8f92-23d7f49a490a,bff07f43-24a8-4d20-b9e9-6cac1ecce307,web,2,120.14,16.25,2026-01-29T13:51:21.044189
9bd3607f-55bf-4e67-a43b-1c4be48d1d16,f4c7a126-7279-4bb5-95c4-573c4e1d70c9,08cb9e44-2170-4369-9ab2-a47e52847e6c,store,2,234.24,14.58,2025-10-11T13:51:21.044201
13e9fdde-1d19-44e9-b28c-97aea4a5b5a3,9c8a22ec-7e5f-474b-8e85-d6b34aea9e24,69b6bb4a-cfaa-4878-91ae-e146f31c1955,web,5,1707.85,0.75,2026-01-09T13:51:21.044214
5add9286-f348-486f-ac7b-89b57ddb9a35,1bf5ec6f-1fb7-41ba-8561-83bd4b958e3f,11d7b21d-825c-442e-8c20-a64d4de4dd3c,mobile,5,286.9,16.22,2025-08-08T13:51:21.044227
2c6deccc-4345-46c0-9343-2caa58c535c7,bb92c951-7270-48f2-9213-bf2eeb692e34,7df8e284-e832-44a7-94ef-f17a4e5da9d6,mobile,5,448.45,17.27,2025-08-01T13:51:21.044240
cff93011-51b6-483b-990f-39a9a451f380,71dd2652-ac88-488d-9869-d71b4a955866,6c37ac7c-22fb-489b-9e12-ba964446997b,mobile,2,887.72,14.44,2025-04-26T13:51:21.044256
f138782b-2394-423f-a22b-5ba1e896167f,c1fdb530-3f98-4f58-aebf-d3d9e2463e57,321b80eb-c6e9-42e0-a6f5-86598247acd3,web,5,1464.45,4.74,2025-10-15T13:51:21.044268
980fbebe-3991-4e57-a001-555f1f80e82f,934582b4-4335-41ae-8710-77f29f6f6c81,f6df0b45-6106-42d3-8c75-195d0ad4baee,web,1,388.79,0.35,2026-03-26T13:51:21.044281
19933fd7-a657-48f1-9912-69ff6d52adc4,26c7cb26-7ff0-42e0-be22-ca8bac43dfda,bff07f43-24a8-4d20-b9e9-6cac1ecce307,web,4,240.28,16.29,2025-05-20T13:51:21.044294
3259b66b-30ef-49bc-a50b-5b98a45c5b77,d4dc5799-8bb8-4688-96ac-4e344d8a351b,2341a1b6-ca76-4973-ad2e-4a906f9fd51d,store,3,352.8,1.33,2026-02-18T13:51:21.044310
cb599453-a376-411a-af16-ec041eea5f8f,5e1fa70f-19c4-4eff-8b14-2c1bc4836ad4,9c0e36b8-29dc-48d8-9869-8d952c29dbdb,web,2,597.46,0.46,2025-06-27T13:51:21.044323
4af884ac-dbd8-4212-b6d8-67487a954ccf,a217c9df-5a7e-43b6-a2e1-a6a71f171b05,2341a1b6-ca76-4973-ad2e-4a906f9fd51d,mobile,2,235.2,6.96,2025-06-19T13:51:21.044338
9fa87852-fbe8-4dca-8471-a788187c834e,d010c452-9bd9-44e7-b595-21b37cd41c07,1890b36f-a137-41e5-b5ed-1d9d565c4bd0,store,3,76.68,5.54,2026-01-04T13:51:21.044364
67bc92bc-cf57-4d46-9237-cd861c7da585,3e0f0892-3271-4349-a4d6-c5b43dd208f5,bdea1b76-1208-4a2f-b2e1-1aa8a5626500,mobile,2,616.92,16.46,2026-03-17T13:51:21.044380
d49e3b7a-c4ae-4d5c-ad48-e08f57a91512,48186108-5140-477d-8d9c-59cf0f3db172,79634690-8c5c-4240-8205-82b10c85c886,store,5,1616.55,1.65,2025-09-15T13:51:21.044392
2d6259bc-e467-4e01-9bfa-7f5ab1a2d24e,bb92c951-7270-48f2-9213-bf2eeb692e34,ca3df109-0f94-4c65-bb50-5e247fa97614,web,1,353.88,2.9,2025-06-08T13:51:21.044412
96c15438-5640-4b4c-9286-faa901e89503,bbf4fb26-a349-4c99-9c94-8531baf2a4e2,08f682e0-0949-4d7f-9c1a-36bb48342221,web,2,431.1,3.15,2026-02-15T13:51:21.044448
7cf5de00-45ee-4dae-83d1-b1a7cf73f942,0128dff7-59f2-4242-8cbc-aa2fd07f13b8,7df8e284-e832-44a7-94ef-f17a4e5da9d6,mobile,4,358.76,2.79,2025-08-20T13:51:21.044465
3f5e3795-f872-45e5-8283-4a079b3225b1,0405e266-5a01-46aa-8949-ead219b74ace,1890b36f-a137-41e5-b5ed-1d9d565c4bd0,store,1,25.56,8.05,2026-02-17T13:51:21.044481
46a1aa1d-2135-47db-ab05-70f2de41be73,7a2b8734-d2fd-4488-8ef5-30d4b8a2d73e,24665074-3a11-4fcf-82f7-1d50a0b2580f,mobile,1,381.81,14.43,2026-02-13T13:51:21.044495
11ba308e-1ad2-4741-a469-0643a0d405c4,6f391870-9416-4da1-a5a1-4a2f0be76e0e,542e404c-f975-45bf-b793-249b8d15665d,mobile,3,322.26,18.51,2025-05-12T13:51:21.044510
ad1822d3-48af-499b-b2d2-eefd6e3c5ed0,fa848a5c-ec51-4164-a85d-f28025f41073,f1f6542b-4b3f-4e65-8d9a-766c8d57ad72,mobile,2,642.96,14.94,2026-01-04T13:51:21.044555
9ddb59e4-d362-4eab-be0e-ca8decf97e74,b99c3e55-f199-4dc5-b146-d6358e2b84b5,944989d7-0474-4130-959f-c793bf62259e,web,3,358.08,8.63,2025-06-27T13:51:21.044583
2114b334-c6a1-4b48-95aa-d93aaa2d41d7,897ea419-5205-4856-81b1-ab4a07c658a1,56ad6e1f-0691-4acd-a3de-c8da072e3963,mobile,5,730.75,3.58,2026-04-09T13:51:21.044597
a20e053e-c533-40be-aa9c-dcaec26f2f72,53ca8461-e12a-4781-a412-c2791b9dff98,053f89ae-21b6-4267-baf4-f4be573d366f,web,5,355.75,15.29,2026-02-21T13:51:21.044610
fdf59651-0875-4e48-becd-40aa5c10d5b5,4a048325-8212-43a5-beca-25ad536f4cee,24665074-3a11-4fcf-82f7-1d50a0b2580f,store,1,381.81,0.45,2026-02-28T13:51:21.044623
43cbb046-d729-4579-bf0b-62c85e9b4f18,58baa912-a1cf-4bb6-a3ac-cdfccf1ec74b,f6df0b45-6106-42d3-8c75-195d0ad4baee,store,5,1943.95,17.2,2026-02-03T13:51:21.044636
d783abb3-ef84-4609-a6d2-2b13542bd129,e80f3f91-63af-4ba4-8042-16c99c87b341,905f2110-caca-46ad-b1fc-61c3fda110f1,mobile,2,97.2,5.73,2026-01-29T13:51:21.044650
8ce3d86e-94a8-4fc9-9401-809113b7cb33,28bda88c-ec35-4327-97b4-3646020d3493,cbf743b9-e903-4a26-825c-7bde33e1d82c,mobile,5,1866.75,16.94,2026-01-06T13:51:21.044662
731094a7-63e0-44f8-9f13-0556cbe8d9a0,5f9a2f01-073f-4576-a173-61c06b068554,6c37ac7c-22fb-489b-9e12-ba964446997b,mobile,4,1775.44,14.72,2026-03-13T13:51:21.044676
7ebbdd88-7c06-434d-a181-bd501263fc01,448a6e6d-f8d5-4ebc-bf46-f25be1b499c3,56ad6e1f-0691-4acd-a3de-c8da072e3963,store,5,730.75,2.56,2025-06-14T13:51:21.044689
2541640c-b390-4080-b931-4171abf272cd,608deb86-6661-4f77-bb41-aecc5e51f64a,ca3df109-0f94-4c65-bb50-5e247fa97614,web,1,353.88,19.38,2026-02-25T13:51:21.044702
6cbe1ce3-7a28-40a8-ad7c-0fa045f7db7a,b9412933-cb49-4456-9667-7033dbd70b97,08f682e0-0949-4d7f-9c1a-36bb48342221,store,3,646.65,18.7,2026-01-08T13:51:21.044716
5d2136c0-d845-4f99-a9b3-48439d083359,ef8b891a-8f31-48c0-87ec-dd90e192da22,905f2110-caca-46ad-b1fc-61c3fda110f1,store,5,243.0,6.14,2025-10-10T13:51:21.044732
0204dbf0-de38-4c52-a256-546d9bc78b51,78db3675-7801-4394-8e2b-4f1fde6f6636,542e404c-f975-45bf-b793-249b8d15665d,store,2,214.84,18.83,2026-04-02T13:51:21.044745
70d47441-df2d-4476-82f7-410caea6f974,6599b145-76bf-4688-84ea-5549a07fc0b1,08f682e0-0949-4d7f-9c1a-36bb48342221,store,1,215.55,18.6,2026-02-02T13:51:21.044762
85fb7add-a82f-46cc-8c09-3497b4a4ad68,48fb6021-8054-4fbb-8b47-87326c61c00b,28de6b67-c5da-4fd9-9ae6-64f199eb885d,web,3,914.94,9.59,2025-06-05T13:51:21.044776
346ad327-ac66-4752-99a1-9bca22a08a37,58baa912-a1cf-4bb6-a3ac-cdfccf1ec74b,ca3df109-0f94-4c65-bb50-5e247fa97614,web,3,1061.64,11.98,2026-03-16T13:51:21.044792
5c607d14-09f4-40c1-ba15-82939ae69dc0,f6f84d4a-8f74-45a9-8dca-f2861185f737,f1f6542b-4b3f-4e65-8d9a-766c8d57ad72,store,1,321.48,17.24,2025-09-07T13:51:21.044806
51c13629-bded-40dc-b597-7865542cacdf,3a04faf9-10f8-4f16-b97b-8dccde77a777,e68cd9b3-0f66-4719-b9c8-10a5e0acfc32,web,2,858.2,17.2,2026-02-08T13:51:21.044824
644d5da1-e039-46d2-be08-ce883f6c2d6f,82c6b92a-eacb-45ed-b8c3-430b0d490459,08cb9e44-2170-4369-9ab2-a47e52847e6c,store,3,351.36,19.06,2025-11-03T13:51:21.044837
91977cb5-6d5d-4fc1-a76b-64a008207a23,d926ac6a-7059-48e3-9158-1d17c4eddd09,79634690-8c5c-4240-8205-82b10c85c886,mobile,2,646.62,17.33,2025-04-21T13:51:21.044850
c68c1762-6e3c-424a-bc8c-cf981b76ab37,53e0275c-fc42-4900-a0ea-d5048e14d832,bff07f43-24a8-4d20-b9e9-6cac1ecce307,web,1,60.07,12.32,2026-02-11T13:51:21.044864
e2327ddc-555d-4938-a77d-3686a856040f,57e6db98-be89-47c5-87f3-a3ff20643236,f6df0b45-6106-42d3-8c75-195d0ad4baee,mobile,4,1555.16,9.03,2025-07-01T13:51:21.044877
b101964d-c25d-4715-89a1-d9b206b24ef6,48fb6021-8054-4fbb-8b47-87326c61c00b,053f89ae-21b6-4267-baf4-f4be573d366f,store,5,355.75,8.86,2026-03-13T13:51:21.044890
b504c851-5173-4ed7-a60e-aee8747b6e38,d6de87d1-6cf1-400d-8b1d-d8af4573a316,6c37ac7c-22fb-489b-9e12-ba964446997b,store,3,1331.58,16.87,2025-11-21T13:51:21.044906
837df400-3d86-4339-9b9b-4b530ed1ca3d,dbefa4ac-a450-4b00-adf5-b7bcf634fb24,bff07f43-24a8-4d20-b9e9-6cac1ecce307,web,3,180.21,2.74,2025-08-13T13:51:21.044926
d2f19dce-e961-4f28-9c25-0cc88df6abb9,97ef2d8d-9dfa-469c-9ff4-e4f4cfc6f847,11d7b21d-825c-442e-8c20-a64d4de4dd3c,web,4,229.52,2.21,2025-09-05T13:51:21.044949
40170b06-55f2-4d22-9c42-4a1d344916ae,4d822340-7e45-4eb3-a279-41f8e82e1084,69b6bb4a-cfaa-4878-91ae-e146f31c1955,web,1,341.57,0.77,2025-07-26T13:51:21.044979
76121c48-1f89-4531-a153-c9e839ccd64b,2dc428d2-bcf1-425f-8535-09e7b40a6ea4,e68cd9b3-0f66-4719-b9c8-10a5e0acfc32,web,5,2145.5,8.99,2025-12-19T13:51:21.045011
fb457278-a825-4018-9a7d-f278b897e10d,70928f45-8f59-44f3-973d-95a5d8e1a0c7,1890b36f-a137-41e5-b5ed-1d9d565c4bd0,store,4,102.24,10.33,2026-01-23T13:51:21.045035
9cd90bac-c16f-4944-9ce5-44ba9ff33ad9,853320e2-2a2e-4c3f-adc1-dda36244a5bf,79634690-8c5c-4240-8205-82b10c85c886,mobile,5,1616.55,13.4,2026-02-25T13:51:21.045047
867fba2a-671b-43bc-b02e-4563f77dccdc,c8d10fb3-b0d6-4395-abbf-fd46d3f2dd82,08cb9e44-2170-4369-9ab2-a47e52847e6c,web,2,234.24,17.37,2025-06-16T13:51:21.045060
4ed672e0-4c02-4449-9b3a-b189062a622e,a2db16fd-ba72-4f0b-9305-a8b470f9b0fa,457d9d38-588b-41ff-8c67-d7258b51a8e6,web,1,416.4,3.91,2025-08-21T13:51:21.045074
49d1b614-7eab-4fe8-ad7b-e57b4f9de4b6,736e89ee-fcda-459e-a2e7-ecbf43f4404b,e68cd9b3-0f66-4719-b9c8-10a5e0acfc32,web,4,1716.4,1.08,2026-02-22T13:51:21.045087
0202f911-5b2c-4ab9-9c71-92538e5c1aa0,1b23ba1c-10e6-4969-af23-0bc504b3ce59,6eae25b5-bfd1-445a-b0d8-86e5ef9604a3,web,3,1437.06,16.26,2026-03-06T13:51:21.045099
a6f45ede-9d7f-42bb-ba5f-f2430a4e3a71,5b57c74e-573c-4427-abd3-d81ce726c936,321b80eb-c6e9-42e0-a6f5-86598247acd3,store,5,1464.45,6.0,2025-11-25T13:51:21.045113
f9ffd785-9f0a-4c27-9896-3fb05d5cabe6,efea988a-5ab4-4061-a010-1c03b054328b,f6df0b45-6106-42d3-8c75-195d0ad4baee,mobile,2,777.58,3.93,2026-02-16T13:51:21.045137
c7b15128-a412-4457-a3e6-ccacf0ef3535,3cae7953-c156-471c-9a5f-92f3526f83e4,2341a1b6-ca76-4973-ad2e-4a906f9fd51d,store,4,470.4,10.63,2026-01-12T13:51:21.045167
d8c2ddff-d5b5-46ef-93cc-5bcf098a1941,a18309c4-a283-406a-9f8a-e402aa32ac66,6c37ac7c-22fb-489b-9e12-ba964446997b,mobile,4,1775.44,8.59,2025-09-09T13:51:21.045197
643f8856-cc6d-4d19-ba4c-f011aa307bba,caf9ba8e-9dd9-4b84-8f45-aaf06185a794,ca3df109-0f94-4c65-bb50-5e247fa97614,web,1,353.88,11.23,2026-01-01T13:51:21.045232
d196236b-5cda-4b6e-a1c4-0ec4f4ec836e,ae851670-1c59-4e22-9edd-1d3d7b880e7c,ad1fb5ee-a91c-4991-9341-e395d2beecef,store,2,704.16,3.13,2025-06-09T13:51:21.045257
2d5e12a2-aaf8-4799-9412-4c58ea6c17d3,97ef2d8d-9dfa-469c-9ff4-e4f4cfc6f847,f1f6542b-4b3f-4e65-8d9a-766c8d57ad72,store,3,964.44,8.74,2025-09-04T13:51:21.045271
504b391b-d7f0-4453-849e-549ad6bc63d2,a217c9df-5a7e-43b6-a2e1-a6a71f171b05,1890b36f-a137-41e5-b5ed-1d9d565c4bd0,web,3,76.68,10.49,2025-06-20T13:51:21.045284
02902785-20b2-4d99-987a-f152cdd3e5b9,d71e8f1d-919c-4e14-a319-147952812e42,542e404c-f975-45bf-b793-249b8d15665d,web,4,429.68,1.15,2026-04-06T13:51:21.045296
874c80bf-5454-438f-b0ec-51c8818c071e,4978ccb0-1e80-4cf0-b90a-0a40f49394dc,f6df0b45-6106-42d3-8c75-195d0ad4baee,web,4,1555.16,6.21,2025-09-10T13:51:21.045310
d72bed9b-e767-40c4-a1c4-68997c67b10e,02e42010-f231-4ab6-bf73-8efa9d7e8f75,cbf743b9-e903-4a26-825c-7bde33e1d82c,web,1,373.35,8.94,2026-02-15T13:51:21.045323
84cf7293-ad97-463e-b75e-65137786fcd1,cd0f116b-8b06-4970-a39d-a895155e5d42,7df8e284-e832-44a7-94ef-f17a4e5da9d6,web,1,89.69,0.39,2025-12-07T13:51:21.045337
a192a57a-13eb-45f0-8cc5-f5fb8827f7db,d2d0328c-6454-4cfc-8e07-f86be9061924,11d7b21d-825c-442e-8c20-a64d4de4dd3c,mobile,5,286.9,15.37,2025-12-16T13:51:21.045350
7b273718-7782-41e9-9f1d-21bb928443a6,2265ad7d-6f3d-45e9-99ad-c1533863d3ba,d5ee97fe-7203-4277-a432-29e8207ec8be,mobile,5,262.95,12.62,2025-04-22T13:51:21.045362
ae5b87cd-68b2-45be-a862-3ab573382e7e,dfd88f4a-881a-4321-818c-18b086464918,2341a1b6-ca76-4973-ad2e-4a906f9fd51d,web,1,117.6,13.35,2025-11-05T13:51:21.045376
55e2131c-004f-479a-9f29-bd8d92f5498e,255cee46-53c9-4156-a455-fc71aaeb939f,d5ee97fe-7203-4277-a432-29e8207ec8be,web,3,157.77,5.11,2026-01-17T13:51:21.045389
66fadf21-acc6-4739-9afd-4289a36700c8,1b01f236-b755-4298-ae6c-63febc013b50,bdea1b76-1208-4a2f-b2e1-1aa8a5626500,store,1,308.46,12.93,2025-06-18T13:51:21.045403
aa975fbe-f90c-4080-aaca-bf2fac22794d,c55e3b0c-2166-4985-a1d3-11a262d3395d,ca3df109-0f94-4c65-bb50-5e247fa97614,mobile,4,1415.52,19.79,2025-06-09T13:51:21.045421
78b986a1-bdd8-48bc-898f-7b9ea3266369,a8448f61-5b18-4c98-82b9-083ed705ce61,6eae25b5-bfd1-445a-b0d8-86e5ef9604a3,store,1,479.02,11.81,2026-01-04T13:51:21.045460
6c47260a-d47b-40ab-95f7-096ddd008e82,6b9384d5-4658-499e-aa0e-261e25506abf,28de6b67-c5da-4fd9-9ae6-64f199eb885d,mobile,4,1219.92,11.13,2025-10-02T13:51:21.045476
9969950f-b074-4481-a6dc-9cc468f8cbff,bbc3ffc3-639e-44b8-bab5-4f66ba758fd7,08cb9e44-2170-4369-9ab2-a47e52847e6c,web,4,468.48,2.97,2025-10-02T13:51:21.045500
887a6be7-ab5b-46c7-ae02-ec5da5c3d9bc,cd0f116b-8b06-4970-a39d-a895155e5d42,a0de6626-305c-473f-946f-bec5e72fa2b2,store,1,367.56,11.42,2025-08-10T13:51:21.045539
0aae381c-78c8-478d-b599-4850fe6c7a23,5b737127-dd4b-42d2-8e51-24ce5e175dba,6eae25b5-bfd1-445a-b0d8-86e5ef9604a3,store,2,958.04,3.66,2025-11-01T13:51:21.045569
dc2634a0-1a91-4e19-bbab-b235ee3b85f0,0aecb8b1-e5bf-4a41-88ed-1559a7e7a3a1,bdea1b76-1208-4a2f-b2e1-1aa8a5626500,store,5,1542.3,11.66,2025-06-15T13:51:21.045584
fe4ac5f6-a5bb-4b8e-9eed-0737dd7c8fca,48186108-5140-477d-8d9c-59cf0f3db172,28de6b67-c5da-4fd9-9ae6-64f199eb885d,web,5,1524.9,1.34,2025-08-30T13:51:21.045597
7730f3b3-50b5-4f3c-a6fd-5d2772a38545,f5f484ec-b164-4ceb-bb25-b1a7bd322661,11d7b21d-825c-442e-8c20-a64d4de4dd3c,mobile,2,114.76,2.79,2025-09-07T13:51:21.045611
49dd5fda-fc81-406d-b9d4-a2c98f4a87cd,b99c3e55-f199-4dc5-b146-d6358e2b84b5,7df8e284-e832-44a7-94ef-f17a4e5da9d6,store,1,89.69,16.4,2025-07-26T13:51:21.045625
38e38861-8217-4f8d-8281-768f4bbef056,9250bcb7-8e85-4859-9210-77e4d80ea8af,9c0e36b8-29dc-48d8-9869-8d952c29dbdb,store,1,298.73,1.1,2026-03-01T13:51:21.045641
2a86ecc2-e3e2-4345-83f0-37a43b9c640f,d926ac6a-7059-48e3-9158-1d17c4eddd09,cbf743b9-e903-4a26-825c-7bde33e1d82c,mobile,3,1120.05,18.87,2026-02-26T13:51:21.045654
a2aef2ed-c55e-4607-84da-39595967b38b,0d2f63ba-8ff2-4772-8251-bd07c040e63e,1890b36f-a137-41e5-b5ed-1d9d565c4bd0,mobile,2,51.12,14.04,2025-10-08T13:51:21.045669
ffc5368f-ca77-4f05-8fd6-54cfa77a9f8f,5616721d-0a88-4f6c-b9ec-f604a0e9cde9,2341a1b6-ca76-4973-ad2e-4a906f9fd51d,mobile,5,588.0,17.7,2025-06-15T13:51:21.045698
007f55b8-a9a2-4e5d-b3b4-3a6bf65bde49,3aa173fb-07c2-4854-8619-e70a310930dd,f1f6542b-4b3f-4e65-8d9a-766c8d57ad72,web,2,642.96,19.52,2026-02-17T13:51:21.045713
51fc6aab-d66f-49cc-9868-1ba850d635d2,72595032-530c-40ee-b0f0-4ba91d52b77a,cbf743b9-e903-4a26-825c-7bde33e1d82c,mobile,5,1866.75,11.75,2025-08-01T13:51:21.045726
b4bc2553-988f-4548-927a-c6717c1f6df4,7d28fc06-382b-4f4f-9e91-26fffddc8356,bdea1b76-1208-4a2f-b2e1-1aa8a5626500,mobile,1,308.46,18.56,2026-03-10T13:51:21.045740
95637d00-cec3-49cf-a26f-58ef5a7d88a9,980e4b8c-94c3-4334-bcf6-5106b7ec56c1,11d7b21d-825c-442e-8c20-a64d4de4dd3c,web,3,172.14,3.21,2025-07-16T13:51:21.045753
2fa95b19-10f5-44f7-9625-84547a7c0222,c201751d-3703-40ae-8b50-ef3cb48ddcf8,f1f6542b-4b3f-4e65-8d9a-766c8d57ad72,mobile,3,964.44,14.75,2025-07-22T13:51:21.045767
a9bcbd61-6f21-4d13-a886-2348a1a327b3,e25f4035-459a-430c-a3b0-ae644d2ee520,2341a1b6-ca76-4973-ad2e-4a906f9fd51d,store,4,470.4,8.75,2025-07-30T13:51:21.045780
16b6d7a2-7571-4c7e-96bd-d0112c36c3a6,540330b2-5f16-49dc-872a-7e8b69278d22,168e2ef5-ab86-444e-ad38-6cbe82465e6a,web,2,180.12,5.19,2026-03-15T13:51:21.045793
cec67ef3-3006-4fc0-8167-4d14756bcfdf,eeece404-f5ee-44d3-8c8e-509650cb644a,e68cd9b3-0f66-4719-b9c8-10a5e0acfc32,store,4,1716.4,13.33,2025-11-03T13:51:21.045807
df314825-3772-4f41-92b0-ed9d44803123,d34b6e61-d1a7-4387-9cfb-0e7ab4e5d294,24665074-3a11-4fcf-82f7-1d50a0b2580f,mobile,2,763.62,1.7,2025-10-03T13:51:21.045820
b90e8445-6104-4461-aac3-65543c2a6a34,4220b0ed-148d-4a5e-ac8f-7593460ab12d,f6df0b45-6106-42d3-8c75-195d0ad4baee,mobile,1,388.79,1.68,2025-05-19T13:51:21.045837
f55de1a7-8fdf-469a-862b-98248cc99d92,7973b72a-555e-4256-a39e-9b40be1a259d,bdea1b76-1208-4a2f-b2e1-1aa8a5626500,mobile,4,1233.84,5.41,2025-05-05T13:51:21.045854
895eb5b2-9822-4f68-a324-9f2d7c3293a2,2d085040-be9a-497e-812b-d0c170b17e58,e19c753d-318c-4edb-b565-fc406c99c72c,web,5,981.25,9.27,2025-07-31T13:51:21.045868
d54d0f2d-07d0-4aa2-b431-4a3b0ee1a101,f4c7a126-7279-4bb5-95c4-573c4e1d70c9,f6df0b45-6106-42d3-8c75-195d0ad4baee,store,5,1943.95,13.29,2025-05-07T13:51:21.045881
38c3cb17-c42e-4c38-8c6f-d3b9fe589445,03e7d570-d942-42d5-972f-7ff8aca4fe7e,a47d64f7-a098-44b9-8c64-05a8c978779f,store,1,305.82,4.59,2025-06-18T13:51:21.045894
2db8b116-3084-4876-94c0-fa8b8ff2d993,b9412933-cb49-4456-9667-7033dbd70b97,11d7b21d-825c-442e-8c20-a64d4de4dd3c,store,1,57.38,2.25,2025-06-22T13:51:21.045907
b44c34f8-f404-4ade-853d-cdd56005638b,5a07bc88-ff0b-4476-965f-f4c8d2922d97,944989d7-0474-4130-959f-c793bf62259e,mobile,4,477.44,4.96,2025-07-07T13:51:21.045920
87ca0ac7-5939-46d7-ab51-b2d06ebaccf3,7854426f-3ba2-4c07-8849-e06fc12c1b12,a0de6626-305c-473f-946f-bec5e72fa2b2,web,5,1837.8,6.67,2025-07-04T13:51:21.045933
72d76632-69aa-4471-928d-a71ab0cefd06,d0e41f6c-c8cb-4de6-86a7-55eb1edf917c,6c37ac7c-22fb-489b-9e12-ba964446997b,mobile,1,443.86,15.96,2025-08-23T13:51:21.045947
3a0b70a8-88e3-4af4-984a-80d6da1b64d8,f36fccea-2534-4b79-a552-2ebb363bad1a,f6df0b45-6106-42d3-8c75-195d0ad4baee,mobile,2,777.58,0.9,2025-11-17T13:51:21.045960
9c03f5e2-3e41-4133-9190-d4ff3152701f,302fe327-d775-409b-8012-a97df34b403d,e68cd9b3-0f66-4719-b9c8-10a5e0acfc32,store,3,1287.3,7.67,2025-06-07T13:51:21.045974
3a45e0ac-3713-4c93-baf3-881ed41d9f1c,5b737127-dd4b-42d2-8e51-24ce5e175dba,11d7b21d-825c-442e-8c20-a64d4de4dd3c,web,5,286.9,5.31,2025-09-08T13:51:21.045987
229ce434-6fdc-47ed-bf10-be648c0d09a0,b9495a6f-5d1f-4934-9ae7-1176dbb78c66,053f89ae-21b6-4267-baf4-f4be573d366f,store,2,142.3,0.23,2026-03-13T13:51:21.046002
2601a8da-1c33-4008-86d6-796e88fb4bff,56753df8-73b2-4c85-bad5-0476a1357785,457d9d38-588b-41ff-8c67-d7258b51a8e6,web,1,416.4,3.2,2025-09-30T13:51:21.046016
a40f518c-8502-4242-8ecd-9e1eb02a806a,6c3db998-9cb9-4c30-9190-235dca95b547,6c37ac7c-22fb-489b-9e12-ba964446997b,mobile,5,2219.3,8.13,2025-12-12T13:51:21.046029
8b7415ab-e2a3-4bcd-8ab1-a02f169677e1,c69c213c-78e1-4bab-9a52-334bd420ad6d,168e2ef5-ab86-444e-ad38-6cbe82465e6a,mobile,2,180.12,19.35,2026-04-15T13:51:21.046045
144e764a-e3ba-485b-b789-7a0475737bf5,6d40d013-a9c6-497a-a9a8-a3c69db7cdf1,6eae25b5-bfd1-445a-b0d8-86e5ef9604a3,store,3,1437.06,10.65,2025-07-16T13:51:21.046058
154c268b-e4e1-4443-ac28-09b2f89b2a24,94b600f4-25f6-4f09-953a-1f6a8db7a88f,6eae25b5-bfd1-445a-b0d8-86e5ef9604a3,store,5,2395.1,2.75,2026-03-25T13:51:21.046072
a0b1553c-01d0-4334-8e68-18392a4bf0e1,400b741d-0ca0-45d6-8523-573617fee653,f6df0b45-6106-42d3-8c75-195d0ad4baee,mobile,4,1555.16,8.9,2026-01-28T13:51:21.046085
5e3b3ca3-8f27-4738-a7d6-89ca9d82bb32,045d4675-4ee0-49ec-a9b1-1d1db855e831,d5ee97fe-7203-4277-a432-29e8207ec8be,mobile,4,210.36,16.66,2026-04-04T13:51:21.046101
99e56452-aa2b-412f-ae0a-01004a0e40ff,c2dc8b95-1cde-4bed-a268-3df956803335,053f89ae-21b6-4267-baf4-f4be573d366f,web,1,71.15,11.73,2025-12-27T13:51:21.046114
073ada86-6a5d-451a-b156-6092a5ce2ced,228052e8-635e-4302-ace6-72ead42c8602,bff07f43-24a8-4d20-b9e9-6cac1ecce307,mobile,3,180.21,12.8,2025-05-12T13:51:21.046127
1f8871d5-07e0-49ef-bd12-e96691e3f07a,f147feb5-d760-42b9-978a-4c7d74aa903a,56ad6e1f-0691-4acd-a3de-c8da072e3963,web,4,584.6,4.27,2026-02-19T13:51:21.046141
70f5dd20-f751-4f72-a317-4b6590b47ce1,de09c21b-2790-4f59-98f6-c678497d35f8,e68cd9b3-0f66-4719-b9c8-10a5e0acfc32,web,1,429.1,19.62,2025-10-23T13:51:21.046154
98acaa5a-c950-4bcb-9071-ddb7809e0584,1bf5ec6f-1fb7-41ba-8561-83bd4b958e3f,11d7b21d-825c-442e-8c20-a64d4de4dd3c,mobile,3,172.14,1.89,2025-07-05T13:51:21.046167
6c40b823-2353-48ac-8d2c-8f555c7b9ee1,ae851670-1c59-4e22-9edd-1d3d7b880e7c,cbf743b9-e903-4a26-825c-7bde33e1d82c,store,2,746.7,15.01,2025-10-13T13:51:21.046180
1fa73a2b-ddcc-4462-ac27-58bd6ea9def7,17b5440a-a8df-4fd5-997a-0921ee427014,08f682e0-0949-4d7f-9c1a-36bb48342221,mobile,3,646.65,1.95,2026-02-11T13:51:21.046193
bad4a33b-c247-4648-b423-4d6e2e19ca87,68fcba4b-67dc-40a5-b324-7628db4cddbb,944989d7-0474-4130-959f-c793bf62259e,store,2,238.72,5.47,2025-04-24T13:51:21.046205
f5caa76d-18be-4773-8446-218d6289709a,706c92b2-4312-41a5-af08-065360ef288d,2341a1b6-ca76-4973-ad2e-4a906f9fd51d,web,4,470.4,9.4,2025-09-22T13:51:21.046219
14da62ad-0cad-4768-8f52-abb48b7a0b67,3a0a8104-2429-4838-b9fb-61c66c54643d,0e9c5cdb-187a-4121-93cd-cd24adc53bc4,web,1,112.65,14.0,2025-07-25T13:51:21.046232
bfb1cad1-53b4-42ca-b49e-68b127e15a3e,4220b0ed-148d-4a5e-ac8f-7593460ab12d,168e2ef5-ab86-444e-ad38-6cbe82465e6a,mobile,5,450.3,0.84,2025-07-10T13:51:21.046252
9f29d94e-783e-4b23-9e99-1c5d92ce745e,c69c213c-78e1-4bab-9a52-334bd420ad6d,79634690-8c5c-4240-8205-82b10c85c886,mobile,4,1293.24,2.91,2025-08-22T13:51:21.046265
31854316-0228-413e-9897-c3915cfb1cbe,616ee21c-1141-485b-98f2-fdb0e48d66c0,1890b36f-a137-41e5-b5ed-1d9d565c4bd0,store,4,102.24,10.34,2025-11-28T13:51:21.046278
375dbe29-556e-4c6f-8046-4892ed7fb196,fd777368-7e59-48b1-b85b-1619bc87c5dc,6eae25b5-bfd1-445a-b0d8-86e5ef9604a3,web,3,1437.06,18.38,2025-06-01T13:51:21.046291
5d2d70ad-d8de-4dfd-8f45-86923e282d1c,e126d0cb-6e82-4a85-b85f-f2678181bce6,1308f602-c166-4cdc-868a-0b4938053d4d,store,3,97.32,12.33,2025-07-10T13:51:21.046304
7fb2ad43-66dd-410a-b369-5cebee65d124,c93f2cd4-13a8-4f0f-8d1a-8854990eb1b2,bff07f43-24a8-4d20-b9e9-6cac1ecce307,mobile,5,300.35,12.37,2025-09-25T13:51:21.046317
92f00919-4fd2-4a7c-8b00-a1b45588c62b,81c9fc48-3729-4936-b13b-53365da461ff,053f89ae-21b6-4267-baf4-f4be573d366f,mobile,5,355.75,6.25,2025-10-02T13:51:21.046330
610b554f-4447-48d5-9331-e84aeb6a8961,29dc093f-722e-4320-8b1c-a48df552bdf8,1890b36f-a137-41e5-b5ed-1d9d565c4bd0,mobile,3,76.68,5.22,2025-10-23T13:51:21.046343
25ad3ef4-96c4-4f2b-8746-b8d57ce7fc7e,de68630e-da9e-45bb-9038-1aeb89f735f1,69b6bb4a-cfaa-4878-91ae-e146f31c1955,mobile,1,341.57,2.7,2026-02-11T13:51:21.046356
723bf990-0066-4810-97d2-223fa9a2cc32,c55e3b0c-2166-4985-a1d3-11a262d3395d,24665074-3a11-4fcf-82f7-1d50a0b2580f,store,1,381.81,19.89,2025-04-29T13:51:21.046372
88a2f38c-be1f-4a0b-aea6-7b6c57308af0,fd6dddea-61e9-40b1-9ccc-6fa3d1499f25,1308f602-c166-4cdc-868a-0b4938053d4d,web,1,32.44,1.41,2025-10-18T13:51:21.046386
20f0e2ab-1dd7-421d-8136-f6b38dcbe120,d8a407c5-77a8-4d42-8b41-ca20287cf760,e19c753d-318c-4edb-b565-fc406c99c72c,mobile,1,196.25,10.76,2025-12-20T13:51:21.046402
673483b8-3d9a-4d1e-93a3-7f70c4b5b453,80a6b929-e1f9-4b9b-b8ea-5c1b93b29273,17c1c99f-c424-420e-8868-5ab21bafe8e5,store,4,569.04,6.29,2025-12-30T13:51:21.046416
9c18c871-b721-498e-8485-a6c193c25b3c,312c0f57-1c60-4283-ae57-d81c0a0b7cdd,542e404c-f975-45bf-b793-249b8d15665d,mobile,1,107.42,5.2,2025-07-26T13:51:21.046430
6580d9f0-9807-47cb-9558-6c64c0ec4ba7,0710c154-efdf-49d3-967a-8e039d47a392,69b6bb4a-cfaa-4878-91ae-e146f31c1955,web,4,1366.28,0.98,2025-08-10T13:51:21.046442
c040911b-555d-4e5e-84e6-91f926de07a9,4220b0ed-148d-4a5e-ac8f-7593460ab12d,2341a1b6-ca76-4973-ad2e-4a906f9fd51d,store,3,352.8,10.61,2026-02-05T13:51:21.046456
b221f0f4-4669-4310-9031-e9cc6bb9bcd5,a539424b-3bc3-488a-86dd-c9667b50b118,11d7b21d-825c-442e-8c20-a64d4de4dd3c,store,2,114.76,18.41,2026-03-22T13:51:21.046469
d69f38d9-ecf3-4673-b673-ad5c2bb9b096,dd438a1f-d050-4e92-8063-444c9b52b2e1,a47d64f7-a098-44b9-8c64-05a8c978779f,store,5,1529.1,8.63,2025-06-05T13:51:21.046486
f542fbaa-f0c9-4f21-832b-d44df3e4666c,312c0f57-1c60-4283-ae57-d81c0a0b7cdd,69b6bb4a-cfaa-4878-91ae-e146f31c1955,store,3,1024.71,3.24,2025-09-04T13:51:21.046528
47ca59bc-117b-4231-bd47-795d57a68e85,eb42c702-fa41-44fc-bdd9-249a90c13937,053f89ae-21b6-4267-baf4-f4be573d366f,store,3,213.45,9.8,2025-09-11T13:51:21.046568
bbc53c44-a66d-4749-8f35-ca105729105e,e55e95ef-f1cb-40bc-bc2a-bed8e28fabad,457d9d38-588b-41ff-8c67-d7258b51a8e6,mobile,5,2082.0,9.01,2026-04-01T13:51:21.046599
2fc2015c-4edd-4b8a-831e-1fa04c21f6b1,67da80eb-8c00-4328-9bd2-9b409e254a97,053f89ae-21b6-4267-baf4-f4be573d366f,web,3,213.45,15.63,2025-12-23T13:51:21.046632
075a7f24-2dd5-48c9-88fd-8683318d1a45,f36fccea-2534-4b79-a552-2ebb363bad1a,cbf743b9-e903-4a26-825c-7bde33e1d82c,web,4,1493.4,17.14,2026-02-08T13:51:21.046662
3722311f-56f6-4441-afc3-a85379396138,43c92511-959a-4446-90c1-fe53cc07de9f,11d7b21d-825c-442e-8c20-a64d4de4dd3c,web,4,229.52,17.09,2025-10-02T13:51:21.046693
f385569a-80aa-4365-91b6-ed4a31022404,0a6dd152-f4e3-4ace-b8a8-88e743549233,e68cd9b3-0f66-4719-b9c8-10a5e0acfc32,store,3,1287.3,1.08,2025-04-22T13:51:21.046726
e228458e-0206-4c15-96d6-08a8e174fc3f,617476de-8ec5-4f6e-860d-7c8277a7c4b1,457d9d38-588b-41ff-8c67-d7258b51a8e6,store,5,2082.0,4.58,2025-06-08T13:51:21.046758
c0df8f94-9b9f-4260-90b4-f55ddb5e0f0d,2e1846b9-5efb-4df6-9fa0-b8de321d8ce9,79634690-8c5c-4240-8205-82b10c85c886,web,4,1293.24,2.37,2026-01-23T13:51:21.046787
72b0fb63-a10c-4223-b9a7-af31fe29968a,85614ccc-0949-4a03-a33a-38b2340aaca1,a0de6626-305c-473f-946f-bec5e72fa2b2,store,2,735.12,19.29,2025-08-27T13:51:21.046818
90e527df-65f5-4f58-85f5-384684ed53f4,46a28351-96db-49e2-8f94-2a1ff20a0c8d,0e9c5cdb-187a-4121-93cd-cd24adc53bc4,web,3,337.95,15.28,2025-09-22T13:51:21.046855
4393eae5-e825-4283-9fe2-d3230355f4d0,00824cc7-caaa-457e-9328-c8b8556afc23,d5ee97fe-7203-4277-a432-29e8207ec8be,web,4,210.36,1.58,2026-04-01T13:51:21.046893
6129139f-5c81-41e4-857a-80bd6cac89e3,e28f4770-6966-405d-a263-775367525a66,08cb9e44-2170-4369-9ab2-a47e52847e6c,mobile,1,117.12,16.31,2025-10-07T13:51:21.046908
038c792e-3c86-4f5a-82f3-057ab4216efe,84af72e6-800a-4dd4-88b4-15fe1f894bef,168e2ef5-ab86-444e-ad38-6cbe82465e6a,store,5,450.3,19.87,2025-05-23T13:51:21.046930
a94b3d10-d71b-433c-97a0-f0ff42a571c0,01af8a00-d406-447f-b3dd-975ce21b49ec,168e2ef5-ab86-444e-ad38-6cbe82465e6a,store,1,90.06,11.78,2026-02-19T13:51:21.046962
858af56f-e568-44a0-97cb-66349d4c7869,643e9ab7-7f06-4631-b966-7cdf4dff8ad3,0e9c5cdb-187a-4121-93cd-cd24adc53bc4,web,4,450.6,3.92,2025-07-03T13:51:21.046987
32441d4f-74ac-4df3-bc82-4b46535cad97,d8a407c5-77a8-4d42-8b41-ca20287cf760,24665074-3a11-4fcf-82f7-1d50a0b2580f,store,5,1909.05,8.88,2025-06-15T13:51:21.047015
1e10c32d-d97a-4803-a44a-10dd10d00eca,a7a9f9a9-f115-48e8-b2ee-1d075fc3402c,79634690-8c5c-4240-8205-82b10c85c886,web,3,969.93,19.88,2025-08-30T13:51:21.047028
0af486db-ef3e-4e87-8708-7de85759b018,d7e80692-b86e-40b6-b9de-46a15d1df915,11d7b21d-825c-442e-8c20-a64d4de4dd3c,store,2,114.76,1.52,2025-05-24T13:51:21.047044
57b57508-9fb5-4ac6-922b-8115e1849841,b1b3cebd-4a2a-433a-8058-12a34df6a3b3,28de6b67-c5da-4fd9-9ae6-64f199eb885d,web,2,609.96,10.58,2026-03-19T13:51:21.047058
310302ae-a296-4f68-9e9c-ed7d69b26468,0ebb1121-5e3e-4d5b-b10b-61858bcd68c5,0e9c5cdb-187a-4121-93cd-cd24adc53bc4,store,3,337.95,6.91,2025-12-20T13:51:21.047071
1a66d875-92fd-4102-adaa-b285c60ee66e,ac9d43e7-e4a4-4d8f-b14c-e805d4976edf,1308f602-c166-4cdc-868a-0b4938053d4d,store,5,162.2,11.08,2026-03-22T13:51:21.047085
e97b75c4-2581-4d15-b3c2-8fc89e6f9a38,370e7bb7-6236-43ce-95ca-1a960f6b7194,9c0e36b8-29dc-48d8-9869-8d952c29dbdb,mobile,3,896.19,3.5,2025-12-01T13:51:21.047097
c2bf329a-ed2c-46b1-a76a-9abf03f76b49,28bda88c-ec35-4327-97b4-3646020d3493,28de6b67-c5da-4fd9-9ae6-64f199eb885d,web,5,1524.9,10.07,2025-04-25T13:51:21.047110
b14ed630-c56c-41d7-9a28-48bdd73879ea,c1fdb530-3f98-4f58-aebf-d3d9e2463e57,11d7b21d-825c-442e-8c20-a64d4de4dd3c,web,3,172.14,0.63,2025-11-29T13:51:21.047123
66311a00-90e7-492e-a924-0c27464ee9e6,8e2a7aa8-8e6c-4b41-9ba3-9577be455dc7,e19c753d-318c-4edb-b565-fc406c99c72c,mobile,3,588.75,7.35,2025-11-10T13:51:21.047137
87cdb100-6d2f-4706-a5f1-d73c21a299f5,53ca8461-e12a-4781-a412-c2791b9dff98,7df8e284-e832-44a7-94ef-f17a4e5da9d6,web,3,269.07,16.91,2026-01-31T13:51:21.047150
2a0a45b4-8ea5-4be8-b2c9-690ef7f9ace8,ccc80586-f348-4f03-85eb-7da4adedccb4,28de6b67-c5da-4fd9-9ae6-64f199eb885d,web,2,609.96,18.69,2026-01-06T13:51:21.047163
85a0c95d-d63c-4f98-8551-d077953f7d86,c8d10fb3-b0d6-4395-abbf-fd46d3f2dd82,a0de6626-305c-473f-946f-bec5e72fa2b2,mobile,5,1837.8,14.62,2025-06-05T13:51:21.047176
19b5ec7f-fb73-4d8e-8e1a-3c40fb8265d5,78d4e439-fa45-4a8f-9594-3c1461777872,1890b36f-a137-41e5-b5ed-1d9d565c4bd0,store,4,102.24,15.28,2025-09-03T13:51:21.047189
5458938e-d28e-4567-b4d9-c59ffbedbc1b,0662b6ce-20a3-4d11-92e7-9ebde7122461,a0de6626-305c-473f-946f-bec5e72fa2b2,web,2,735.12,0.61,2025-08-08T13:51:21.047204
3e04a3cb-d6bb-4ff1-8aa0-0e6b085d94c2,3e0f0892-3271-4349-a4d6-c5b43dd208f5,17c1c99f-c424-420e-8868-5ab21bafe8e5,mobile,5,711.3,3.39,2025-10-03T13:51:21.047218
b4c21d4f-2740-4e5f-91a9-67c5dedfc30d,72cb36c3-7d29-445a-be42-baccbe7f0659,0e9c5cdb-187a-4121-93cd-cd24adc53bc4,web,3,337.95,13.1,2025-04-15T13:51:21.047232
08cdc93b-2f6a-489f-b4c7-dd98ef3a7cda,f6f84d4a-8f74-45a9-8dca-f2861185f737,d5ee97fe-7203-4277-a432-29e8207ec8be,web,5,262.95,16.53,2025-09-29T13:51:21.047249
0ae5cd4d-91bb-4668-8f9d-344098031fc4,3353b7da-6f12-42f1-9424-fbde65b4b5f8,457d9d38-588b-41ff-8c67-d7258b51a8e6,store,2,832.8,12.18,2026-03-30T13:51:21.047263
14a34ce7-c44c-45e1-8066-b06b3eda091d,5ea34c47-e02d-45ce-bbe2-3ae31540f714,6eae25b5-bfd1-445a-b0d8-86e5ef9604a3,mobile,3,1437.06,16.59,2025-07-10T13:51:21.047276
e5a9886d-6c20-4cca-a5f8-f442dcab2e5e,4978ccb0-1e80-4cf0-b90a-0a40f49394dc,6eae25b5-bfd1-445a-b0d8-86e5ef9604a3,store,3,1437.06,0.24,2025-12-19T13:51:21.047288
7a03870a-1b77-4f24-8f7f-9e0d860ea6e3,9a58294d-b1d7-464a-a310-45a0eccb0b17,08cb9e44-2170-4369-9ab2-a47e52847e6c,mobile,5,585.6,17.45,2026-03-11T13:51:21.047301
183797b0-0318-4b08-91d5-01ca5d25dd2b,81c9fc48-3729-4936-b13b-53365da461ff,0e9c5cdb-187a-4121-93cd-cd24adc53bc4,mobile,5,563.25,18.1,2025-11-20T13:51:21.047314
37cc89d7-6396-42b5-aaf3-5c59aeb68200,ac61d53d-7c25-4ce7-b518-85ee58c7b2b6,e19c753d-318c-4edb-b565-fc406c99c72c,store,3,588.75,5.08,2026-01-17T13:51:21.047327
d1e74ee2-89fa-4216-9bfe-dde967f2f76b,abb8399d-d557-4b20-a585-bdc3cbf9c14d,321b80eb-c6e9-42e0-a6f5-86598247acd3,store,3,878.67,1.07,2025-12-02T13:51:21.047340
c3abde3e-f48c-4693-8781-57da031df035,bd3fac18-11b2-4e27-97ee-097355e2ae12,56ad6e1f-0691-4acd-a3de-c8da072e3963,mobile,5,730.75,1.32,2025-10-12T13:51:21.047353
ba3737c9-9f3e-42a3-ab11-759f72498620,eb411509-29e2-4223-b53d-22fb38b6fbcf,56ad6e1f-0691-4acd-a3de-c8da072e3963,mobile,4,584.6,2.14,2025-04-20T13:51:21.047367
56ecb541-15e6-4bc8-9b3a-71c6c7f8cf87,a22427fa-587c-4ef8-ac58-a71016ef9984,905f2110-caca-46ad-b1fc-61c3fda110f1,mobile,2,97.2,2.47,2025-05-21T13:51:21.047383
0425549b-0f71-4176-a611-c1ae3359b743,2bf20add-b53d-4ece-be51-331ebb53ad0c,7df8e284-e832-44a7-94ef-f17a4e5da9d6,mobile,5,448.45,5.11,2025-07-27T13:51:21.047396
4e23a8dc-bfb7-459f-ab4a-564f69556fb1,c93f2cd4-13a8-4f0f-8d1a-8854990eb1b2,1308f602-c166-4cdc-868a-0b4938053d4d,mobile,5,162.2,8.51,2025-06-29T13:51:21.047409
1a2bcbd1-7f57-44fe-8e70-62f9ffb6e672,48939967-06c2-444f-bd14-4f7a500ae2cb,1791a541-fe39-430b-9626-a24acd85e08e,mobile,5,1358.6,11.98,2026-01-26T13:51:21.047423
1dc449da-5b27-4acb-b001-194ae4444572,ac9e9fa2-9a9f-4abb-bf77-bce10aeed1be,905f2110-caca-46ad-b1fc-61c3fda110f1,mobile,4,194.4,2.66,2025-06-23T13:51:21.047436
7f6950d5-956a-4e49-bc78-745cd8f58053,da991ae8-4eeb-4b2d-821b-05b27c818222,08cb9e44-2170-4369-9ab2-a47e52847e6c,mobile,3,351.36,2.75,2025-08-28T13:51:21.047449
e07f11e1-e095-4eed-8a33-e930be96f051,dd438a1f-d050-4e92-8063-444c9b52b2e1,6eae25b5-bfd1-445a-b0d8-86e5ef9604a3,mobile,1,479.02,19.73,2026-03-01T13:51:21.047463
26625701-f67a-4f5f-bcec-8ac839a4c1e1,9250bcb7-8e85-4859-9210-77e4d80ea8af,1308f602-c166-4cdc-868a-0b4938053d4d,store,3,97.32,2.64,2026-01-16T13:51:21.047477
e02d9732-9abd-4301-9953-fcaf114ae4a1,37719c60-2dce-4f9d-ac9f-4aa5da5bbcd8,17c1c99f-c424-420e-8868-5ab21bafe8e5,store,2,284.52,3.25,2025-06-16T13:51:21.047490
138e4bc6-67a9-44e6-85f8-5de23fd3fd81,a295cf72-e598-4850-963d-6023136619cc,bff07f43-24a8-4d20-b9e9-6cac1ecce307,web,5,300.35,19.52,2026-02-22T13:51:21.047503
dc197e6b-3729-4c04-b9da-4d6cabdb6f21,325a16f2-810b-43e0-b3fa-e2d5e3c13093,17c1c99f-c424-420e-8868-5ab21bafe8e5,store,4,569.04,18.4,2026-03-31T13:51:21.047534
f88f4fc2-6f96-4a3a-a1e3-8e0533cfe96a,7973b72a-555e-4256-a39e-9b40be1a259d,2341a1b6-ca76-4973-ad2e-4a906f9fd51d,mobile,2,235.2,17.34,2026-01-17T13:51:21.047563
b1560cbe-7ada-41c3-8a7b-3e9682015f46,78db3675-7801-4394-8e2b-4f1fde6f6636,69b6bb4a-cfaa-4878-91ae-e146f31c1955,web,5,1707.85,3.36,2025-07-04T13:51:21.047576
115c5ad7-f1c2-4cf7-bb1b-672320c842b7,d59d067c-81ef-43c0-8749-a85d38c15ba1,944989d7-0474-4130-959f-c793bf62259e,web,1,119.36,4.6,2026-04-08T13:51:21.047589
52ea91e6-c491-48bc-ad64-68ead7a2a25a,4ed250ce-f2f6-4095-b960-f4cc057f1d8f,79634690-8c5c-4240-8205-82b10c85c886,mobile,1,323.31,10.44,2026-03-14T13:51:21.047602
da700ac1-23d7-4d1b-9587-c06ebe8eaed2,e35fef50-cb52-412f-8c9d-fbe01e30d289,e19c753d-318c-4edb-b565-fc406c99c72c,web,4,785.0,18.2,2026-02-16T13:51:21.047615
0cd9d5db-6bfd-403c-8391-a8bd7a805ddd,4b8e09cb-caba-44f2-a067-285da4e537ef,17c1c99f-c424-420e-8868-5ab21bafe8e5,web,4,569.04,0.22,2025-09-30T13:51:21.047637
fd0fc5d4-08e5-46e7-a3be-5f1d1170c089,1c13764a-936b-493a-8635-7e1a3faff27d,a0de6626-305c-473f-946f-bec5e72fa2b2,store,2,735.12,15.94,2025-10-07T13:51:21.047663
837cb5ae-479c-49a4-bee6-5794eef11700,5b57c74e-573c-4427-abd3-d81ce726c936,69b6bb4a-cfaa-4878-91ae-e146f31c1955,store,2,683.14,18.57,2025-07-06T13:51:21.047676
ec2213b7-a927-4ff5-b773-b49dfa74fb8f,008f3c83-68c5-44b4-8a91-226b4738b52d,bff07f43-24a8-4d20-b9e9-6cac1ecce307,mobile,1,60.07,15.1,2025-06-18T13:51:21.047689
ffe18a0a-8733-4a49-ae02-5eda0220c451,a7a9f9a9-f115-48e8-b2ee-1d075fc3402c,0e9c5cdb-187a-4121-93cd-cd24adc53bc4,mobile,3,337.95,12.83,2025-09-12T13:51:21.047703
eab15630-0e3f-44a6-b5b0-ebe9eaff1433,7093f3f7-0a13-433d-ac30-374888d8fff3,905f2110-caca-46ad-b1fc-61c3fda110f1,mobile,3,145.8,6.33,2025-09-18T13:51:21.047716
59f98ec3-ea28-4e2f-87ac-74af88431e4c,d6de87d1-6cf1-400d-8b1d-d8af4573a316,08cb9e44-2170-4369-9ab2-a47e52847e6c,web,1,117.12,14.67,2026-04-14T13:51:21.047728
c086f46d-758b-49a1-a92f-09b54159b035,3cae7953-c156-471c-9a5f-92f3526f83e4,7df8e284-e832-44a7-94ef-f17a4e5da9d6,web,4,358.76,7.4,2026-01-12T13:51:21.047742
56841d53-cd06-4c36-a485-f53edbc39a82,05936011-9e61-41c0-bc67-638eee4f08eb,a47d64f7-a098-44b9-8c64-05a8c978779f,store,3,917.46,8.75,2025-06-18T13:51:21.047758
91721fe5-eef6-48c2-98a8-1016a8f35aca,d7b7e2da-9059-4d56-ae4f-90db25a23b66,457d9d38-588b-41ff-8c67-d7258b51a8e6,web,1,416.4,8.72,2025-04-28T13:51:21.047772
16eecabe-5f7b-4996-a793-68a92a51d689,370f0855-85f1-477f-8f8e-0f1980e8cfc6,1308f602-c166-4cdc-868a-0b4938053d4d,web,4,129.76,1.48,2025-11-29T13:51:21.047789
bab5f3de-31dd-42bb-b99b-5c377df03c62,d3dcaad1-9e4d-4862-b064-aa7e02b5f7a7,f6df0b45-6106-42d3-8c75-195d0ad4baee,web,3,1166.37,14.18,2025-11-13T13:51:21.047803
4edf9e75-956e-41ce-a367-73f75a98dd30,9b66b8f5-ba94-4ffa-9d5d-1385fe996de7,6eae25b5-bfd1-445a-b0d8-86e5ef9604a3,store,3,1437.06,10.83,2026-04-15T13:51:21.047816
bcfe321d-ec73-45e7-9806-6f7fea018e4a,b2f52649-2de7-4158-96f1-800ae16d25f0,f6df0b45-6106-42d3-8c75-195d0ad4baee,store,5,1943.95,15.45,2025-06-17T13:51:21.047829
93bac30a-5bf1-44e4-936a-f08cba8de814,62333fd8-0787-4f08-8f24-0bd988d5394f,944989d7-0474-4130-959f-c793bf62259e,web,5,596.8,7.35,2025-06-05T13:51:21.047842
789580d7-d7b9-45d5-921c-f22a855f8f5c,56753df8-73b2-4c85-bad5-0476a1357785,ad1fb5ee-a91c-4991-9341-e395d2beecef,mobile,4,1408.32,4.05,2025-09-13T13:51:21.047854
ff6abb70-8ad8-4046-8074-f45ffc09d5e3,cd4bae82-f1c1-4249-b9de-54fb8ee5a56a,08f682e0-0949-4d7f-9c1a-36bb48342221,mobile,4,862.2,11.35,2025-07-16T13:51:21.047867
c4c07d1e-6a39-416e-8204-f0e4e1565283,8369c1b7-e066-4496-95c8-c4798a0240e4,f6df0b45-6106-42d3-8c75-195d0ad4baee,mobile,2,777.58,9.18,2025-09-29T13:51:21.047880
015c49b4-72a3-4026-85f8-37446f8b5918,b9accf07-4584-4144-9b58-f58271dc0b61,1791a541-fe39-430b-9626-a24acd85e08e,store,2,543.44,11.16,2025-07-13T13:51:21.047893
f16ab84d-98c2-42ad-a7f6-42c3e511292e,f3ab7cce-0457-400d-bf61-d02b31de7dd9,2341a1b6-ca76-4973-ad2e-4a906f9fd51d,mobile,1,117.6,19.9,2025-08-17T13:51:21.047907
d9e2a135-0364-4d5b-a456-e3ec1d85c5d6,cb79bd3b-830a-4465-b220-93a205d659c7,ca3df109-0f94-4c65-bb50-5e247fa97614,store,5,1769.4,0.61,2026-03-09T13:51:21.047923
9246126c-d05d-458b-a337-a5390df9e1d7,755b4c50-4d17-4e79-8c2a-5d83b8972610,e19c753d-318c-4edb-b565-fc406c99c72c,store,2,392.5,16.88,2025-10-12T13:51:21.047936
e433b2f0-5bef-4ac0-b144-89846bf7eb4c,89052c15-2c75-45bd-b849-25d7912e366c,7df8e284-e832-44a7-94ef-f17a4e5da9d6,mobile,4,358.76,11.89,2026-04-04T13:51:21.047950
37c6797b-7d8f-4825-a898-67ec73d5d6c7,4fea6d9e-f8ff-4426-9531-797cc03943e1,cbf743b9-e903-4a26-825c-7bde33e1d82c,store,1,373.35,17.62,2026-02-07T13:51:21.047962
17c664dc-71be-43b9-9ea2-d06758f453c2,cd7c00ee-783f-44f3-9c7f-80c043255ce5,6c37ac7c-22fb-489b-9e12-ba964446997b,mobile,4,1775.44,11.55,2025-05-27T13:51:21.047976
e6eccc00-8898-40c5-aa9c-980cd704c978,d71e8f1d-919c-4e14-a319-147952812e42,24665074-3a11-4fcf-82f7-1d50a0b2580f,store,4,1527.24,19.56,2026-04-08T13:51:21.047989
0d9f01b8-acde-4fd2-a82f-f9da1e9de0bb,cd4bae82-f1c1-4249-b9de-54fb8ee5a56a,79634690-8c5c-4240-8205-82b10c85c886,web,5,1616.55,18.81,2025-10-09T13:51:21.048003
81432872-016b-4692-b721-d425ac4d95b7,cd1b11ec-0996-4be8-8902-195674a27e17,7df8e284-e832-44a7-94ef-f17a4e5da9d6,mobile,3,269.07,6.29,2025-10-26T13:51:21.048017
6bd31542-d1f6-4786-ba55-aba7ea3f3e55,a7efd861-82e5-43b1-9e1d-0c829bfa825e,28de6b67-c5da-4fd9-9ae6-64f199eb885d,store,4,1219.92,5.82,2025-08-09T13:51:21.048029
962839d5-72ea-43d2-b426-b30b93fc3727,8ccd0f15-fc71-4c67-ad0e-2f8a0beac395,542e404c-f975-45bf-b793-249b8d15665d,store,4,429.68,12.04,2025-11-15T13:51:21.048044
7f0e0207-a224-440f-9ea3-54b3781f278e,cd1b11ec-0996-4be8-8902-195674a27e17,d5ee97fe-7203-4277-a432-29e8207ec8be,mobile,1,52.59,15.94,2025-07-12T13:51:21.048057
7da74bee-dc7e-4263-9ee8-3b61c7c7686b,325a16f2-810b-43e0-b3fa-e2d5e3c13093,17c1c99f-c424-420e-8868-5ab21bafe8e5,web,2,284.52,12.17,2025-11-23T13:51:21.048071
803a4162-a424-4f4b-8ec3-995f0e2297dd,8c0ec5af-151e-4280-ab18-606cae2ad64a,f6df0b45-6106-42d3-8c75-195d0ad4baee,store,2,777.58,3.54,2025-09-04T13:51:21.048084
5445193d-9c54-41b9-b3b0-141c20212658,4f8976eb-b7a7-407e-a978-81c6b0ca8ebc,0e9c5cdb-187a-4121-93cd-cd24adc53bc4,mobile,3,337.95,1.49,2025-07-27T13:51:21.048097
429b44da-c2d5-44c6-ba34-835eb6c461fa,2e1846b9-5efb-4df6-9fa0-b8de321d8ce9,11d7b21d-825c-442e-8c20-a64d4de4dd3c,web,3,172.14,2.1,2025-11-30T13:51:21.048110
2b96db2d-8e9e-4f1d-8518-aa96b2d5ffbe,cd4bae82-f1c1-4249-b9de-54fb8ee5a56a,6c37ac7c-22fb-489b-9e12-ba964446997b,store,3,1331.58,16.67,2025-10-07T13:51:21.048123
b4f137cc-cda6-4250-bea7-36cc0bf2e219,eeece404-f5ee-44d3-8c8e-509650cb644a,905f2110-caca-46ad-b1fc-61c3fda110f1,web,4,194.4,0.06,2025-07-31T13:51:21.048140
16873018-70c3-40f9-bacc-b8cee3f0543e,e80f3f91-63af-4ba4-8042-16c99c87b341,08f682e0-0949-4d7f-9c1a-36bb48342221,store,2,431.1,16.61,2025-10-10T13:51:21.048154
769f5115-fc01-4f9b-8010-f83b8db9a46d,0a9d7983-6f35-4787-b27b-e0aca049aff4,2341a1b6-ca76-4973-ad2e-4a906f9fd51d,web,1,117.6,12.64,2026-03-21T13:51:21.048168
fea8e23b-4d45-482a-88f4-cbe37f2ddaa1,0728b6c8-7eab-48c3-a4e0-0f8f8dbf95f8,457d9d38-588b-41ff-8c67-d7258b51a8e6,web,4,1665.6,9.19,2025-11-26T13:51:21.048181
3cbfdeec-d109-4a8c-aa9f-4abcc118b707,0dd9e3a0-993b-425d-814d-c34301fb337f,542e404c-f975-45bf-b793-249b8d15665d,web,3,322.26,10.06,2025-08-18T13:51:21.048194
bfc13aa5-0f69-476b-9ec0-3b9c2dbb62ec,d44fe8d0-8697-478a-b561-5412b92c3cdd,17c1c99f-c424-420e-8868-5ab21bafe8e5,mobile,5,711.3,17.71,2025-10-30T13:51:21.048208
777e97d9-b641-4f2b-8444-8811c52a6f90,e28f4770-6966-405d-a263-775367525a66,79634690-8c5c-4240-8205-82b10c85c886,store,1,323.31,10.4,2026-03-01T13:51:21.048220
7d4fa6a8-35d6-4f1c-8cd6-82ce8fb085fe,dbefa4ac-a450-4b00-adf5-b7bcf634fb24,1791a541-fe39-430b-9626-a24acd85e08e,mobile,2,543.44,5.24,2026-01-23T13:51:21.048233
cbacbb20-1f3e-4a99-92fb-a8d1662b6a39,d27db049-06bb-49d0-9384-1d005fc4197d,bff07f43-24a8-4d20-b9e9-6cac1ecce307,store,1,60.07,1.45,2026-02-05T13:51:21.048251
e914161d-7efc-493d-b88b-48523f2f8b75,0f4e0175-34a6-491e-bf85-2bbc0c78acd4,168e2ef5-ab86-444e-ad38-6cbe82465e6a,store,3,270.18,1.32,2026-04-12T13:51:21.048274
9fe1cf5e-572d-4a9b-9fab-5257923f0953,a7a9f9a9-f115-48e8-b2ee-1d075fc3402c,6c37ac7c-22fb-489b-9e12-ba964446997b,mobile,5,2219.3,15.06,2025-05-22T13:51:21.048287
1b3dea07-e628-4dc2-9871-fe183e931ec7,dd267d37-2603-4b70-afe3-80c93850b1f7,1890b36f-a137-41e5-b5ed-1d9d565c4bd0,store,1,25.56,19.49,2025-06-25T13:51:21.048300
dee45f67-382e-488e-9d20-92c24e4e4987,cf767ff6-17c9-4be0-a435-939dd95f7f2b,24665074-3a11-4fcf-82f7-1d50a0b2580f,mobile,4,1527.24,1.72,2026-02-19T13:51:21.048313
ef8a90d2-6f2d-4d89-aa61-8c5dd0f08ff5,637c0f84-207d-48a7-a962-320e19bc238f,e19c753d-318c-4edb-b565-fc406c99c72c,mobile,1,196.25,7.25,2026-03-24T13:51:21.048653
df20749c-faeb-4531-b656-474d29d6c86b,dbefa4ac-a450-4b00-adf5-b7bcf634fb24,f1f6542b-4b3f-4e65-8d9a-766c8d57ad72,web,1,321.48,3.99,2025-06-28T13:51:21.048755
cee2d006-9a57-4823-a168-c38dca8762a6,53e0275c-fc42-4900-a0ea-d5048e14d832,7df8e284-e832-44a7-94ef-f17a4e5da9d6,mobile,1,89.69,6.28,2025-09-07T13:51:21.048784
c06ffa2b-6072-4b00-84a3-deea0e76ac2b,b9accf07-4584-4144-9b58-f58271dc0b61,79634690-8c5c-4240-8205-82b10c85c886,mobile,4,1293.24,16.6,2025-12-05T13:51:21.048798
298a50ca-ff72-4d13-b256-42bfd772f223,fbce644f-c034-451d-a9da-e01919623f87,1890b36f-a137-41e5-b5ed-1d9d565c4bd0,store,5,127.8,11.24,2025-06-26T13:51:21.048818
baaeb29d-1cc9-4d69-9065-8d831682632c,e83d5e91-42bc-417b-be08-af280ea86d5d,a0de6626-305c-473f-946f-bec5e72fa2b2,web,2,735.12,15.95,2025-05-20T13:51:21.048847
86649e7e-8f9a-4dbc-8475-b816aa97a6e9,be029ce5-cd24-42ad-8779-03ff5f9f714b,7df8e284-e832-44a7-94ef-f17a4e5da9d6,mobile,4,358.76,11.46,2025-06-16T13:51:21.048869
8e63fe5d-7533-4288-ab98-13c8bd3ba33e,3a9aea0a-65d8-411d-a515-5239f165ec5d,e68cd9b3-0f66-4719-b9c8-10a5e0acfc32,mobile,3,1287.3,5.14,2026-02-07T13:51:21.048884
1127556a-97b2-44e0-8521-1e4313cad8d9,10699e3c-9f67-4108-a71c-a0918eaa3418,0e9c5cdb-187a-4121-93cd-cd24adc53bc4,mobile,1,112.65,1.76,2025-09-16T13:51:21.048898
82adefbe-2b5e-4d6f-8ced-289d2094adc1,02653886-b18f-49d1-befb-1360de21e764,bdea1b76-1208-4a2f-b2e1-1aa8a5626500,web,2,616.92,16.1,2025-08-16T13:51:21.048912
dff10548-9306-47a7-9bed-6bea9940abe8,a3ace69c-a556-4f4f-8710-866b65feb589,168e2ef5-ab86-444e-ad38-6cbe82465e6a,mobile,1,90.06,15.47,2025-12-27T13:51:21.048931
ae53122c-f931-470d-8bb9-a3702d78a51f,bdab1d19-8ba7-4bfc-a5ad-61087bba98d6,11d7b21d-825c-442e-8c20-a64d4de4dd3c,web,3,172.14,7.04,2026-03-23T13:51:21.048952
59c232ac-6dc2-4444-b277-e32362f78ec0,56753df8-73b2-4c85-bad5-0476a1357785,f6df0b45-6106-42d3-8c75-195d0ad4baee,web,2,777.58,1.37,2025-04-30T13:51:21.048968
2495607e-0aff-459e-bd75-745aa3a8f93b,29dc093f-722e-4320-8b1c-a48df552bdf8,a0de6626-305c-473f-946f-bec5e72fa2b2,store,2,735.12,5.12,2025-10-13T13:51:21.048982
6c64dc8c-26f1-439b-8a2e-cbd356297491,cd7c00ee-783f-44f3-9c7f-80c043255ce5,bff07f43-24a8-4d20-b9e9-6cac1ecce307,store,3,180.21,10.6,2026-01-28T13:51:21.048996
a4064642-8ebb-4117-9c06-095290cbf067,a712e0dd-13e1-4baa-80c6-cd2b2204d7bb,a47d64f7-a098-44b9-8c64-05a8c978779f,web,5,1529.1,14.91,2025-09-05T13:51:21.049012
34a68e1d-26a2-4188-a88a-f77bb137b581,c8d10fb3-b0d6-4395-abbf-fd46d3f2dd82,ad1fb5ee-a91c-4991-9341-e395d2beecef,web,5,1760.4,19.79,2025-07-09T13:51:21.049024
cdf726ab-10f6-4340-a4c2-267c89080d16,84af72e6-800a-4dd4-88b4-15fe1f894bef,053f89ae-21b6-4267-baf4-f4be573d366f,web,5,355.75,10.94,2025-08-01T13:51:21.049038
6a591731-e32b-4333-b856-b8ee93b206fa,5f9a2f01-073f-4576-a173-61c06b068554,24665074-3a11-4fcf-82f7-1d50a0b2580f,store,3,1145.43,18.42,2025-12-20T13:51:21.049051
3443273d-e3a2-4785-92ad-3b7744c9f09c,4ec84b5f-b09d-47ae-b377-aa007382cd8e,053f89ae-21b6-4267-baf4-f4be573d366f,mobile,4,284.6,0.95,2026-02-04T13:51:21.049066
c81b7470-8ab1-478a-bb96-9faf694ed7f0,414fe86c-ccc0-4e02-8482-569b40e59aaa,69b6bb4a-cfaa-4878-91ae-e146f31c1955,store,4,1366.28,14.09,2025-08-31T13:51:21.049082
509fff12-90b2-41c0-9a6b-b2177c2b6f1d,4bc84d88-5090-4d9a-b9f2-9f3db59d8a27,321b80eb-c6e9-42e0-a6f5-86598247acd3,store,4,1171.56,7.05,2025-06-02T13:51:21.049096
16d6c0a7-2915-4dc4-850c-52bae32481bc,8de4ba42-f9cc-4561-9d63-a626e4997a50,f6df0b45-6106-42d3-8c75-195d0ad4baee,mobile,2,777.58,3.66,2025-12-31T13:51:21.049109
65a064a9-00bd-495d-93e5-d27ee72c0b49,54e0fdd2-0846-4239-b960-d6e6580496ae,79634690-8c5c-4240-8205-82b10c85c886,mobile,5,1616.55,18.74,2026-03-29T13:51:21.049124
199af087-af56-4dfd-8917-8c3c990dde4f,26f752ae-cb28-42e6-8109-575dcebe96fb,905f2110-caca-46ad-b1fc-61c3fda110f1,store,1,48.6,12.58,2026-03-25T13:51:21.049138
3c337324-5954-4071-8fc7-6d7d5cc56a29,16e7deb1-5e07-4f9f-b198-5181d24733dd,cbf743b9-e903-4a26-825c-7bde33e1d82c,web,5,1866.75,1.99,2026-02-22T13:51:21.049155
a5fa4ae1-8058-4a03-8a9c-cad5c5e2ba1b,1c13764a-936b-493a-8635-7e1a3faff27d,08cb9e44-2170-4369-9ab2-a47e52847e6c,store,4,468.48,1.9,2025-07-30T13:51:21.049168
07d8ae55-9812-4005-8453-aa9de22472d8,bb92c951-7270-48f2-9213-bf2eeb692e34,cbf743b9-e903-4a26-825c-7bde33e1d82c,store,2,746.7,14.08,2025-10-29T13:51:21.049181
19b73556-5e70-46cf-838a-66576cff6599,8c0729b0-bedb-4edf-a078-95151b63f71e,1308f602-c166-4cdc-868a-0b4938053d4d,mobile,1,32.44,3.54,2025-04-29T13:51:21.049195
7fbf9c32-8d75-49a7-b123-0f44226e5bb8,4829a140-3157-48b9-87d5-344eb58b6325,cbf743b9-e903-4a26-825c-7bde33e1d82c,store,4,1493.4,18.39,2025-06-02T13:51:21.049207
c580aa30-ba2f-4780-9d45-8c331d25ea3e,c7a05006-af72-4fe4-af69-4916237acd03,a47d64f7-a098-44b9-8c64-05a8c978779f,web,1,305.82,19.96,2025-05-01T13:51:21.049220
47385399-a32d-4b16-8aca-fdf39c7d163d,980e4b8c-94c3-4334-bcf6-5106b7ec56c1,1890b36f-a137-41e5-b5ed-1d9d565c4bd0,store,2,51.12,18.02,2026-01-12T13:51:21.049233
ff1d7e08-21fe-4e1e-88b8-989db0ba428f,cd1b11ec-0996-4be8-8902-195674a27e17,2341a1b6-ca76-4973-ad2e-4a906f9fd51d,web,3,352.8,3.16,2026-03-16T13:51:21.049251
af4875fa-e6aa-47be-8ece-954dee8ce498,38881b64-3e38-4b34-bf33-d8f08e89bdb5,69b6bb4a-cfaa-4878-91ae-e146f31c1955,web,1,341.57,6.75,2025-11-03T13:51:21.049278
3f476e06-f345-4c53-be0b-ff60aa27a8e1,01345167-d5c6-442f-9e36-7a5740ee4bcf,24665074-3a11-4fcf-82f7-1d50a0b2580f,mobile,3,1145.43,13.73,2025-05-15T13:51:21.049304
8ede248f-4f03-4212-a41b-008788991fa9,400b741d-0ca0-45d6-8523-573617fee653,f1f6542b-4b3f-4e65-8d9a-766c8d57ad72,web,5,1607.4,8.76,2025-10-24T13:51:21.049332
80abf42b-e7ef-4e81-8e8d-cfa6322b6ea3,1bf5ec6f-1fb7-41ba-8561-83bd4b958e3f,ca3df109-0f94-4c65-bb50-5e247fa97614,mobile,1,353.88,3.83,2025-09-01T13:51:21.049346
7a6a8fa9-fa1f-4f91-a763-814c10d768b1,7a2b8734-d2fd-4488-8ef5-30d4b8a2d73e,7df8e284-e832-44a7-94ef-f17a4e5da9d6,web,5,448.45,18.62,2025-07-08T13:51:21.049362
f1180268-c8bf-4b74-83c9-fc5076555960,255cee46-53c9-4156-a455-fc71aaeb939f,321b80eb-c6e9-42e0-a6f5-86598247acd3,mobile,1,292.89,15.02,2025-12-18T13:51:21.049376
f3122ea1-06cd-432d-8521-2bd5ec58b42c,ade7f931-425a-4ac1-9ba5-fb56ea154a33,69b6bb4a-cfaa-4878-91ae-e146f31c1955,store,1,341.57,19.15,2025-09-26T13:51:21.049390
c5c42675-bb01-4ede-a918-3c8586040a04,8369c1b7-e066-4496-95c8-c4798a0240e4,56ad6e1f-0691-4acd-a3de-c8da072e3963,web,3,438.45,13.8,2026-04-09T13:51:21.049404
7403c13b-a416-488e-ab17-0bc6804f91ac,0020e35e-aa5d-4890-a121-d2a1de6df4ca,28de6b67-c5da-4fd9-9ae6-64f199eb885d,store,1,304.98,2.52,2025-11-24T13:51:21.049417
e96da669-5222-4da3-8458-5efbcbb34f2d,53e0275c-fc42-4900-a0ea-d5048e14d832,56ad6e1f-0691-4acd-a3de-c8da072e3963,mobile,4,584.6,12.23,2026-03-23T13:51:21.049429
3923dd0d-adef-4818-9498-b30fb9e708b6,370f0855-85f1-477f-8f8e-0f1980e8cfc6,a0de6626-305c-473f-946f-bec5e72fa2b2,mobile,1,367.56,6.0,2026-03-10T13:51:21.049443
c97ab583-363f-4186-ae6f-b641350c28fd,5616721d-0a88-4f6c-b9ec-f604a0e9cde9,08cb9e44-2170-4369-9ab2-a47e52847e6c,store,2,234.24,17.61,2025-05-16T13:51:21.049456
adbb0ba7-d571-42d3-8efd-ba0332b5af52,ba0f0624-b1c9-4f49-9041-fd7c7b1028a5,24665074-3a11-4fcf-82f7-1d50a0b2580f,store,5,1909.05,15.2,2025-10-14T13:51:21.049475
6541e15b-69d2-416d-9337-9f4112291efc,0662b6ce-20a3-4d11-92e7-9ebde7122461,321b80eb-c6e9-42e0-a6f5-86598247acd3,web,5,1464.45,0.91,2025-10-23T13:51:21.049505
23372b52-5eea-4c7d-b692-a8cfe0618a35,d6ffbccc-f1ed-4c8d-bc34-01a57153c74b,d5ee97fe-7203-4277-a432-29e8207ec8be,store,1,52.59,19.28,2026-03-16T13:51:21.049552
e867f07a-2441-446c-9581-29aee9b7b5ee,89052c15-2c75-45bd-b849-25d7912e366c,2341a1b6-ca76-4973-ad2e-4a906f9fd51d,web,1,117.6,7.96,2025-05-21T13:51:21.049576
ea99d937-9ed0-41b3-a007-64a83810b402,967a969f-428a-4ffe-ad7a-fb432d7496a2,17c1c99f-c424-420e-8868-5ab21bafe8e5,mobile,1,142.26,7.74,2026-03-09T13:51:21.049590
cd112d12-76d0-47ef-a0a2-541e1f36c52a,71dd2652-ac88-488d-9869-d71b4a955866,0e9c5cdb-187a-4121-93cd-cd24adc53bc4,mobile,3,337.95,17.91,2026-03-24T13:51:21.049604
a9fc7481-030f-4e21-9f24-6b7384a7d2c5,da991ae8-4eeb-4b2d-821b-05b27c818222,bdea1b76-1208-4a2f-b2e1-1aa8a5626500,mobile,3,925.38,2.51,2025-04-25T13:51:21.049617
989acbe5-0ab2-41aa-a123-ecb90a8726f1,4ed250ce-f2f6-4095-b960-f4cc057f1d8f,56ad6e1f-0691-4acd-a3de-c8da072e3963,store,2,292.3,6.14,2025-06-28T13:51:21.049631
9364b1d3-a508-4f18-b5e4-b31e6dce50a7,80bb3786-c8a8-42d8-9893-287ac213c975,321b80eb-c6e9-42e0-a6f5-86598247acd3,web,2,585.78,7.85,2026-04-05T13:51:21.049644
f230d091-8474-4e9e-866a-1afe38d2e041,f034c227-4c36-4efd-aaf6-21c60e1aa1f6,1308f602-c166-4cdc-868a-0b4938053d4d,store,2,64.88,0.16,2025-10-26T13:51:21.049657
2e97451a-a670-4f32-8972-39622685aa0b,7ccb849f-e106-4134-8160-f987f717c7de,6c37ac7c-22fb-489b-9e12-ba964446997b,store,1,443.86,4.25,2026-03-09T13:51:21.049671
646eb007-e9dd-478e-8769-aa148846a6d8,eb136255-db39-4861-8dc4-15cb1a767613,905f2110-caca-46ad-b1fc-61c3fda110f1,store,3,145.8,3.67,2026-02-08T13:51:21.049686
91241425-f3a6-4fc9-8cae-64c9efed3fcb,706a122a-0673-42d0-ab4d-15b133b4527f,7df8e284-e832-44a7-94ef-f17a4e5da9d6,web,5,448.45,11.64,2025-12-06T13:51:21.049708
aa903e56-ffac-44c0-8aa2-c863a889a1d9,f6449f19-458b-444b-b1c6-fdab5901ee7d,24665074-3a11-4fcf-82f7-1d50a0b2580f,web,5,1909.05,4.38,2025-04-21T13:51:21.049741
d9829ec9-2159-47dd-a19d-ef15e2cd0c60,255c4ea4-afab-4c32-a4e0-91d634e91b6a,053f89ae-21b6-4267-baf4-f4be573d366f,web,3,213.45,0.3,2026-02-26T13:51:21.049766
da08ce9e-9e3d-4dfd-a036-3e93ae8ab280,706c92b2-4312-41a5-af08-065360ef288d,944989d7-0474-4130-959f-c793bf62259e,mobile,5,596.8,17.9,2026-03-26T13:51:21.049784
4d415c68-912d-48f9-9c28-66334db5601a,5346484c-2d6c-4d8b-abc1-1949a60165bb,944989d7-0474-4130-959f-c793bf62259e,web,3,358.08,12.74,2025-12-11T13:51:21.049812
d8a6b253-ac2e-4617-a8ab-5dc7ebfdfb5f,6d40d013-a9c6-497a-a9a8-a3c69db7cdf1,168e2ef5-ab86-444e-ad38-6cbe82465e6a,mobile,5,450.3,5.07,2025-09-16T13:51:21.049842
d0df78cd-2b60-4374-82f5-07505c31d365,b9accf07-4584-4144-9b58-f58271dc0b61,08f682e0-0949-4d7f-9c1a-36bb48342221,store,1,215.55,7.85,2026-03-01T13:51:21.049868
4d453ab9-a769-446b-b309-e7dc3636b99d,0728b6c8-7eab-48c3-a4e0-0f8f8dbf95f8,542e404c-f975-45bf-b793-249b8d15665d,store,5,537.1,17.93,2026-04-12T13:51:21.049881
0b561f75-48cc-4f56-adbf-5ecb81ffea7c,414fe86c-ccc0-4e02-8482-569b40e59aaa,7df8e284-e832-44a7-94ef-f17a4e5da9d6,mobile,3,269.07,15.8,2025-07-01T13:51:21.049894
afbde895-92f0-4a88-a119-5916c9cbd1a2,853320e2-2a2e-4c3f-adc1-dda36244a5bf,f1f6542b-4b3f-4e65-8d9a-766c8d57ad72,web,3,964.44,1.75,2025-06-30T13:51:21.049910
9e61e8fd-ca3f-4c35-99c6-962f03cbade3,8c0ec5af-151e-4280-ab18-606cae2ad64a,e19c753d-318c-4edb-b565-fc406c99c72c,store,3,588.75,0.93,2026-01-20T13:51:21.049924
9b65bf05-bfbf-4a3a-bc16-be88fede481e,f65d479b-25d8-4802-84c9-42567ffe5a6e,bff07f43-24a8-4d20-b9e9-6cac1ecce307,web,4,240.28,15.95,2025-05-07T13:51:21.049937
f24dab97-b54d-43b7-98e1-6f2b2f1c4cfe,81444fcd-e4cb-4181-9eb5-0f0c87ce0dd7,08f682e0-0949-4d7f-9c1a-36bb48342221,store,4,862.2,10.41,2025-10-08T13:51:21.049950
9dd0497a-7598-4500-a1c9-75c85e0a5ee8,ccc80586-f348-4f03-85eb-7da4adedccb4,11d7b21d-825c-442e-8c20-a64d4de4dd3c,web,4,229.52,13.9,2025-08-21T13:51:21.049963
eca66156-2a62-4dbb-8cf5-b698e5f05327,4fea6d9e-f8ff-4426-9531-797cc03943e1,79634690-8c5c-4240-8205-82b10c85c886,web,4,1293.24,16.02,2026-02-16T13:51:21.049976
5f7c34d8-1805-46ef-83e8-1cbce2b6e4ee,ac61d53d-7c25-4ce7-b518-85ee58c7b2b6,9c0e36b8-29dc-48d8-9869-8d952c29dbdb,mobile,2,597.46,0.12,2025-04-15T13:51:21.049989
18e36dd2-62e8-4a3a-8808-2a4f6e27ff77,486e7590-a65d-4b51-90c2-c0656ce8f42e,e19c753d-318c-4edb-b565-fc406c99c72c,mobile,2,392.5,15.91,2026-02-24T13:51:21.050004
082c77c1-53d7-4ec8-9122-b75de6baae4a,9c8a22ec-7e5f-474b-8e85-d6b34aea9e24,9c0e36b8-29dc-48d8-9869-8d952c29dbdb,mobile,1,298.73,15.71,2025-10-17T13:51:21.050017
e27006f3-6ad9-4421-b19d-ac97d5f35e7e,be029ce5-cd24-42ad-8779-03ff5f9f714b,2341a1b6-ca76-4973-ad2e-4a906f9fd51d,mobile,4,470.4,7.32,2026-04-13T13:51:21.050031
928c48cf-dde4-4b7b-8f72-638c00868c11,f4a16aad-10c8-456d-a7e3-f8f2fd704455,e19c753d-318c-4edb-b565-fc406c99c72c,mobile,1,196.25,8.73,2026-02-17T13:51:21.050044
a06fb6ef-1dfd-4acd-a377-5e03cabaaa1f,2bf20add-b53d-4ece-be51-331ebb53ad0c,321b80eb-c6e9-42e0-a6f5-86598247acd3,mobile,3,878.67,1.63,2025-07-08T13:51:21.050058
9884cd2b-7a7f-4a02-a4e9-adeb194b71cf,ac9d43e7-e4a4-4d8f-b14c-e805d4976edf,905f2110-caca-46ad-b1fc-61c3fda110f1,mobile,5,243.0,19.46,2025-08-21T13:51:21.050073
22dc162b-0613-4183-ae18-4275b6483560,79fc4812-26d3-4ade-93fb-8c817b2fb15b,08cb9e44-2170-4369-9ab2-a47e52847e6c,mobile,4,468.48,0.89,2025-07-05T13:51:21.050086
5dcee613-97a6-4f47-8908-2753a086ee07,03e7d570-d942-42d5-972f-7ff8aca4fe7e,457d9d38-588b-41ff-8c67-d7258b51a8e6,mobile,2,832.8,15.31,2025-08-13T13:51:21.050100
0e51e17d-3700-4286-9400-e9e15e61b96e,e08005e5-7c2d-4d4a-b8b0-0dfdef1cc73d,56ad6e1f-0691-4acd-a3de-c8da072e3963,store,1,146.15,12.17,2025-07-09T13:51:21.050113
65c3fb56-eb03-4bd3-81d0-86b268153067,04ecb97a-42da-4546-96ee-d1ae2e3400b2,bdea1b76-1208-4a2f-b2e1-1aa8a5626500,web,5,1542.3,16.07,2025-08-13T13:51:21.050126
fffe01bf-a63a-456b-92bf-7800e776b9f6,70928f45-8f59-44f3-973d-95a5d8e1a0c7,457d9d38-588b-41ff-8c67-d7258b51a8e6,mobile,3,1249.2,1.92,2026-03-19T13:51:21.050139
3e8d27b2-ec89-42d0-b266-5395cf5deb67,69eef18a-207f-452e-a30d-7136e30bde79,542e404c-f975-45bf-b793-249b8d15665d,web,2,214.84,0.02,2025-08-14T13:51:21.050152
6a4df6f7-60c8-46f7-83bb-264680a9aecc,fe8004db-ae57-4bee-a0a8-df5308934a24,17c1c99f-c424-420e-8868-5ab21bafe8e5,store,2,284.52,10.73,2025-06-05T13:51:21.050166
be7c2942-ac05-4d05-9202-65a27554cb24,e126d0cb-6e82-4a85-b85f-f2678181bce6,6eae25b5-bfd1-445a-b0d8-86e5ef9604a3,web,2,958.04,1.18,2025-05-11T13:51:21.050181
712cd7d0-b55d-4619-b017-9d6bd9243049,c2dc8b95-1cde-4bed-a268-3df956803335,a47d64f7-a098-44b9-8c64-05a8c978779f,store,3,917.46,13.1,2025-08-09T13:51:21.050195
7e3b189a-6bd4-4b83-afeb-0f79ebd5f4b0,6a7d4a2f-a923-4761-be81-fe7f573a5848,542e404c-f975-45bf-b793-249b8d15665d,web,5,537.1,8.43,2026-02-18T13:51:21.050208
bee11c4f-1f14-4240-b80d-ab9cc191b727,f65d479b-25d8-4802-84c9-42567ffe5a6e,321b80eb-c6e9-42e0-a6f5-86598247acd3,mobile,5,1464.45,3.93,2025-06-11T13:51:21.050225
6ef21d35-2a97-4a10-aeb1-05e6058bba4b,540330b2-5f16-49dc-872a-7e8b69278d22,542e404c-f975-45bf-b793-249b8d15665d,web,1,107.42,12.68,2026-02-09T13:51:21.050255
6388410e-71b0-464b-bafa-62d0ebb05fc7,03e7d570-d942-42d5-972f-7ff8aca4fe7e,a47d64f7-a098-44b9-8c64-05a8c978779f,web,2,611.64,2.61,2025-12-24T13:51:21.050279
3514bee5-6b44-4635-9f29-94ee85f814a8,71dd2652-ac88-488d-9869-d71b4a955866,ca3df109-0f94-4c65-bb50-5e247fa97614,mobile,3,1061.64,17.52,2026-02-09T13:51:21.050296
3bd86b34-9db8-4fe1-9db4-747acd4a493a,0662b6ce-20a3-4d11-92e7-9ebde7122461,321b80eb-c6e9-42e0-a6f5-86598247acd3,web,2,585.78,10.07,2026-03-25T13:51:21.050310
a92b4540-ebb7-4ebd-8cfd-f97bb3708b70,38881b64-3e38-4b34-bf33-d8f08e89bdb5,457d9d38-588b-41ff-8c67-d7258b51a8e6,store,1,416.4,7.92,2025-09-19T13:51:21.050324
e6f6dc76-8aef-4632-9944-01ee47908043,5e7d9c86-0812-4f35-9b4d-2df0f399a1dd,69b6bb4a-cfaa-4878-91ae-e146f31c1955,web,3,1024.71,18.7,2025-06-15T13:51:21.050337
dd87b506-0550-441d-91fc-d7d3b00d7c07,81c9fc48-3729-4936-b13b-53365da461ff,7df8e284-e832-44a7-94ef-f17a4e5da9d6,store,4,358.76,18.06,2025-10-15T13:51:21.050350
75beaf9e-f193-468e-8334-d265cf157bad,acd34a34-250e-4096-9b7d-6f794c95fa49,168e2ef5-ab86-444e-ad38-6cbe82465e6a,web,2,180.12,13.68,2026-02-07T13:51:21.050366
3555c155-5d44-4854-bf5c-ceb52eefadd9,53ca8461-e12a-4781-a412-c2791b9dff98,9c0e36b8-29dc-48d8-9869-8d952c29dbdb,store,5,1493.65,13.65,2026-03-01T13:51:21.050379
44d2fc3e-e638-4f86-9a3c-0716602bb927,1b83c826-b10a-4344-9e73-15b5b96a5b58,d5ee97fe-7203-4277-a432-29e8207ec8be,store,4,210.36,17.3,2025-11-14T13:51:21.050393
7dba71bf-cba5-4d29-b578-e7c38a2b4bed,b0a631a6-9bfd-4a8c-8c49-40dba41cc45c,9c0e36b8-29dc-48d8-9869-8d952c29dbdb,web,5,1493.65,2.39,2025-07-18T13:51:21.050407
7e7d458e-8a61-4bfa-936d-dd1d040c03f5,a7a9f9a9-f115-48e8-b2ee-1d075fc3402c,cbf743b9-e903-4a26-825c-7bde33e1d82c,mobile,3,1120.05,10.82,2025-12-10T13:51:21.050419
97afec4a-2192-452a-9e1c-57e61c059e36,70928f45-8f59-44f3-973d-95a5d8e1a0c7,d5ee97fe-7203-4277-a432-29e8207ec8be,store,5,262.95,3.24,2025-09-29T13:51:21.050432
5accdb62-2388-4b35-90c9-156146285e2a,4d5be6ed-605b-4d3a-83b2-7f62be7a5259,1890b36f-a137-41e5-b5ed-1d9d565c4bd0,store,2,51.12,9.74,2026-02-14T13:51:21.050444
dc52b1e7-aed9-42c7-be66-2eea88ced0eb,94b600f4-25f6-4f09-953a-1f6a8db7a88f,69b6bb4a-cfaa-4878-91ae-e146f31c1955,mobile,3,1024.71,17.7,2025-09-20T13:51:21.050456
0a6c42e6-49c1-4f5e-b73f-588983fa0c17,bc2a15b3-8cd0-4701-8a84-5408610596e6,e68cd9b3-0f66-4719-b9c8-10a5e0acfc32,web,4,1716.4,7.66,2025-08-23T13:51:21.050470
62d6af92-b2c7-47dd-aff2-a29de740dde8,e08005e5-7c2d-4d4a-b8b0-0dfdef1cc73d,f6df0b45-6106-42d3-8c75-195d0ad4baee,mobile,2,777.58,10.24,2026-03-03T13:51:21.050483
cc763016-4525-4265-8242-913cf301c8b7,4bc84d88-5090-4d9a-b9f2-9f3db59d8a27,321b80eb-c6e9-42e0-a6f5-86598247acd3,store,3,878.67,11.62,2026-03-16T13:51:21.050496
d60ea0d8-a68d-4610-b98c-2ac7cfd7cd4f,fc1c2ec0-aa0e-4069-8b6b-9fa8c982a54c,11d7b21d-825c-442e-8c20-a64d4de4dd3c,web,3,172.14,8.82,2025-05-15T13:51:21.050509
50818520-f86f-4ec2-a89b-c9dd267a399c,87554c20-10a5-4d5b-a814-26d32d96bfcc,f6df0b45-6106-42d3-8c75-195d0ad4baee,store,2,777.58,12.09,2025-04-30T13:51:21.050554
a1dbbcb3-2300-4d28-a779-81a644618c5a,486e7590-a65d-4b51-90c2-c0656ce8f42e,6eae25b5-bfd1-445a-b0d8-86e5ef9604a3,store,5,2395.1,0.17,2025-09-14T13:51:21.050577
ad510e3f-75d2-4cad-b05d-3f009bf432e0,8d828bfe-e76a-4489-8c2c-8660db2e545a,1308f602-c166-4cdc-868a-0b4938053d4d,web,2,64.88,2.59,2025-08-26T13:51:21.050591
71cfedb9-ef8e-47d5-9533-f64566cfe8dc,b3f884c2-631e-4f50-8ebb-a704e4cd049d,1308f602-c166-4cdc-868a-0b4938053d4d,web,2,64.88,1.77,2025-09-05T13:51:21.050604
bb679ac0-5d1c-4a8f-b356-edd3a4f597ef,5f9a2f01-073f-4576-a173-61c06b068554,08f682e0-0949-4d7f-9c1a-36bb48342221,store,3,646.65,13.31,2025-12-26T13:51:21.050617
248b92a4-901c-46e9-b9a6-0f249c45b919,d44fe8d0-8697-478a-b561-5412b92c3cdd,457d9d38-588b-41ff-8c67-d7258b51a8e6,store,5,2082.0,5.33,2025-04-24T13:51:21.050636
07649f7f-50be-4be4-b4cf-46444d1a21df,85614ccc-0949-4a03-a33a-38b2340aaca1,08cb9e44-2170-4369-9ab2-a47e52847e6c,mobile,5,585.6,17.73,2025-07-27T13:51:21.050657
db7df894-b789-470f-aac2-c981b7ab6c83,b0a631a6-9bfd-4a8c-8c49-40dba41cc45c,168e2ef5-ab86-444e-ad38-6cbe82465e6a,mobile,4,360.24,12.35,2025-06-15T13:51:21.050670
680b6377-2513-477e-af4a-dfd3c7dd7bf1,2433a03f-64b2-4957-94be-f7b57ce9effc,e68cd9b3-0f66-4719-b9c8-10a5e0acfc32,web,2,858.2,14.49,2025-05-23T13:51:21.050686
f68722a2-d8e0-4a70-b57f-84ffc938b2b7,57e6db98-be89-47c5-87f3-a3ff20643236,1890b36f-a137-41e5-b5ed-1d9d565c4bd0,mobile,5,127.8,7.61,2025-06-27T13:51:21.050700
585b780f-08b0-4186-9bc0-b3a4610c91f9,0728b6c8-7eab-48c3-a4e0-0f8f8dbf95f8,ad1fb5ee-a91c-4991-9341-e395d2beecef,web,5,1760.4,17.75,2025-10-24T13:51:21.050714
0f4e91fc-2398-400e-9274-0f0abcbee184,de09c21b-2790-4f59-98f6-c678497d35f8,a0de6626-305c-473f-946f-bec5e72fa2b2,store,4,1470.24,13.33,2026-01-10T13:51:21.050727
07204a23-8d8a-4542-9b25-53bf3d15c76a,8de4ba42-f9cc-4561-9d63-a626e4997a50,168e2ef5-ab86-444e-ad38-6cbe82465e6a,web,2,180.12,5.21,2025-12-21T13:51:21.050741
46b9bc2e-c67e-45d7-84ac-68dd78d79dbf,c59d268a-6f92-4a9c-9055-5dc476e1c531,944989d7-0474-4130-959f-c793bf62259e,web,2,238.72,14.13,2026-03-07T13:51:21.050756
d69e1f38-ded6-46e5-a448-d4a0e0805f81,52b779bf-b219-4f6a-bf6d-facce6fa6900,1791a541-fe39-430b-9626-a24acd85e08e,web,4,1086.88,7.48,2025-09-20T13:51:21.050797
db32e440-3851-441c-957a-bc1dcf63786d,de09c21b-2790-4f59-98f6-c678497d35f8,a47d64f7-a098-44b9-8c64-05a8c978779f,mobile,3,917.46,7.81,2025-08-19T13:51:21.050814
e3ed8667-3589-4694-8cca-dd712a476ba8,c70ee112-9a4d-4c51-ada6-a3963b225e9c,2341a1b6-ca76-4973-ad2e-4a906f9fd51d,store,3,352.8,15.92,2025-08-03T13:51:21.050829
8eb8371b-10ff-473c-be7c-28218ce902a4,03cd349e-dd04-4d46-a08f-6b40026ac251,a47d64f7-a098-44b9-8c64-05a8c978779f,store,3,917.46,19.34,2026-01-03T13:51:21.050851
9693bc74-25e0-4272-8d6c-4b2b5b2d1549,6301e89f-3cc4-42a0-8a28-abe0a1c9dfcf,321b80eb-c6e9-42e0-a6f5-86598247acd3,store,5,1464.45,7.86,2025-08-17T13:51:21.050890
bdf66a18-623e-4fa0-a17c-95ca6402d60a,a92984c0-2022-4ff4-9915-d94264c7fd2a,bdea1b76-1208-4a2f-b2e1-1aa8a5626500,store,4,1233.84,4.17,2026-03-14T13:51:21.050904
1d561c8a-d04a-437a-9222-c8ceb0540c21,e28f4770-6966-405d-a263-775367525a66,542e404c-f975-45bf-b793-249b8d15665d,store,1,107.42,5.71,2026-01-15T13:51:21.050917
86f17d91-879a-4d49-b792-5f8653f2e0ad,3a04faf9-10f8-4f16-b97b-8dccde77a777,168e2ef5-ab86-444e-ad38-6cbe82465e6a,store,1,90.06,18.51,2025-06-26T13:51:21.050930
89e19260-0322-4936-afc9-c57e97a8f169,4169a5b1-d3ce-4a9a-9d4e-f35c958725e4,053f89ae-21b6-4267-baf4-f4be573d366f,store,5,355.75,3.71,2026-03-02T13:51:21.050944
04f00b84-4966-498e-a1d4-39d5a952c3d4,bd37825a-25ad-4b2f-969e-c624e095feb8,08f682e0-0949-4d7f-9c1a-36bb48342221,mobile,3,646.65,7.63,2025-10-07T13:51:21.050957
02630b9e-d431-409e-bf07-77ad03937f98,26c7cb26-7ff0-42e0-be22-ca8bac43dfda,f1f6542b-4b3f-4e65-8d9a-766c8d57ad72,web,2,642.96,0.27,2026-02-17T13:51:21.050971
5e02c33d-0657-4186-a997-783b6a7475df,151c76f0-b52b-44c4-88d8-60c260d72682,a47d64f7-a098-44b9-8c64-05a8c978779f,store,2,611.64,15.54,2025-12-14T13:51:21.050984
de01fd54-4517-4874-8810-4947f7a88d85,ac9d43e7-e4a4-4d8f-b14c-e805d4976edf,28de6b67-c5da-4fd9-9ae6-64f199eb885d,store,3,914.94,2.45,2026-01-13T13:51:21.050999
e747f1ae-eb92-4b43-97ac-afb0a658f1cb,1b83c826-b10a-4344-9e73-15b5b96a5b58,a0de6626-305c-473f-946f-bec5e72fa2b2,store,1,367.56,13.01,2025-05-09T13:51:21.051015
519fdcf0-32f3-40aa-8ce6-cd0f9f41c35e,ecf80b21-a29e-48cc-aeed-993c3d386c46,ad1fb5ee-a91c-4991-9341-e395d2beecef,store,2,704.16,16.33,2026-01-25T13:51:21.051030
bf42a3ef-38c7-4bbb-879c-332debb6b4ee,26c7cb26-7ff0-42e0-be22-ca8bac43dfda,905f2110-caca-46ad-b1fc-61c3fda110f1,mobile,3,145.8,16.19,2025-12-27T13:51:21.051043
1742b1dd-21a0-4c99-b0f1-ecef8983e056,d27db049-06bb-49d0-9384-1d005fc4197d,2341a1b6-ca76-4973-ad2e-4a906f9fd51d,mobile,4,470.4,15.41,2025-12-24T13:51:21.051060
20f1f59e-44cb-4940-b945-420d444d8810,0ebad927-eae2-4b88-a206-9da927294c87,08cb9e44-2170-4369-9ab2-a47e52847e6c,mobile,1,117.12,12.91,2026-03-31T13:51:21.051073
095b0016-29a2-484c-b152-135fa896613b,6a7d4a2f-a923-4761-be81-fe7f573a5848,28de6b67-c5da-4fd9-9ae6-64f199eb885d,store,4,1219.92,18.4,2025-07-18T13:51:21.051086
b243617c-14b0-423d-ba3e-1bac039db0b4,4f8976eb-b7a7-407e-a978-81c6b0ca8ebc,28de6b67-c5da-4fd9-9ae6-64f199eb885d,mobile,1,304.98,10.98,2025-10-09T13:51:21.051099
4b24a02a-c88c-4295-b067-a526c0cf59d5,d211948e-8e58-4cae-862a-3e11e5fe3f2d,17c1c99f-c424-420e-8868-5ab21bafe8e5,web,3,426.78,4.18,2025-11-04T13:51:21.051113
4cb4602b-efe8-42d8-b0bd-26c7c6c9b44e,05936011-9e61-41c0-bc67-638eee4f08eb,a47d64f7-a098-44b9-8c64-05a8c978779f,mobile,2,611.64,15.95,2025-09-06T13:51:21.051126
46afeddc-7365-4498-b30e-162f02265d7d,400b741d-0ca0-45d6-8523-573617fee653,a47d64f7-a098-44b9-8c64-05a8c978779f,web,4,1223.28,9.94,2026-03-22T13:51:21.051139
37f55bc6-60b6-453c-aa22-ccdeaeacc781,def31f26-998a-4ab5-805e-1a02aac4ed26,9c0e36b8-29dc-48d8-9869-8d952c29dbdb,mobile,1,298.73,8.22,2025-04-26T13:51:21.051152
748b418e-ae15-4fe3-98ed-5819e18abee2,6fe8c4f8-6f02-4706-b398-6c3d0653b820,08f682e0-0949-4d7f-9c1a-36bb48342221,store,2,431.1,9.06,2025-08-31T13:51:21.051165
60728e86-3237-40cb-bac3-98a72ed0c36e,e80f3f91-63af-4ba4-8042-16c99c87b341,e19c753d-318c-4edb-b565-fc406c99c72c,store,4,785.0,8.13,2025-05-01T13:51:21.051178
1bc7d82a-44dc-44b8-9dc0-605cc3dfa1ed,7093f3f7-0a13-433d-ac30-374888d8fff3,7df8e284-e832-44a7-94ef-f17a4e5da9d6,store,1,89.69,18.22,2026-02-17T13:51:21.051191
a639e412-9110-4547-9b7f-9eb9f50c7668,325a16f2-810b-43e0-b3fa-e2d5e3c13093,944989d7-0474-4130-959f-c793bf62259e,store,3,358.08,18.65,2026-01-27T13:51:21.051206
07152a9c-9475-4f91-bd58-2b36cc958c6c,ed6a095f-27ce-4cef-91ef-c21286d7ce21,cbf743b9-e903-4a26-825c-7bde33e1d82c,mobile,3,1120.05,10.38,2025-10-31T13:51:21.051219
b7f9888d-c3e0-40e9-980e-df774f410114,eeece404-f5ee-44d3-8c8e-509650cb644a,944989d7-0474-4130-959f-c793bf62259e,store,1,119.36,17.13,2026-01-28T13:51:21.051232
620f34bb-778c-4f23-baab-34bc323f08eb,327977bd-0cc0-4e37-a898-be7b1668b132,542e404c-f975-45bf-b793-249b8d15665d,web,1,107.42,6.4,2025-11-08T13:51:21.051249
f35bc67e-8030-4cd2-a945-fe9f2852e218,66008cc3-2699-4807-9a2a-082a6a036e54,ad1fb5ee-a91c-4991-9341-e395d2beecef,web,1,352.08,12.08,2025-09-10T13:51:21.051263
ad91cb7d-ed2e-419c-a854-7f4bf16f5ab5,ff3bc83f-7267-4530-ae44-86792304c864,2341a1b6-ca76-4973-ad2e-4a906f9fd51d,store,1,117.6,10.58,2025-12-25T13:51:21.051276
7f431e51-a87b-435a-a678-dccc49a50b1e,f6449f19-458b-444b-b1c6-fdab5901ee7d,1890b36f-a137-41e5-b5ed-1d9d565c4bd0,web,4,102.24,3.97,2026-01-21T13:51:21.051292
e0a344db-0c85-4f22-80ce-cab1260c81d2,d7eaed06-94e3-43b5-9ea6-a33d8c0b3122,1308f602-c166-4cdc-868a-0b4938053d4d,store,5,162.2,14.18,2025-10-20T13:51:21.051305
1435144a-707b-4af5-ad87-ae95993017ce,de68fb7c-314a-441e-8f92-23d7f49a490a,f6df0b45-6106-42d3-8c75-195d0ad4baee,mobile,2,777.58,12.9,2026-04-02T13:51:21.051318
40eff5c8-08c2-4398-b11d-01048b236a6c,045d4675-4ee0-49ec-a9b1-1d1db855e831,ca3df109-0f94-4c65-bb50-5e247fa97614,web,2,707.76,14.38,2025-10-21T13:51:21.051331
43d78b3c-3ae3-4033-96a3-ed9e2cab13b7,b664366b-7c09-4ec4-aa85-c5b623eb61f3,6c37ac7c-22fb-489b-9e12-ba964446997b,web,2,887.72,3.38,2025-12-16T13:51:21.051345
07d85e1d-7455-44b2-9d64-1c7a5141968b,a8448f61-5b18-4c98-82b9-083ed705ce61,f1f6542b-4b3f-4e65-8d9a-766c8d57ad72,mobile,2,642.96,3.8,2025-04-22T13:51:21.051358
0a6b82eb-1454-4f3c-9b0d-403520544e3c,be029ce5-cd24-42ad-8779-03ff5f9f714b,24665074-3a11-4fcf-82f7-1d50a0b2580f,store,1,381.81,17.06,2025-11-19T13:51:21.051371
14e151f0-0be8-4456-95dd-676823655567,c70ee112-9a4d-4c51-ada6-a3963b225e9c,6eae25b5-bfd1-445a-b0d8-86e5ef9604a3,web,3,1437.06,4.53,2025-12-21T13:51:21.051387
d55dc060-4efe-49b8-af9d-c887268f52c0,5a07bc88-ff0b-4476-965f-f4c8d2922d97,1890b36f-a137-41e5-b5ed-1d9d565c4bd0,web,5,127.8,9.39,2025-10-18T13:51:21.051401
4b684d48-9bca-4d25-8923-e6683644c815,8ccd0f15-fc71-4c67-ad0e-2f8a0beac395,69b6bb4a-cfaa-4878-91ae-e146f31c1955,web,5,1707.85,10.23,2025-08-23T13:51:21.051415
2a492d10-af65-4a4a-a7be-4ba6c41b92e7,29a057d1-7c37-45a4-8af5-5c3dcb4ad8a3,ca3df109-0f94-4c65-bb50-5e247fa97614,web,1,353.88,16.6,2025-07-31T13:51:21.051430
52204609-dc46-46d3-8eb5-23d105969a8a,039c9b20-dd1e-4d98-ac25-be384c76f160,1308f602-c166-4cdc-868a-0b4938053d4d,web,1,32.44,9.83,2026-02-24T13:51:21.051444
13f9177a-9532-46a1-a185-496a40cc1668,04ecb97a-42da-4546-96ee-d1ae2e3400b2,f6df0b45-6106-42d3-8c75-195d0ad4baee,mobile,1,388.79,16.91,2025-10-16T13:51:21.051457
b1b465af-6cd9-4613-89dd-20c74540bd68,f5f484ec-b164-4ceb-bb25-b1a7bd322661,17c1c99f-c424-420e-8868-5ab21bafe8e5,mobile,2,284.52,11.2,2025-07-04T13:51:21.051470
0b640b5e-61e1-4611-9fe1-62bcbcd3eadd,72595032-530c-40ee-b0f0-4ba91d52b77a,24665074-3a11-4fcf-82f7-1d50a0b2580f,mobile,1,381.81,15.88,2025-08-06T13:51:21.051484
9bf5dd51-13bb-4aa4-8493-25cdd3838a07,71dd238d-4040-4247-9b73-eff211153a97,e19c753d-318c-4edb-b565-fc406c99c72c,store,3,588.75,15.59,2025-07-16T13:51:21.051497
71a40e85-40f8-43a5-ace8-23b52e4e3428,46a28351-96db-49e2-8f94-2a1ff20a0c8d,ad1fb5ee-a91c-4991-9341-e395d2beecef,store,3,1056.24,2.62,2025-09-01T13:51:21.051510
0bfefeff-855d-4184-b032-d74624c4b053,94d0b5a3-a86a-4abe-816b-c62b05ebe72f,56ad6e1f-0691-4acd-a3de-c8da072e3963,web,2,292.3,18.39,2026-02-02T13:51:21.051553
404b38a2-d899-444b-aaea-6db673882750,4b8e09cb-caba-44f2-a067-285da4e537ef,cbf743b9-e903-4a26-825c-7bde33e1d82c,store,1,373.35,5.08,2025-06-08T13:51:21.051566
b09ce445-6529-4a35-8ddc-64f6c282183c,c852846f-39ad-4f90-a373-f27b686cbd6b,6c37ac7c-22fb-489b-9e12-ba964446997b,mobile,5,2219.3,11.32,2025-05-07T13:51:21.051583
afa3ee7c-ac7e-46b0-8fe7-9ff1eb4d966c,c0f89555-5fe2-4ced-8b60-e35e96e39987,24665074-3a11-4fcf-82f7-1d50a0b2580f,store,2,763.62,1.14,2025-10-16T13:51:21.051601
5f954394-fd7d-4f40-bcf7-722e3b30e3d4,ea4f8aeb-9ef4-46ca-953e-5e309b9171ca,457d9d38-588b-41ff-8c67-d7258b51a8e6,mobile,2,832.8,0.99,2025-10-07T13:51:21.051633
d7b278f2-6d85-40ac-890b-71586132b2a9,29a057d1-7c37-45a4-8af5-5c3dcb4ad8a3,bff07f43-24a8-4d20-b9e9-6cac1ecce307,web,4,240.28,17.1,2025-12-11T13:51:21.051657
7e657d99-bfa6-4b0b-8af3-59253d557bf0,0405e266-5a01-46aa-8949-ead219b74ace,168e2ef5-ab86-444e-ad38-6cbe82465e6a,store,1,90.06,13.67,2025-11-27T13:51:21.051670
130876ef-1bbe-4714-bd75-044d5a8e8bf9,78d4e439-fa45-4a8f-9594-3c1461777872,a47d64f7-a098-44b9-8c64-05a8c978779f,web,1,305.82,9.71,2025-12-16T13:51:21.051683
5fe5883f-af43-498e-8cec-53eddadb48e2,c7a05006-af72-4fe4-af69-4916237acd03,6eae25b5-bfd1-445a-b0d8-86e5ef9604a3,web,5,2395.1,13.06,2025-11-10T13:51:21.051697
a01aa208-10a1-4a02-afe3-2ed846267732,a25735b8-5c51-4599-aa6b-d519ac2f083a,08f682e0-0949-4d7f-9c1a-36bb48342221,web,1,215.55,4.4,2025-05-13T13:51:21.051710
50995094-79a6-4a74-98be-b0d7e0cb5c47,d5c0759f-5701-4654-842a-fc8eae714de1,24665074-3a11-4fcf-82f7-1d50a0b2580f,web,4,1527.24,10.17,2025-05-12T13:51:21.051723
fd22d45a-093a-43d0-a1ad-7866a937603c,46ea7f90-58e8-4782-952d-04f6cbed438e,f6df0b45-6106-42d3-8c75-195d0ad4baee,mobile,2,777.58,9.47,2025-06-27T13:51:21.051736
1d688e32-6ec5-4108-aad4-97067bde537c,52b779bf-b219-4f6a-bf6d-facce6fa6900,1308f602-c166-4cdc-868a-0b4938053d4d,mobile,1,32.44,5.54,2025-11-06T13:51:21.051749
e63fcbd8-aa36-458f-a316-f3aeb7246eb1,59734e6c-879e-4a68-86e6-a30c9e01f2a6,944989d7-0474-4130-959f-c793bf62259e,store,3,358.08,11.37,2025-11-03T13:51:21.051761
ca89608e-c2f0-41e3-a367-91da522bb183,0d2f63ba-8ff2-4772-8251-bd07c040e63e,24665074-3a11-4fcf-82f7-1d50a0b2580f,web,1,381.81,8.56,2025-10-09T13:51:21.051774
f6e4cb0a-3bb0-4fd7-a4b7-95c0923723e7,de09c21b-2790-4f59-98f6-c678497d35f8,a47d64f7-a098-44b9-8c64-05a8c978779f,mobile,1,305.82,15.33,2026-03-07T13:51:21.051787
fe7f6647-1b50-4fb0-85e9-4ecfda249669,2c8ea884-611e-4c1c-8bfc-fb572f76ea57,457d9d38-588b-41ff-8c67-d7258b51a8e6,store,3,1249.2,0.34,2025-09-08T13:51:21.051799
91050e7d-aaa2-402b-a605-353004d31c85,6c3db998-9cb9-4c30-9190-235dca95b547,1890b36f-a137-41e5-b5ed-1d9d565c4bd0,mobile,5,127.8,19.7,2025-10-05T13:51:21.051812
7ada78e2-636d-47aa-a33d-5cb644b24a6e,4a9cb868-6695-4bf7-93f9-6f179ead9401,905f2110-caca-46ad-b1fc-61c3fda110f1,store,4,194.4,7.16,2025-07-09T13:51:21.051833
cddaf4e4-72b7-4e98-95bf-070e7e53b897,0a6dd152-f4e3-4ace-b8a8-88e743549233,69b6bb4a-cfaa-4878-91ae-e146f31c1955,web,4,1366.28,0.36,2026-04-15T13:51:21.051861
a7c78631-86b9-4733-8236-9f935894dae4,b3f884c2-631e-4f50-8ebb-a704e4cd049d,e19c753d-318c-4edb-b565-fc406c99c72c,web,2,392.5,1.42,2025-05-09T13:51:21.051877
78fd6cfd-bde2-473a-85ec-7e1e266cf8d7,0128dff7-59f2-4242-8cbc-aa2fd07f13b8,ca3df109-0f94-4c65-bb50-5e247fa97614,mobile,1,353.88,13.23,2026-02-05T13:51:21.051891
5ccdabfc-887b-478f-a03e-727dc6c32d0c,a217c9df-5a7e-43b6-a2e1-a6a71f171b05,053f89ae-21b6-4267-baf4-f4be573d366f,mobile,1,71.15,4.87,2026-01-02T13:51:21.051913
afeb2c74-f399-47cf-a923-2d65084d6ef2,0ecc2cc7-1475-4466-9e4c-529582c64e99,e19c753d-318c-4edb-b565-fc406c99c72c,store,5,981.25,10.64,2025-09-21T13:51:21.051947
0724e1ee-7cf6-4fea-8eda-201a7d6776ec,8d828bfe-e76a-4489-8c2c-8660db2e545a,7df8e284-e832-44a7-94ef-f17a4e5da9d6,mobile,4,358.76,19.1,2026-03-28T13:51:21.051975
7a923d65-83df-47d6-ad19-a8ed913201db,5ac0a3cf-2c26-41de-a57f-27a7ff60dd55,56ad6e1f-0691-4acd-a3de-c8da072e3963,store,1,146.15,9.81,2026-01-21T13:51:21.051989
71a51d3c-d768-4e04-85a8-dbf8e724750b,c7d6cbcc-8efc-429b-a460-4d3d2147967b,6eae25b5-bfd1-445a-b0d8-86e5ef9604a3,web,1,479.02,2.64,2025-06-11T13:51:21.052004
3752fe41-8d53-409a-a2b5-f54d472ea3d2,53ca8461-e12a-4781-a412-c2791b9dff98,1308f602-c166-4cdc-868a-0b4938053d4d,store,1,32.44,13.91,2025-08-23T13:51:21.052018
bb871ba1-1433-45cc-a5ed-1fb9cf201226,47305be8-cd55-4cfd-9661-fe36f5f81ce5,1791a541-fe39-430b-9626-a24acd85e08e,store,5,1358.6,12.97,2025-06-01T13:51:21.052031
8447a233-9efa-4de9-9c64-d03efc990568,5346484c-2d6c-4d8b-abc1-1949a60165bb,6c37ac7c-22fb-489b-9e12-ba964446997b,web,2,887.72,18.81,2025-05-24T13:51:21.052044
8d7ec480-140c-40eb-95a8-aa6edc865b0e,6b9384d5-4658-499e-aa0e-261e25506abf,2341a1b6-ca76-4973-ad2e-4a906f9fd51d,web,3,352.8,12.05,2026-01-02T13:51:21.052058
dcc8177f-251d-4c5e-a3b0-d1c030ae6d75,71dd238d-4040-4247-9b73-eff211153a97,1308f602-c166-4cdc-868a-0b4938053d4d,web,3,97.32,0.62,2025-11-08T13:51:21.052072
8fdaa74b-da24-4e2e-954c-36920b73193f,cc6dc755-3bcc-4846-adc8-a43fc84f193c,457d9d38-588b-41ff-8c67-d7258b51a8e6,web,2,832.8,2.89,2025-12-17T13:51:21.052085
0c8002de-6038-44cc-91c1-db93b726d1c9,d926ac6a-7059-48e3-9158-1d17c4eddd09,28de6b67-c5da-4fd9-9ae6-64f199eb885d,store,5,1524.9,16.84,2026-03-11T13:51:21.052097
3f498938-ea72-49fc-a294-53aee0fd9bf4,96478114-3e95-4c71-adc2-4d8618801e09,6c37ac7c-22fb-489b-9e12-ba964446997b,store,4,1775.44,19.86,2025-10-04T13:51:21.052111
b4d80759-72ab-4d60-b8ff-568620a9d658,439867bf-aa4f-4697-aaf1-3b9e12b22379,7df8e284-e832-44a7-94ef-f17a4e5da9d6,web,3,269.07,14.22,2025-08-13T13:51:21.052124
2d8d5252-441c-454b-9981-d65e6ceba2bb,448a6e6d-f8d5-4ebc-bf46-f25be1b499c3,542e404c-f975-45bf-b793-249b8d15665d,store,4,429.68,7.91,2025-07-02T13:51:21.052137
385234ca-2c15-4fa4-8204-da04b2177f0e,16e7deb1-5e07-4f9f-b198-5181d24733dd,168e2ef5-ab86-444e-ad38-6cbe82465e6a,store,4,360.24,5.95,2025-08-04T13:51:21.052150
6d299bf2-afbe-4ff7-9ea7-f70af83c4397,c8d10fb3-b0d6-4395-abbf-fd46d3f2dd82,f1f6542b-4b3f-4e65-8d9a-766c8d57ad72,store,3,964.44,16.32,2026-03-01T13:51:21.052163
b9f2f485-a5f8-4e94-9fb3-a32acffa1621,d5c0759f-5701-4654-842a-fc8eae714de1,6c37ac7c-22fb-489b-9e12-ba964446997b,web,4,1775.44,5.14,2025-04-27T13:51:21.052176
fb3acae6-ec11-4f79-add0-4821a0aafa08,02e42010-f231-4ab6-bf73-8efa9d7e8f75,944989d7-0474-4130-959f-c793bf62259e,web,1,119.36,7.06,2025-09-19T13:51:21.052189
e17f611e-1cba-414f-b4b1-4c77d5b7be96,80bb3786-c8a8-42d8-9893-287ac213c975,6eae25b5-bfd1-445a-b0d8-86e5ef9604a3,web,4,1916.08,11.78,2026-01-04T13:51:21.052207
49ed7329-d294-4bbd-aff0-0775923c45ca,d5c0759f-5701-4654-842a-fc8eae714de1,a47d64f7-a098-44b9-8c64-05a8c978779f,mobile,5,1529.1,3.73,2025-09-09T13:51:21.052220
88812670-8aca-4736-9a2c-cdbec5775bc8,9d57b2f2-8959-4ba6-a225-7aae14a7ca35,f1f6542b-4b3f-4e65-8d9a-766c8d57ad72,mobile,1,321.48,11.31,2026-02-18T13:51:21.052235
6d75f1b3-c08e-40b0-94c3-fc2f965b892f,181f6def-75b2-4650-8010-6b2d2c405278,542e404c-f975-45bf-b793-249b8d15665d,store,5,537.1,4.45,2025-04-24T13:51:21.052253
a92bab67-6652-460e-82d6-5fd15dd25fe8,bdb77e2b-5d39-41d7-8683-b92222eebcd7,69b6bb4a-cfaa-4878-91ae-e146f31c1955,store,3,1024.71,14.38,2025-06-16T13:51:21.052266
545ad716-c9b7-4536-acfe-44de53355d39,327977bd-0cc0-4e37-a898-be7b1668b132,321b80eb-c6e9-42e0-a6f5-86598247acd3,web,3,878.67,10.58,2026-02-18T13:51:21.052279
e8cb888a-bf70-42a9-8af0-b0aee1d6755b,e35fef50-cb52-412f-8c9d-fbe01e30d289,e68cd9b3-0f66-4719-b9c8-10a5e0acfc32,store,2,858.2,4.7,2025-09-09T13:51:21.052292
df0be2af-b339-4e52-bb92-4caa8ffbca91,d8a407c5-77a8-4d42-8b41-ca20287cf760,905f2110-caca-46ad-b1fc-61c3fda110f1,mobile,5,243.0,12.42,2025-11-18T13:51:21.052305
e1bf50ea-bd73-4cb9-a523-b595bf5f7946,2fa382ae-d79d-488d-95e2-61f2338ea04b,2341a1b6-ca76-4973-ad2e-4a906f9fd51d,store,3,352.8,6.97,2025-06-06T13:51:21.052319
bd788174-6f65-4ffc-9f7d-f2db9e37feba,4a048325-8212-43a5-beca-25ad536f4cee,e68cd9b3-0f66-4719-b9c8-10a5e0acfc32,store,4,1716.4,19.45,2025-12-10T13:51:21.052332
42b62bc5-3a55-4b5f-9a15-ea461fb2bd55,f4c7a126-7279-4bb5-95c4-573c4e1d70c9,11d7b21d-825c-442e-8c20-a64d4de4dd3c,store,3,172.14,14.18,2025-12-23T13:51:21.052345
3b396cb0-adde-4536-b917-8c3f1a46cd29,a7a9f9a9-f115-48e8-b2ee-1d075fc3402c,d5ee97fe-7203-4277-a432-29e8207ec8be,web,3,157.77,7.91,2025-06-06T13:51:21.052358
24d30b07-10b5-4e97-8ffd-ddeacbb346d2,27cdacc1-7d04-4490-b295-5991e94f9f5e,bff07f43-24a8-4d20-b9e9-6cac1ecce307,mobile,5,300.35,18.89,2025-12-12T13:51:21.052373
b0c8efff-8eab-4e72-ba0a-8eaf72d8d333,400b741d-0ca0-45d6-8523-573617fee653,a47d64f7-a098-44b9-8c64-05a8c978779f,store,5,1529.1,4.53,2025-08-28T13:51:21.052385
4f9e52bb-ee47-4008-9018-515d92d7d5de,b8bc9125-abd7-42fa-b7cd-bccbe5922a40,a47d64f7-a098-44b9-8c64-05a8c978779f,web,4,1223.28,10.52,2025-12-01T13:51:21.052399
b499e8da-cfd2-4df9-af78-1046542d3632,d6de87d1-6cf1-400d-8b1d-d8af4573a316,17c1c99f-c424-420e-8868-5ab21bafe8e5,web,2,284.52,0.95,2026-01-31T13:51:21.052413
556a6f5c-035d-4814-8b53-f1362ec925bc,aeba8343-1c08-4938-bff0-4056adb1a9f6,bdea1b76-1208-4a2f-b2e1-1aa8a5626500,mobile,4,1233.84,14.46,2026-02-09T13:51:21.052426
80128784-31da-4980-9461-a53e6aca4229,739dee87-b56f-4b08-a7f9-6c85d6818fe3,56ad6e1f-0691-4acd-a3de-c8da072e3963,mobile,5,730.75,12.85,2025-05-08T13:51:21.052440
144f0af6-b0be-4332-99fd-712330814c3e,b8bc9125-abd7-42fa-b7cd-bccbe5922a40,1791a541-fe39-430b-9626-a24acd85e08e,web,5,1358.6,4.98,2025-11-28T13:51:21.052454
29ddbce0-4d1a-4dd2-bf41-694bd134c8af,fd777368-7e59-48b1-b85b-1619bc87c5dc,79634690-8c5c-4240-8205-82b10c85c886,web,5,1616.55,1.22,2025-08-30T13:51:21.052466
90d9075d-db79-4fb3-98d0-821e18edcc60,d8485234-37db-4394-ae90-cbf6891d00c3,28de6b67-c5da-4fd9-9ae6-64f199eb885d,store,4,1219.92,6.54,2026-03-24T13:51:21.052482
a2cb78c7-a0c3-4398-ada2-aba44e697ff4,ab9746c7-803a-4cf1-9ab2-b32655c44619,1791a541-fe39-430b-9626-a24acd85e08e,store,3,815.16,12.61,2026-01-07T13:51:21.052496
ab2e0d1c-732d-4ab0-8fb5-7eeccd34f1c1,cd1b11ec-0996-4be8-8902-195674a27e17,e68cd9b3-0f66-4719-b9c8-10a5e0acfc32,store,3,1287.3,16.01,2025-10-25T13:51:21.052509
821a1a82-6993-429e-9ae4-6da257150eae,0af417b2-c439-4d9b-a97b-9e76de6515ea,542e404c-f975-45bf-b793-249b8d15665d,web,1,107.42,0.86,2025-12-11T13:51:21.052539
dd50afe0-f593-4ff9-b00a-0b8f1ccb7632,ece47cd8-cb49-4524-9386-ce6691914b6e,2341a1b6-ca76-4973-ad2e-4a906f9fd51d,store,4,470.4,18.58,2025-11-11T13:51:21.052567
eb24bf70-b493-4742-91ae-62abe02e0320,f3a49fd3-455a-4ac4-9d70-9cd8d52b0e4e,6eae25b5-bfd1-445a-b0d8-86e5ef9604a3,web,5,2395.1,2.83,2026-03-19T13:51:21.052581
299b45ad-504d-4319-97ea-79b04f32a500,0aecb8b1-e5bf-4a41-88ed-1559a7e7a3a1,6c37ac7c-22fb-489b-9e12-ba964446997b,web,1,443.86,4.08,2026-02-05T13:51:21.052594
5d36e18e-e667-4a9e-89f8-f0d765d2051e,3a9aea0a-65d8-411d-a515-5239f165ec5d,7df8e284-e832-44a7-94ef-f17a4e5da9d6,store,3,269.07,10.58,2025-09-26T13:51:21.052617
1b6d2381-f82f-4b99-953a-11d0036033ce,4220b0ed-148d-4a5e-ac8f-7593460ab12d,f6df0b45-6106-42d3-8c75-195d0ad4baee,mobile,2,777.58,6.75,2025-10-28T13:51:21.052639
65462d63-1d98-48cd-9c5a-4f27e012504c,d6de87d1-6cf1-400d-8b1d-d8af4573a316,0e9c5cdb-187a-4121-93cd-cd24adc53bc4,store,1,112.65,19.42,2025-07-05T13:51:21.052652
00402c27-7689-4e57-88b6-15e28623d417,d8a407c5-77a8-4d42-8b41-ca20287cf760,2341a1b6-ca76-4973-ad2e-4a906f9fd51d,web,5,588.0,5.22,2025-12-25T13:51:21.052666
867c6837-e5a3-405d-9005-23b0cf9de6a4,ed10b742-1bb9-4089-81b1-75d4bac59b90,17c1c99f-c424-420e-8868-5ab21bafe8e5,store,3,426.78,13.92,2026-01-09T13:51:21.052687
f92a9637-f2b3-467a-bbc6-2302b6d8d36a,617476de-8ec5-4f6e-860d-7c8277a7c4b1,1308f602-c166-4cdc-868a-0b4938053d4d,web,2,64.88,4.46,2026-03-03T13:51:21.052715
3bb7bcb9-caeb-44d1-80fe-431ed4700c21,c69c213c-78e1-4bab-9a52-334bd420ad6d,17c1c99f-c424-420e-8868-5ab21bafe8e5,web,3,426.78,5.93,2026-03-22T13:51:21.052738
c1f0f8c7-58a2-4f25-85cd-37f5566f04f9,ea4f8aeb-9ef4-46ca-953e-5e309b9171ca,ad1fb5ee-a91c-4991-9341-e395d2beecef,mobile,4,1408.32,14.82,2026-01-25T13:51:21.052751
24dc9382-6942-4da9-9035-11c35e686eda,0df92083-a3d8-4e5d-9db9-671c8cbb8682,bff07f43-24a8-4d20-b9e9-6cac1ecce307,store,2,120.14,5.86,2025-11-08T13:51:21.052764
e2f66da5-8599-4a29-a48e-d636541e6efe,0560a543-8369-4fc5-a080-3704ce1ea87d,e68cd9b3-0f66-4719-b9c8-10a5e0acfc32,web,2,858.2,0.37,2025-05-15T13:51:21.052777
f15fdbaf-32de-466c-a3ba-426e17450127,9d5bc314-79d9-4dee-966f-dba735c7590f,f1f6542b-4b3f-4e65-8d9a-766c8d57ad72,mobile,5,1607.4,14.83,2025-09-15T13:51:21.052790
e44cbf17-9393-4903-a848-5b2e3f3f536d,79f0c9f5-48e2-4825-9d7e-ccca692a8555,f6df0b45-6106-42d3-8c75-195d0ad4baee,web,5,1943.95,11.04,2026-04-01T13:51:21.052804
1afc883f-3e8e-4300-a3c4-4468b5235199,26f752ae-cb28-42e6-8109-575dcebe96fb,905f2110-caca-46ad-b1fc-61c3fda110f1,store,2,97.2,7.63,2025-06-28T13:51:21.052822
01663669-b690-492b-ae4c-7c6887ecdc86,ecf80b21-a29e-48cc-aeed-993c3d386c46,69b6bb4a-cfaa-4878-91ae-e146f31c1955,web,2,683.14,12.93,2025-05-16T13:51:21.052850
3c57aef2-6062-4924-b3eb-a45c5e0cd9d2,370f0855-85f1-477f-8f8e-0f1980e8cfc6,ca3df109-0f94-4c65-bb50-5e247fa97614,web,4,1415.52,9.32,2025-11-20T13:51:21.052883
49bb801d-ab07-40f8-8949-715d97038f13,486e7590-a65d-4b51-90c2-c0656ce8f42e,944989d7-0474-4130-959f-c793bf62259e,store,3,358.08,1.17,2025-12-30T13:51:21.052910
e60acd49-7b60-414e-9297-384b4980b3f0,ff3bc83f-7267-4530-ae44-86792304c864,168e2ef5-ab86-444e-ad38-6cbe82465e6a,web,3,270.18,3.24,2026-03-22T13:51:21.052949
c791797e-4fdc-4be0-b8e9-bc110a81bfe1,2fa382ae-d79d-488d-95e2-61f2338ea04b,a47d64f7-a098-44b9-8c64-05a8c978779f,store,4,1223.28,3.62,2025-09-27T13:51:21.052977
319ae959-cd9f-47b1-b28b-412d821483c7,0187210b-941d-4bad-b587-443bb52be2a0,457d9d38-588b-41ff-8c67-d7258b51a8e6,web,2,832.8,2.67,2026-01-04T13:51:21.053005
62570fc5-987e-451d-b60c-0cb27d72f73e,c852846f-39ad-4f90-a373-f27b686cbd6b,6eae25b5-bfd1-445a-b0d8-86e5ef9604a3,web,1,479.02,2.69,2026-02-05T13:51:21.053034
3f5291b6-7c21-479a-a78c-907b6584b37f,03cd349e-dd04-4d46-a08f-6b40026ac251,2341a1b6-ca76-4973-ad2e-4a906f9fd51d,web,1,117.6,17.56,2025-12-26T13:51:21.053063
e34a4e9b-239f-4a8f-b417-45a71f826094,0ebb1121-5e3e-4d5b-b10b-61858bcd68c5,cbf743b9-e903-4a26-825c-7bde33e1d82c,store,2,746.7,8.17,2026-01-04T13:51:21.053092
ab924a33-c86a-411d-b107-7fdc65d89d41,81c9fc48-3729-4936-b13b-53365da461ff,d5ee97fe-7203-4277-a432-29e8207ec8be,store,1,52.59,15.67,2025-05-07T13:51:21.053123
06c0302f-fbbe-40c3-b956-e7dedcb40035,8de4ba42-f9cc-4561-9d63-a626e4997a50,79634690-8c5c-4240-8205-82b10c85c886,web,4,1293.24,15.52,2025-09-09T13:51:21.053154
fef65ab5-b8d5-4c76-9304-665337aa7d0f,cf767ff6-17c9-4be0-a435-939dd95f7f2b,6c37ac7c-22fb-489b-9e12-ba964446997b,mobile,3,1331.58,1.13,2025-12-09T13:51:21.053188
348a4d8b-7ddf-45ad-9f7a-364c3400a612,ece47cd8-cb49-4524-9386-ce6691914b6e,321b80eb-c6e9-42e0-a6f5-86598247acd3,web,2,585.78,18.83,2026-03-18T13:51:21.053257
55e61677-1f0a-41e7-86ef-a7da5a2a6a5d,d8485234-37db-4394-ae90-cbf6891d00c3,6eae25b5-bfd1-445a-b0d8-86e5ef9604a3,store,5,2395.1,16.32,2025-07-05T13:51:21.053319
c090ba37-9fe3-43c0-bc04-6a33b05d22e1,32528c9b-b758-4757-b73f-1f5e974a7789,bff07f43-24a8-4d20-b9e9-6cac1ecce307,store,1,60.07,14.33,2025-12-26T13:51:21.053406
3e9d2669-6010-44f2-b134-c27c2963121a,5e641a6b-eeb5-414b-809f-987cfa2b1224,542e404c-f975-45bf-b793-249b8d15665d,mobile,1,107.42,5.92,2026-02-09T13:51:21.053450
4cc099a0-f083-4786-898b-3b3bba997be9,13827467-0bd2-4e34-876c-8bb8ec7a0c88,cbf743b9-e903-4a26-825c-7bde33e1d82c,mobile,1,373.35,3.26,2025-08-26T13:51:21.053489
00b9f6c2-82e2-4bcb-a62a-5685290bbd9d,f147feb5-d760-42b9-978a-4c7d74aa903a,542e404c-f975-45bf-b793-249b8d15665d,store,3,322.26,1.17,2026-03-20T13:51:21.053542
06290c36-0ede-4925-a73a-7257f0196262,1b83c826-b10a-4344-9e73-15b5b96a5b58,e68cd9b3-0f66-4719-b9c8-10a5e0acfc32,mobile,3,1287.3,9.25,2025-05-12T13:51:21.053588
8323c2fb-7790-4dbe-bff3-947981829762,431580be-df8f-4693-a61b-a2d5910223b2,08cb9e44-2170-4369-9ab2-a47e52847e6c,mobile,4,468.48,13.82,2025-05-22T13:51:21.053619
f7ef360d-3807-4d81-9358-7aff1559489f,d94b6713-3071-40cb-b879-b1983278bef5,11d7b21d-825c-442e-8c20-a64d4de4dd3c,mobile,4,229.52,15.73,2026-02-20T13:51:21.053647
59ffe428-1668-48fa-a419-8f4fc18897d1,c08b7d80-81ef-4d20-ae7b-8a8d690a6465,24665074-3a11-4fcf-82f7-1d50a0b2580f,store,3,1145.43,7.2,2026-03-21T13:51:21.053674
c19585b3-54af-4017-9054-b596e4da6ed2,c69c213c-78e1-4bab-9a52-334bd420ad6d,6eae25b5-bfd1-445a-b0d8-86e5ef9604a3,web,5,2395.1,15.77,2025-09-02T13:51:21.053700
1c377721-4c70-4d42-a9fb-7e2e97bd88d7,62333fd8-0787-4f08-8f24-0bd988d5394f,08f682e0-0949-4d7f-9c1a-36bb48342221,web,3,646.65,3.6,2025-07-31T13:51:21.053727
92ed5840-2a4c-45e2-9dd0-4c57a3757407,68fcba4b-67dc-40a5-b324-7628db4cddbb,944989d7-0474-4130-959f-c793bf62259e,store,5,596.8,7.71,2025-04-28T13:51:21.053750
b42e7bc4-1433-49be-86b3-8af7c13f8e27,1317509d-d5f2-4937-b745-e8344d4b202a,168e2ef5-ab86-444e-ad38-6cbe82465e6a,store,3,270.18,18.3,2025-04-16T13:51:21.053780
3217c336-1694-4ba5-8dd6-4f670733b5c5,9c8a22ec-7e5f-474b-8e85-d6b34aea9e24,08f682e0-0949-4d7f-9c1a-36bb48342221,web,2,431.1,12.54,2025-08-10T13:51:21.053811
84a765cb-922d-420a-a882-bf27ec857a3d,d27db049-06bb-49d0-9384-1d005fc4197d,2341a1b6-ca76-4973-ad2e-4a906f9fd51d,web,1,117.6,2.6,2026-01-10T13:51:21.053840
0039b220-3cae-4f96-aff1-39d1005e1e3b,2ec98caa-fbcb-44c8-9be4-a2b9a927b42d,69b6bb4a-cfaa-4878-91ae-e146f31c1955,store,1,341.57,19.32,2025-07-18T13:51:21.053870
71b6859d-e169-4a6d-973f-a131cddaf69e,736e89ee-fcda-459e-a2e7-ecbf43f4404b,bff07f43-24a8-4d20-b9e9-6cac1ecce307,mobile,3,180.21,8.32,2025-04-28T13:51:21.053897
0e36e259-0bce-4a92-9572-582cbe179506,d44fe8d0-8697-478a-b561-5412b92c3cdd,69b6bb4a-cfaa-4878-91ae-e146f31c1955,web,1,341.57,17.26,2025-08-26T13:51:21.053923
c2b39f4f-efc1-4543-9bc7-f48daae60a7e,cd0f116b-8b06-4970-a39d-a895155e5d42,a0de6626-305c-473f-946f-bec5e72fa2b2,web,1,367.56,11.97,2025-05-28T13:51:21.053941
7a2eca38-c405-4fde-a0ff-ba07a9d359ef,964b7af0-f945-4a93-a040-a1f71aed720f,08cb9e44-2170-4369-9ab2-a47e52847e6c,mobile,5,585.6,5.04,2025-06-02T13:51:21.053967
074ecb89-8eea-4fa8-ac9a-39e0187aa366,4bc1996f-9825-4f06-85da-2b0db239e855,24665074-3a11-4fcf-82f7-1d50a0b2580f,mobile,5,1909.05,17.71,2025-11-04T13:51:21.053985
10bbe283-4acf-462b-80d9-2cfa4303d3a0,cd7c00ee-783f-44f3-9c7f-80c043255ce5,28de6b67-c5da-4fd9-9ae6-64f199eb885d,web,4,1219.92,3.51,2026-02-22T13:51:21.054012
1a004e5d-917d-473d-8c81-16a2225dd497,d3dcaad1-9e4d-4862-b064-aa7e02b5f7a7,ca3df109-0f94-4c65-bb50-5e247fa97614,web,4,1415.52,4.41,2025-12-06T13:51:21.054039
b2a08abc-e4e0-4e9d-a80a-56eedf2f549c,8290b56a-c317-4563-a6ed-d3324c017372,24665074-3a11-4fcf-82f7-1d50a0b2580f,store,2,763.62,17.14,2026-04-05T13:51:21.054065
a1d27a0c-4290-498f-a55b-b5874a1f55b9,a217c9df-5a7e-43b6-a2e1-a6a71f171b05,08f682e0-0949-4d7f-9c1a-36bb48342221,web,1,215.55,7.54,2025-10-05T13:51:21.054101
730c3f8d-548c-4c5c-8c47-dea425b8d8bd,d94b6713-3071-40cb-b879-b1983278bef5,11d7b21d-825c-442e-8c20-a64d4de4dd3c,store,5,286.9,17.0,2025-05-20T13:51:21.054132
b8bb23aa-acc4-4fb0-a17a-61f7e5107b6d,6348aef4-0c22-4f32-82aa-af99e49beca1,ad1fb5ee-a91c-4991-9341-e395d2beecef,mobile,1,352.08,16.33,2025-04-26T13:51:21.054164
5fb2c52d-0590-4c39-8a7b-a7d8119d4bbe,c59d268a-6f92-4a9c-9055-5dc476e1c531,a0de6626-305c-473f-946f-bec5e72fa2b2,store,3,1102.68,17.54,2025-11-12T13:51:21.054201
b4d395a2-03b2-4b9e-8f03-b7ed90c5a6c1,2720b663-694c-4910-8683-0abccd50e8d7,cbf743b9-e903-4a26-825c-7bde33e1d82c,mobile,3,1120.05,9.98,2025-08-01T13:51:21.054228
3f6e08da-371c-44fd-bd88-f8b7ab66d501,c55e3b0c-2166-4985-a1d3-11a262d3395d,457d9d38-588b-41ff-8c67-d7258b51a8e6,store,1,416.4,0.42,2025-11-28T13:51:21.054257
f056074c-84f0-4e1e-a4a7-94bd7adf9cba,79fc4812-26d3-4ade-93fb-8c817b2fb15b,79634690-8c5c-4240-8205-82b10c85c886,mobile,3,969.93,7.55,2025-06-05T13:51:21.054287
e7bdc232-65b6-4fac-876b-73b6f48c704c,399dd347-bbce-4207-aac1-1923f065145e,6c37ac7c-22fb-489b-9e12-ba964446997b,store,1,443.86,3.79,2025-06-06T13:51:21.054318
8596db2a-6806-4c01-845c-c73a5891094a,de18f223-7a95-47d7-892b-230c0354b118,f1f6542b-4b3f-4e65-8d9a-766c8d57ad72,mobile,4,1285.92,14.04,2025-12-05T13:51:21.054348
f96c9ea5-1ed2-4150-bff7-598b0bcca982,ea4f8aeb-9ef4-46ca-953e-5e309b9171ca,f6df0b45-6106-42d3-8c75-195d0ad4baee,mobile,4,1555.16,4.18,2025-05-26T13:51:21.054378
a9cd3e8f-0a97-4aa7-a137-eb08103315a6,1ad8fec9-6f2f-465b-85b5-6d9a98406fce,905f2110-caca-46ad-b1fc-61c3fda110f1,store,4,194.4,3.7,2025-12-17T13:51:21.054405
b6a6d1b8-9ebf-4fb4-bb4a-741d6a973923,39d21055-64ab-4312-b0c0-d7ddc3e6fe12,ca3df109-0f94-4c65-bb50-5e247fa97614,web,4,1415.52,3.2,2025-11-03T13:51:21.054424
c7a243c4-edec-4745-8cf6-67491c83f10a,181f6def-75b2-4650-8010-6b2d2c405278,2341a1b6-ca76-4973-ad2e-4a906f9fd51d,store,2,235.2,1.61,2026-04-07T13:51:21.054443
e6256111-2f8d-4ae8-b866-e879fb8e174b,bd37825a-25ad-4b2f-969e-c624e095feb8,6c37ac7c-22fb-489b-9e12-ba964446997b,web,5,2219.3,16.19,2026-03-04T13:51:21.054471
d6ebf644-798b-4fa3-81f7-d2bc1d6f53d9,ef8225e3-4aeb-459c-8242-fae62541926d,cbf743b9-e903-4a26-825c-7bde33e1d82c,mobile,3,1120.05,18.55,2025-06-26T13:51:21.054488
f41ef1cc-2b1e-4997-b1ed-b89e6de4367d,85614ccc-0949-4a03-a33a-38b2340aaca1,a0de6626-305c-473f-946f-bec5e72fa2b2,store,1,367.56,18.48,2026-03-10T13:51:21.054506
738da2d2-77ee-4679-93df-d5e78020250d,f65d479b-25d8-4802-84c9-42567ffe5a6e,e68cd9b3-0f66-4719-b9c8-10a5e0acfc32,web,2,858.2,11.83,2026-03-25T13:51:21.054541
5ed8b008-e774-429c-88ff-aa82db4eb2d0,c7a05006-af72-4fe4-af69-4916237acd03,f6df0b45-6106-42d3-8c75-195d0ad4baee,web,2,777.58,9.27,2025-09-04T13:51:21.054569
5667c152-d541-4876-b3a8-100c5ceb58ce,de09c21b-2790-4f59-98f6-c678497d35f8,08f682e0-0949-4d7f-9c1a-36bb48342221,mobile,4,862.2,14.45,2026-01-17T13:51:21.054599
fe6ca524-4704-4965-b841-739b12d197cd,9fbdd83e-1473-4d7d-88eb-05463f65126d,24665074-3a11-4fcf-82f7-1d50a0b2580f,store,1,381.81,1.52,2025-09-07T13:51:21.054631
804d7390-b012-4877-9234-60ae38579eda,66008cc3-2699-4807-9a2a-082a6a036e54,11d7b21d-825c-442e-8c20-a64d4de4dd3c,web,5,286.9,12.93,2025-07-26T13:51:21.054660
abeb76ce-25a2-4b83-9205-6e081df7235c,2265ad7d-6f3d-45e9-99ad-c1533863d3ba,457d9d38-588b-41ff-8c67-d7258b51a8e6,web,1,416.4,14.48,2026-01-06T13:51:21.054703
359b3210-6123-4e44-9596-946fffa77212,71ed938f-c557-407e-b2c5-6db5e002ec6c,168e2ef5-ab86-444e-ad38-6cbe82465e6a,store,1,90.06,11.48,2026-03-24T13:51:21.054732
716cf691-60b3-48c4-8adb-02a5031d18c1,3f9dc824-91b5-4ab4-b84d-905a7500ef6d,6eae25b5-bfd1-445a-b0d8-86e5ef9604a3,mobile,2,958.04,1.67,2026-03-14T13:51:21.054786
de9b09a1-bd75-4530-9107-6356d27b4cca,2a6c32ce-d70a-4305-a174-d980455e126f,08f682e0-0949-4d7f-9c1a-36bb48342221,web,1,215.55,7.44,2026-01-17T13:51:21.054810
fa592389-e18e-4123-9b8a-9ad4b9a5469e,b237f9d5-60b3-45de-bbeb-f64d46377e62,bdea1b76-1208-4a2f-b2e1-1aa8a5626500,store,1,308.46,10.77,2025-04-16T13:51:21.054855
e4992192-0981-4541-a113-4779f25533a0,151c76f0-b52b-44c4-88d8-60c260d72682,e19c753d-318c-4edb-b565-fc406c99c72c,mobile,5,981.25,9.99,2025-09-14T13:51:21.054886
723f3b0b-2771-473e-9d48-a141dc15c48f,03cd349e-dd04-4d46-a08f-6b40026ac251,053f89ae-21b6-4267-baf4-f4be573d366f,mobile,1,71.15,2.19,2026-02-21T13:51:21.054920
699e8086-e526-4a06-9491-5bc80ce66c70,e83d5e91-42bc-417b-be08-af280ea86d5d,11d7b21d-825c-442e-8c20-a64d4de4dd3c,web,5,286.9,7.79,2025-07-14T13:51:21.054960
d9244670-4e63-4ba2-9537-1e1992fb600b,ac9e9fa2-9a9f-4abb-bf77-bce10aeed1be,542e404c-f975-45bf-b793-249b8d15665d,store,1,107.42,3.55,2026-03-25T13:51:21.054989
f666998d-4ce5-4bf5-a50f-e9ce220c78ef,27cdacc1-7d04-4490-b295-5991e94f9f5e,bdea1b76-1208-4a2f-b2e1-1aa8a5626500,mobile,4,1233.84,10.49,2025-09-01T13:51:21.055011
e2e3ab94-3ddc-4ed9-9042-35d86d4b5216,8757f80d-81ed-4e4f-a7d0-dd997cfdac05,905f2110-caca-46ad-b1fc-61c3fda110f1,mobile,5,243.0,19.2,2025-10-30T13:51:21.055040
6760456f-9485-4387-87f0-968b4395af68,fcce4cc1-7186-4f54-85f6-10e497d9899f,f6df0b45-6106-42d3-8c75-195d0ad4baee,mobile,3,1166.37,6.22,2025-09-23T13:51:21.055088
d94edb49-fdd2-4c77-8c4f-bba06da3cac8,ae5747f6-5be4-4adc-a70e-6a7af4e70c23,28de6b67-c5da-4fd9-9ae6-64f199eb885d,mobile,5,1524.9,2.59,2025-09-05T13:51:21.055122
ba6fb6a5-3c1b-401c-9a04-3402b4aa3994,b237f9d5-60b3-45de-bbeb-f64d46377e62,24665074-3a11-4fcf-82f7-1d50a0b2580f,web,1,381.81,14.3,2025-06-07T13:51:21.055154
89ccda68-3780-4cab-a134-6b942e303c50,6301e89f-3cc4-42a0-8a28-abe0a1c9dfcf,08f682e0-0949-4d7f-9c1a-36bb48342221,web,2,431.1,3.66,2026-03-08T13:51:21.055187
4c998d02-6044-4f4f-9883-806eacb50c8b,ac9e9fa2-9a9f-4abb-bf77-bce10aeed1be,d5ee97fe-7203-4277-a432-29e8207ec8be,web,1,52.59,12.23,2025-11-21T13:51:21.055214
a827b312-513a-41d9-aacb-0a67c5342133,bd3fac18-11b2-4e27-97ee-097355e2ae12,56ad6e1f-0691-4acd-a3de-c8da072e3963,mobile,1,146.15,9.71,2025-11-22T13:51:21.055382
556f58c7-f35b-479c-bb09-d5fa1e348dd2,b9495a6f-5d1f-4934-9ae7-1176dbb78c66,2341a1b6-ca76-4973-ad2e-4a906f9fd51d,store,1,117.6,17.25,2026-02-28T13:51:21.055671
de335eaf-e105-4ce5-a822-b4c9971846c9,6f391870-9416-4da1-a5a1-4a2f0be76e0e,08f682e0-0949-4d7f-9c1a-36bb48342221,mobile,4,862.2,11.88,2025-06-18T13:51:21.055835
52825db4-6fe9-466b-9209-ae8788ff5866,00824cc7-caaa-457e-9328-c8b8556afc23,a47d64f7-a098-44b9-8c64-05a8c978779f,mobile,5,1529.1,1.93,2025-04-27T13:51:21.055954
4c54a582-8a8b-4498-b001-d8d5a2f7ae7e,7ccb849f-e106-4134-8160-f987f717c7de,bdea1b76-1208-4a2f-b2e1-1aa8a5626500,mobile,2,616.92,10.99,2026-02-18T13:51:21.056009
7d6eada8-2c63-4490-8cc6-e64a74f56886,3e180188-758e-4f82-bfe5-3ce6dbd03f62,6eae25b5-bfd1-445a-b0d8-86e5ef9604a3,store,4,1916.08,0.42,2025-09-11T13:51:21.056041
28f84a7e-151e-4890-a287-f62ca34dfb19,c67dbd8e-a7b0-4c75-9187-a42663b4bdf6,9c0e36b8-29dc-48d8-9869-8d952c29dbdb,web,1,298.73,6.96,2026-03-15T13:51:21.056082
b99b8c7f-9966-44a3-880b-547c4681b623,1234b85a-6c0e-42b9-8953-1aa40eca3434,9c0e36b8-29dc-48d8-9869-8d952c29dbdb,web,5,1493.65,10.88,2025-10-25T13:51:21.056124
ea6539ba-cb35-4d0c-b88f-db37fc5e448a,486e7590-a65d-4b51-90c2-c0656ce8f42e,08cb9e44-2170-4369-9ab2-a47e52847e6c,mobile,1,117.12,0.93,2025-11-02T13:51:21.056199
1224a658-0c42-468b-9f2a-4868f01129fe,97ef2d8d-9dfa-469c-9ff4-e4f4cfc6f847,24665074-3a11-4fcf-82f7-1d50a0b2580f,mobile,3,1145.43,17.98,2025-12-11T13:51:21.056456
346405f8-5c08-4593-a4ab-e329e3344573,ef8b891a-8f31-48c0-87ec-dd90e192da22,79634690-8c5c-4240-8205-82b10c85c886,mobile,3,969.93,3.24,2025-07-06T13:51:21.056540
13ea03c2-ea21-4169-a1ba-74d582218ec9,38881b64-3e38-4b34-bf33-d8f08e89bdb5,9c0e36b8-29dc-48d8-9869-8d952c29dbdb,web,5,1493.65,1.19,2025-06-06T13:51:21.056600
21d3e11c-7053-4f05-afbb-14e648746a8a,617476de-8ec5-4f6e-860d-7c8277a7c4b1,168e2ef5-ab86-444e-ad38-6cbe82465e6a,store,4,360.24,15.13,2026-01-22T13:51:21.056631
904c1ac8-110c-4488-9e48-3ff376ae5350,6c3db998-9cb9-4c30-9190-235dca95b547,bff07f43-24a8-4d20-b9e9-6cac1ecce307,mobile,2,120.14,19.86,2026-01-15T13:51:21.056667
abb54aac-5759-432f-90ec-a09b3ae2f5cc,bdb77e2b-5d39-41d7-8683-b92222eebcd7,bdea1b76-1208-4a2f-b2e1-1aa8a5626500,mobile,5,1542.3,15.79,2025-09-30T13:51:21.056704
cda4ab7b-a6ea-42dd-87c1-33fe54ab11d6,6d40d013-a9c6-497a-a9a8-a3c69db7cdf1,56ad6e1f-0691-4acd-a3de-c8da072e3963,store,2,292.3,18.0,2025-08-11T13:51:21.056744
a45b6c51-8eeb-4c3f-9bab-c25ae26c856d,1c13764a-936b-493a-8635-7e1a3faff27d,bdea1b76-1208-4a2f-b2e1-1aa8a5626500,web,3,925.38,17.67,2025-05-25T13:51:21.056770
e6e948a0-a8c4-4b58-85af-b11f559c114d,47305be8-cd55-4cfd-9661-fe36f5f81ce5,168e2ef5-ab86-444e-ad38-6cbe82465e6a,store,4,360.24,9.1,2026-01-15T13:51:21.056797
4fed2926-2666-4e49-b87c-4f31621510f3,fd6dddea-61e9-40b1-9ccc-6fa3d1499f25,e19c753d-318c-4edb-b565-fc406c99c72c,web,5,981.25,0.02,2025-11-10T13:51:21.056838
95c4fa52-3f06-496e-89b5-bb0132c0e478,d7b7e2da-9059-4d56-ae4f-90db25a23b66,ad1fb5ee-a91c-4991-9341-e395d2beecef,mobile,2,704.16,15.82,2025-05-11T13:51:21.056882
ae005afd-1617-49a6-ab14-cf61fd2a444c,039c9b20-dd1e-4d98-ac25-be384c76f160,6eae25b5-bfd1-445a-b0d8-86e5ef9604a3,web,5,2395.1,13.46,2026-01-27T13:51:21.056908
c64793df-d132-4139-b96f-652aba3df99e,740901b0-ea82-459c-b9c4-ebb6e59f3b9c,bdea1b76-1208-4a2f-b2e1-1aa8a5626500,web,2,616.92,9.22,2025-10-19T13:51:21.056950
0eb3d9ec-df1f-45d6-a23d-8bf1d7647ea4,c08b7d80-81ef-4d20-ae7b-8a8d690a6465,d5ee97fe-7203-4277-a432-29e8207ec8be,store,5,262.95,14.16,2025-08-14T13:51:21.056977
8c7d6d63-9559-4f68-98a6-92c7789f3540,cd7c00ee-783f-44f3-9c7f-80c043255ce5,cbf743b9-e903-4a26-825c-7bde33e1d82c,store,4,1493.4,7.71,2025-08-12T13:51:21.056998
66029ab7-6e91-4583-bd43-81755dd175f5,53ca8461-e12a-4781-a412-c2791b9dff98,944989d7-0474-4130-959f-c793bf62259e,mobile,4,477.44,7.4,2025-05-28T13:51:21.057022
4f26bb5f-a6c5-4f44-89e9-87b7d3adc699,a539424b-3bc3-488a-86dd-c9667b50b118,9c0e36b8-29dc-48d8-9869-8d952c29dbdb,mobile,1,298.73,10.45,2025-05-25T13:51:21.057040
54a8282b-1580-489c-9561-7b9470024d3f,058c636f-b73c-4bd9-bd6a-134962a13206,a47d64f7-a098-44b9-8c64-05a8c978779f,mobile,2,611.64,2.55,2026-03-08T13:51:21.057068
ad7926da-9500-43f2-8738-2775b5475bdf,6e1cf5e7-7914-4d62-b2b0-b64a0772ac65,f1f6542b-4b3f-4e65-8d9a-766c8d57ad72,store,4,1285.92,18.36,2026-02-15T13:51:21.057085
40936206-0482-456d-a5a3-836b8ba3bb61,608deb86-6661-4f77-bb41-aecc5e51f64a,28de6b67-c5da-4fd9-9ae6-64f199eb885d,store,3,914.94,11.59,2025-06-16T13:51:21.057111
e4a6ee44-d1c9-4e22-918b-5e66e7fddf20,934582b4-4335-41ae-8710-77f29f6f6c81,bff07f43-24a8-4d20-b9e9-6cac1ecce307,store,5,300.35,7.0,2025-04-26T13:51:21.057136
8f579824-c1bf-4ff6-b0c9-090341f35a98,675701f2-8821-48a1-b6cd-c7205873c1e2,24665074-3a11-4fcf-82f7-1d50a0b2580f,mobile,1,381.81,7.82,2026-01-28T13:51:21.057166
7f5f9939-6d1e-45dd-8e3f-1c3b16f18623,6951a992-1ef4-4e7f-af9b-4a2989cadc35,f6df0b45-6106-42d3-8c75-195d0ad4baee,web,5,1943.95,12.23,2025-10-01T13:51:21.057193
eac983ea-cdd2-403c-93a4-caceee8a2ca8,4bc1996f-9825-4f06-85da-2b0db239e855,2341a1b6-ca76-4973-ad2e-4a906f9fd51d,store,1,117.6,8.96,2026-02-04T13:51:21.057218
8a1b4aa7-f3cd-482b-8d63-2757d4c482fd,0cfd5607-d58f-4d81-9835-b178d717b015,bdea1b76-1208-4a2f-b2e1-1aa8a5626500,web,5,1542.3,6.87,2025-06-30T13:51:21.057240
9ffa2606-6484-405e-8e23-b294fa8e16b1,71ed938f-c557-407e-b2c5-6db5e002ec6c,a47d64f7-a098-44b9-8c64-05a8c978779f,mobile,4,1223.28,0.18,2025-05-29T13:51:21.057258
21a315a6-3e8a-4249-b957-cfe16de85035,8c0729b0-bedb-4edf-a078-95151b63f71e,053f89ae-21b6-4267-baf4-f4be573d366f,mobile,2,142.3,0.45,2025-06-23T13:51:21.057280
b3bc4153-ceb5-4435-b8c7-71aa76ec1087,32ffa999-0fab-4f21-8377-940aa0f754eb,0e9c5cdb-187a-4121-93cd-cd24adc53bc4,store,2,225.3,8.46,2025-06-03T13:51:21.057307
1f43f25e-fffa-4536-a4b4-c3a40108d0e6,0ffa2fd2-7b2b-4401-b033-eccfd8ef021c,d5ee97fe-7203-4277-a432-29e8207ec8be,mobile,4,210.36,7.93,2025-06-26T13:51:21.057327
0587a343-1dc2-4777-bd76-6325fb700124,3a04faf9-10f8-4f16-b97b-8dccde77a777,17c1c99f-c424-420e-8868-5ab21bafe8e5,mobile,1,142.26,9.15,2025-07-06T13:51:21.057347
14064222-9eaa-47c6-8153-87d79c62c748,bb92c951-7270-48f2-9213-bf2eeb692e34,ca3df109-0f94-4c65-bb50-5e247fa97614,store,3,1061.64,13.71,2025-07-03T13:51:21.057377
21950819-3892-4530-bebc-73e330f4bd0d,2a6c32ce-d70a-4305-a174-d980455e126f,2341a1b6-ca76-4973-ad2e-4a906f9fd51d,store,3,352.8,1.51,2025-09-20T13:51:21.057407
c512fbc7-333a-463e-abfd-f77053c99b0a,4b8e09cb-caba-44f2-a067-285da4e537ef,ad1fb5ee-a91c-4991-9341-e395d2beecef,store,5,1760.4,2.25,2025-07-31T13:51:21.057448
a95740c6-b933-46f6-86c6-99aecb3ea554,e35fef50-cb52-412f-8c9d-fbe01e30d289,bff07f43-24a8-4d20-b9e9-6cac1ecce307,mobile,3,180.21,18.87,2025-08-24T13:51:21.057479
64bb93f3-7075-428f-92c0-3416411d4459,c965e9c5-69cf-4549-9341-be2f2bdff784,56ad6e1f-0691-4acd-a3de-c8da072e3963,mobile,4,584.6,16.17,2025-06-22T13:51:21.057504
465d404f-3a94-40df-8d8e-39eef8550043,706a122a-0673-42d0-ab4d-15b133b4527f,1308f602-c166-4cdc-868a-0b4938053d4d,mobile,3,97.32,0.56,2025-06-20T13:51:21.057551
d19e879e-ce98-4ea9-b70b-612832298754,7d28fc06-382b-4f4f-9e91-26fffddc8356,905f2110-caca-46ad-b1fc-61c3fda110f1,web,1,48.6,13.26,2025-06-10T13:51:21.057590
d4457b2c-de71-4dc0-b77c-52327d1ed574,69eef18a-207f-452e-a30d-7136e30bde79,f6df0b45-6106-42d3-8c75-195d0ad4baee,web,1,388.79,2.37,2025-10-30T13:51:21.057612
6ca0ebb6-b7b5-4019-b25a-64aef6e3880c,6599b145-76bf-4688-84ea-5549a07fc0b1,944989d7-0474-4130-959f-c793bf62259e,web,2,238.72,19.22,2025-09-23T13:51:21.057637
a2d51ad7-eac2-44ad-bbf1-7cc70d683ad9,b0a631a6-9bfd-4a8c-8c49-40dba41cc45c,f6df0b45-6106-42d3-8c75-195d0ad4baee,mobile,4,1555.16,12.04,2025-11-18T13:51:21.057667
05904afd-ac59-4c7b-ba7c-47853b487197,f6f84d4a-8f74-45a9-8dca-f2861185f737,cbf743b9-e903-4a26-825c-7bde33e1d82c,store,5,1866.75,10.69,2026-01-14T13:51:21.057691
c36d1f18-cfff-4c66-8692-33f12242ef72,caf9ba8e-9dd9-4b84-8f45-aaf06185a794,6c37ac7c-22fb-489b-9e12-ba964446997b,web,5,2219.3,0.01,2026-02-21T13:51:21.057708
1fd685ad-422b-4184-90ec-fbfb7e63a96f,c1fdb530-3f98-4f58-aebf-d3d9e2463e57,168e2ef5-ab86-444e-ad38-6cbe82465e6a,web,5,450.3,17.5,2025-07-05T13:51:21.057726
adb66cfc-4651-407e-8a32-04af690c4106,755b4c50-4d17-4e79-8c2a-5d83b8972610,944989d7-0474-4130-959f-c793bf62259e,store,3,358.08,13.34,2025-08-11T13:51:21.057742
18d86517-04fe-4bbc-9425-46bfba6cba87,9250bcb7-8e85-4859-9210-77e4d80ea8af,17c1c99f-c424-420e-8868-5ab21bafe8e5,mobile,2,284.52,14.74,2025-06-03T13:51:21.057759
c4f6f73d-c54d-4f2d-abdc-adfed4c0d3ec,3446f091-304c-48ee-8228-02b3d1c875dc,08cb9e44-2170-4369-9ab2-a47e52847e6c,store,5,585.6,19.68,2025-10-20T13:51:21.057783
8d5e5999-a80f-4a05-a642-8abf56e66f59,42739148-1263-40e6-8a79-44cde3b55420,79634690-8c5c-4240-8205-82b10c85c886,store,2,646.62,18.3,2025-08-30T13:51:21.057809
b0533371-ff3d-4d25-ac34-e24df240ddbc,bbf4fb26-a349-4c99-9c94-8531baf2a4e2,79634690-8c5c-4240-8205-82b10c85c886,mobile,2,646.62,6.9,2026-03-23T13:51:21.057834
e1df7a39-f65e-4450-892c-64d1b434df82,29a057d1-7c37-45a4-8af5-5c3dcb4ad8a3,f6df0b45-6106-42d3-8c75-195d0ad4baee,mobile,1,388.79,7.12,2025-06-16T13:51:21.057852
61a10d01-6d8f-40e8-ba2a-f7579497f950,37719c60-2dce-4f9d-ac9f-4aa5da5bbcd8,cbf743b9-e903-4a26-825c-7bde33e1d82c,store,3,1120.05,1.94,2025-09-29T13:51:21.057878
770be70a-c028-46e3-96ba-67966487ccf5,8731ca65-1e1e-4850-a464-1901c9b19bd4,2341a1b6-ca76-4973-ad2e-4a906f9fd51d,mobile,2,235.2,13.3,2025-09-03T13:51:21.057905
58596381-a9f9-4825-b470-070fe3ac451c,db4623ff-6c9c-4697-a41d-b3a861bc38bd,a0de6626-305c-473f-946f-bec5e72fa2b2,mobile,4,1470.24,1.04,2025-08-29T13:51:21.057929
c3c14797-7ebf-4738-ae68-294522ec854d,fa848a5c-ec51-4164-a85d-f28025f41073,0e9c5cdb-187a-4121-93cd-cd24adc53bc4,web,1,112.65,10.62,2025-05-16T13:51:21.057956
7c5f625c-10bf-4169-b29c-f470b7cf5245,7ccb849f-e106-4134-8160-f987f717c7de,e68cd9b3-0f66-4719-b9c8-10a5e0acfc32,web,1,429.1,12.62,2026-03-31T13:51:21.057987
84f6181b-fe02-4a4b-968d-c7814cd9f4ed,37719c60-2dce-4f9d-ac9f-4aa5da5bbcd8,e19c753d-318c-4edb-b565-fc406c99c72c,web,3,588.75,0.95,2025-04-28T13:51:21.058018
439a3c61-b7ae-44df-bbf3-d83579f0cb07,dfd88f4a-881a-4321-818c-18b086464918,a0de6626-305c-473f-946f-bec5e72fa2b2,web,3,1102.68,12.03,2025-12-07T13:51:21.058044
37a69590-19a8-40e7-8ce0-5841eff586b1,952d7f9c-eec2-4cfe-9a22-d67b2438dd4f,944989d7-0474-4130-959f-c793bf62259e,store,4,477.44,13.31,2025-08-11T13:51:21.058065
2da4d009-463f-438a-95b1-0691cf1c825e,f65d479b-25d8-4802-84c9-42567ffe5a6e,e19c753d-318c-4edb-b565-fc406c99c72c,store,5,981.25,3.3,2025-09-22T13:51:21.058082
021a3885-77d4-4a6f-a60e-d9eda3445be1,01b0c61b-4ff2-4653-a90f-f2336d2cab3a,944989d7-0474-4130-959f-c793bf62259e,web,4,477.44,2.34,2026-02-02T13:51:21.058112
86189444-2da5-4fff-96c4-b56b4c28e5a9,48186108-5140-477d-8d9c-59cf0f3db172,6c37ac7c-22fb-489b-9e12-ba964446997b,store,5,2219.3,17.44,2025-06-14T13:51:21.058142
9e37df90-8cf0-4618-82f9-c9773cf829bd,f81bcfa1-39d2-47e8-8236-8071706a6271,905f2110-caca-46ad-b1fc-61c3fda110f1,web,4,194.4,18.78,2026-01-14T13:51:21.058175
b5efb46a-dbc7-4345-8017-6f901ca2fbc8,1ad0c269-9ca7-41f3-92b2-3f548e7fa43c,28de6b67-c5da-4fd9-9ae6-64f199eb885d,store,5,1524.9,4.72,2026-04-11T13:51:21.058200
14645725-ccaf-4e43-a001-5d20e85ec824,6c3db998-9cb9-4c30-9190-235dca95b547,a0de6626-305c-473f-946f-bec5e72fa2b2,store,4,1470.24,9.98,2026-03-31T13:51:21.058223
ab5a60ad-649d-43f2-9866-5255561d3686,da991ae8-4eeb-4b2d-821b-05b27c818222,1308f602-c166-4cdc-868a-0b4938053d4d,store,3,97.32,13.69,2025-07-12T13:51:21.058251
4db752b5-206b-48d8-b69f-0f59be41d4c9,319b258d-67c6-4fda-93e9-f3a9fa80bcf2,321b80eb-c6e9-42e0-a6f5-86598247acd3,mobile,5,1464.45,8.74,2025-12-22T13:51:21.058277
eb1b8559-df7a-4da4-bcec-c9e6c286a758,32528c9b-b758-4757-b73f-1f5e974a7789,08cb9e44-2170-4369-9ab2-a47e52847e6c,web,2,234.24,6.25,2025-07-16T13:51:21.058302
e9220b8d-969b-49e8-a9b2-89e5a9f072f9,358a9a69-4053-46f2-a165-b9bfb7aef8e6,1890b36f-a137-41e5-b5ed-1d9d565c4bd0,store,2,51.12,14.57,2025-11-19T13:51:21.058326
3fb049b4-88b0-4062-ab88-3895efbbabad,3b8720b7-1934-40c2-a4b6-c15492ac2d17,08cb9e44-2170-4369-9ab2-a47e52847e6c,mobile,2,234.24,1.13,2025-04-21T13:51:21.058353
1cb05b56-a77c-4a5c-9d08-e7ae6af69cf6,3a0a8104-2429-4838-b9fb-61c66c54643d,bff07f43-24a8-4d20-b9e9-6cac1ecce307,mobile,4,240.28,3.7,2026-02-09T13:51:21.058383
dd8f3178-ab4c-4ca1-b0cd-e24557b2d97f,8ccd0f15-fc71-4c67-ad0e-2f8a0beac395,d5ee97fe-7203-4277-a432-29e8207ec8be,mobile,4,210.36,2.86,2025-12-15T13:51:21.058407
7ad1e334-4580-452f-a703-420f6ed952d9,bc2a15b3-8cd0-4701-8a84-5408610596e6,7df8e284-e832-44a7-94ef-f17a4e5da9d6,store,4,358.76,15.45,2026-01-25T13:51:21.058435
b82ca67e-1593-4444-8dfc-ec60a2b4d0bc,2bf20add-b53d-4ece-be51-331ebb53ad0c,168e2ef5-ab86-444e-ad38-6cbe82465e6a,store,2,180.12,11.11,2025-06-03T13:51:21.058462
cdd35b12-05f7-403e-bfca-6ae0d0a0dcd9,1b23ba1c-10e6-4969-af23-0bc504b3ce59,905f2110-caca-46ad-b1fc-61c3fda110f1,web,5,243.0,3.62,2025-10-31T13:51:21.058489
1f6eaca7-738f-4825-8d08-7ba67d465102,b1e46fa8-728f-4df2-8c6c-eada87873a60,053f89ae-21b6-4267-baf4-f4be573d366f,store,2,142.3,2.8,2025-05-02T13:51:21.058536
c1c48323-900a-4e30-8929-ac5f5d4aee67,9a58294d-b1d7-464a-a310-45a0eccb0b17,905f2110-caca-46ad-b1fc-61c3fda110f1,web,1,48.6,19.55,2025-09-20T13:51:21.058567
2c84fc46-794c-4702-9a71-ef3edcdd25bd,e83d5e91-42bc-417b-be08-af280ea86d5d,ca3df109-0f94-4c65-bb50-5e247fa97614,web,3,1061.64,8.97,2025-06-05T13:51:21.058592
34ad079a-ba0a-44a5-b878-ed01f28f0f4f,f4898991-6e86-4b9c-a7fe-2cff54efe3ea,457d9d38-588b-41ff-8c67-d7258b51a8e6,mobile,1,416.4,0.94,2025-07-19T13:51:21.058608
1bd73ec2-ba19-4a33-b71c-a0b6994fb516,0cfd5607-d58f-4d81-9835-b178d717b015,1890b36f-a137-41e5-b5ed-1d9d565c4bd0,store,3,76.68,6.15,2025-08-29T13:51:21.058626
f59b5ee2-2f06-4a6b-a12d-1ff2e18e8705,7a2c8513-4c58-41e2-a436-bd6a6a91e982,6eae25b5-bfd1-445a-b0d8-86e5ef9604a3,web,3,1437.06,7.13,2025-05-24T13:51:21.058638
f5b17cf4-c5d3-449e-95a4-71dc6806352d,4f8976eb-b7a7-407e-a978-81c6b0ca8ebc,053f89ae-21b6-4267-baf4-f4be573d366f,mobile,4,284.6,14.87,2025-07-19T13:51:21.058650
14fec78b-72ed-4d77-b355-ca4920f8a6f6,6a7d4a2f-a923-4761-be81-fe7f573a5848,a0de6626-305c-473f-946f-bec5e72fa2b2,web,1,367.56,7.13,2025-08-22T13:51:21.058662
19e65444-11bc-4e62-b35f-7a72edcea031,eeba25c3-bc51-40f2-ad4f-d841787e2823,2341a1b6-ca76-4973-ad2e-4a906f9fd51d,store,4,470.4,5.79,2026-01-03T13:51:21.058678
9dd560a1-7eef-4f85-bdc7-29ac582b6ea8,26f752ae-cb28-42e6-8109-575dcebe96fb,56ad6e1f-0691-4acd-a3de-c8da072e3963,web,1,146.15,9.77,2025-10-27T13:51:21.058691
f1d7d83d-9a87-40da-a8a5-2e5059745791,934582b4-4335-41ae-8710-77f29f6f6c81,cbf743b9-e903-4a26-825c-7bde33e1d82c,web,2,746.7,10.6,2026-01-06T13:51:21.058716
57843a79-cda1-4734-ab50-ae12aadf988a,5346484c-2d6c-4d8b-abc1-1949a60165bb,1890b36f-a137-41e5-b5ed-1d9d565c4bd0,web,1,25.56,4.79,2025-04-28T13:51:21.058735
18625c94-c059-4b6a-874c-10379d914fa6,def31f26-998a-4ab5-805e-1a02aac4ed26,1791a541-fe39-430b-9626-a24acd85e08e,store,5,1358.6,18.73,2026-01-12T13:51:21.058747
f06eddda-a1d1-44a6-9ac6-7fe20ae24dfa,cc6dc755-3bcc-4846-adc8-a43fc84f193c,0e9c5cdb-187a-4121-93cd-cd24adc53bc4,web,5,563.25,16.24,2025-07-16T13:51:21.058760
ea40407b-d0eb-4ae0-a5bb-9b2c364ee4ad,58baa912-a1cf-4bb6-a3ac-cdfccf1ec74b,d5ee97fe-7203-4277-a432-29e8207ec8be,store,3,157.77,10.87,2026-01-16T13:51:21.058771
2cde3147-9e61-4ae5-9e25-3d70e8e6b158,1234b85a-6c0e-42b9-8953-1aa40eca3434,79634690-8c5c-4240-8205-82b10c85c886,store,3,969.93,3.68,2025-07-05T13:51:21.058792
c6a26c87-90f3-4e1e-9225-945d6ec92e77,6b9384d5-4658-499e-aa0e-261e25506abf,d5ee97fe-7203-4277-a432-29e8207ec8be,web,3,157.77,8.9,2026-01-13T13:51:21.058811
c807a91d-3bcb-44ff-beaa-b8ef3859a722,ac9e9fa2-9a9f-4abb-bf77-bce10aeed1be,e68cd9b3-0f66-4719-b9c8-10a5e0acfc32,web,3,1287.3,18.53,2025-05-12T13:51:21.058823
80d818fe-d87b-40dc-a8a9-2b6e0c126a4d,b1b3cebd-4a2a-433a-8058-12a34df6a3b3,6eae25b5-bfd1-445a-b0d8-86e5ef9604a3,web,4,1916.08,2.03,2025-07-27T13:51:21.058834
4390a361-f0fa-49d6-b8bd-e4963dcc69e2,cfa50b22-dd88-4144-a163-40e5f68f236a,08cb9e44-2170-4369-9ab2-a47e52847e6c,mobile,3,351.36,9.57,2025-09-10T13:51:21.058849
0273d434-75ac-44d0-94a0-14d5c83be498,bbc3ffc3-639e-44b8-bab5-4f66ba758fd7,a47d64f7-a098-44b9-8c64-05a8c978779f,web,4,1223.28,14.7,2025-08-04T13:51:21.058862
eb0cb965-b602-498a-84d3-1e3ae0dc7ee7,e55e95ef-f1cb-40bc-bc2a-bed8e28fabad,1308f602-c166-4cdc-868a-0b4938053d4d,store,2,64.88,11.78,2025-06-16T13:51:21.058882
121b4e62-6e6f-40f5-a725-df9b772b0d46,ade7f931-425a-4ac1-9ba5-fb56ea154a33,053f89ae-21b6-4267-baf4-f4be573d366f,store,2,142.3,2.73,2025-12-29T13:51:21.058909
48cf741a-fff6-48c3-97b8-774aba7fb484,302fe327-d775-409b-8012-a97df34b403d,2341a1b6-ca76-4973-ad2e-4a906f9fd51d,mobile,3,352.8,15.88,2025-10-05T13:51:21.058922
d8ba0fde-071f-44e9-b7c8-f0923ef67947,3446f091-304c-48ee-8228-02b3d1c875dc,457d9d38-588b-41ff-8c67-d7258b51a8e6,mobile,1,416.4,11.5,2025-06-07T13:51:21.058934
4c35700f-9ce6-4c14-87c9-a136e0a08554,3226488b-4d5b-4e5c-b1a2-eb3197174b97,cbf743b9-e903-4a26-825c-7bde33e1d82c,web,1,373.35,10.65,2026-02-17T13:51:21.058946
dbc496eb-b329-4981-9e49-7c5a648c1b33,cd4bae82-f1c1-4249-b9de-54fb8ee5a56a,457d9d38-588b-41ff-8c67-d7258b51a8e6,mobile,4,1665.6,0.34,2025-12-20T13:51:21.058961
80a909a9-f0bb-48cb-a6dd-86b8fb9e370c,d3dcaad1-9e4d-4862-b064-aa7e02b5f7a7,6eae25b5-bfd1-445a-b0d8-86e5ef9604a3,web,3,1437.06,14.09,2026-01-22T13:51:21.058988
1f1298e7-fd74-4863-9427-5c9ad713797c,9250bcb7-8e85-4859-9210-77e4d80ea8af,e68cd9b3-0f66-4719-b9c8-10a5e0acfc32,store,5,2145.5,3.4,2025-11-18T13:51:21.059015
5cfaed90-ba5a-4d1e-b5da-288147950a8c,89d1cd9f-53a3-4cb9-8d4c-783ca398d230,1308f602-c166-4cdc-868a-0b4938053d4d,mobile,3,97.32,5.95,2025-07-26T13:51:21.059027
053642cf-eed5-4bde-b8c2-58bdf6925a6f,0187210b-941d-4bad-b587-443bb52be2a0,7df8e284-e832-44a7-94ef-f17a4e5da9d6,store,5,448.45,3.41,2025-10-08T13:51:21.059040
a4eb3436-7190-4ef9-907a-0c529e26cc16,48186108-5140-477d-8d9c-59cf0f3db172,321b80eb-c6e9-42e0-a6f5-86598247acd3,mobile,4,1171.56,14.2,2025-10-29T13:51:21.059060
39652f40-e9d9-4452-82cd-1ff395de218f,0243414e-22d6-4838-af16-077df8d8686f,1791a541-fe39-430b-9626-a24acd85e08e,mobile,2,543.44,2.22,2025-07-24T13:51:21.059087
d4f339cd-f477-4a9e-beff-f3759fe9129e,8c0ec5af-151e-4280-ab18-606cae2ad64a,69b6bb4a-cfaa-4878-91ae-e146f31c1955,web,2,683.14,8.82,2026-02-01T13:51:21.059107
29cf4fe0-1f06-4573-80f4-62ec3c210662,ecf80b21-a29e-48cc-aeed-993c3d386c46,7df8e284-e832-44a7-94ef-f17a4e5da9d6,mobile,5,448.45,17.94,2025-06-08T13:51:21.059119
8d572d38-f0f9-4310-9ff4-a9c6f4b45378,a177a8f2-78cc-4b69-8423-50b9e3c5cb7e,d5ee97fe-7203-4277-a432-29e8207ec8be,mobile,2,105.18,10.81,2025-11-13T13:51:21.059139
e45ac0ae-069c-44b5-8326-7193badd3ebd,a8448f61-5b18-4c98-82b9-083ed705ce61,f1f6542b-4b3f-4e65-8d9a-766c8d57ad72,web,1,321.48,18.52,2025-08-22T13:51:21.059174
a501975c-e983-4652-83b3-6716c7dba5a5,0187210b-941d-4bad-b587-443bb52be2a0,1791a541-fe39-430b-9626-a24acd85e08e,store,3,815.16,16.22,2025-12-02T13:51:21.059204
25cb014d-f945-471d-b90f-0a0e6a23a9f3,3226488b-4d5b-4e5c-b1a2-eb3197174b97,a47d64f7-a098-44b9-8c64-05a8c978779f,store,2,611.64,15.21,2025-09-10T13:51:21.059230
dc9c33c7-39ec-4663-ab36-e2824745df66,d926ac6a-7059-48e3-9158-1d17c4eddd09,1791a541-fe39-430b-9626-a24acd85e08e,web,4,1086.88,1.66,2025-07-22T13:51:21.059258
402d121b-f49a-4cc8-8e5d-7d777fea9855,9c8a22ec-7e5f-474b-8e85-d6b34aea9e24,56ad6e1f-0691-4acd-a3de-c8da072e3963,mobile,1,146.15,10.06,2025-12-29T13:51:21.059283
27dcb297-263c-4a04-ae0b-1b97087ffb44,f4c7a126-7279-4bb5-95c4-573c4e1d70c9,e19c753d-318c-4edb-b565-fc406c99c72c,web,5,981.25,11.56,2026-02-16T13:51:21.059308
40f6e65b-6e90-477c-babf-2bda25d86232,cf767ff6-17c9-4be0-a435-939dd95f7f2b,ca3df109-0f94-4c65-bb50-5e247fa97614,store,5,1769.4,18.91,2026-03-06T13:51:21.059336
a84ad532-198e-458c-bd34-96f1464e073f,897ea419-5205-4856-81b1-ab4a07c658a1,2341a1b6-ca76-4973-ad2e-4a906f9fd51d,mobile,1,117.6,15.9,2026-04-04T13:51:21.059362
2423e705-dab9-4bac-b938-414188b70672,d9b7e479-7962-472f-9f45-ed44bb42d6aa,2341a1b6-ca76-4973-ad2e-4a906f9fd51d,store,2,235.2,9.36,2026-02-21T13:51:21.059386
17265d33-6044-4f38-8d06-0485131f9a64,bbf4fb26-a349-4c99-9c94-8531baf2a4e2,321b80eb-c6e9-42e0-a6f5-86598247acd3,mobile,3,878.67,17.23,2026-01-30T13:51:21.059412
5cc3d846-0add-4967-ae2d-7e58802744fb,78db3675-7801-4394-8e2b-4f1fde6f6636,e19c753d-318c-4edb-b565-fc406c99c72c,web,5,981.25,16.46,2025-12-30T13:51:21.059439
968f9917-552e-4c94-92e1-0f1c15192fa8,a7b1d04c-20b3-4043-8752-459a280b14a5,1890b36f-a137-41e5-b5ed-1d9d565c4bd0,mobile,3,76.68,15.02,2025-07-31T13:51:21.059464
48fd41cc-c080-4f6a-97d0-dd640b43863f,b1eda297-b5e3-4a00-a11a-293f57da976d,7df8e284-e832-44a7-94ef-f17a4e5da9d6,store,1,89.69,3.9,2025-05-08T13:51:21.059485
c38f80d4-7342-4129-b5e1-b7fdcdede1c3,2c8ea884-611e-4c1c-8bfc-fb572f76ea57,f6df0b45-6106-42d3-8c75-195d0ad4baee,web,1,388.79,11.51,2026-02-12T13:51:21.059497
1dc0eb32-50f6-429e-90a8-025eb5dd44ae,706c92b2-4312-41a5-af08-065360ef288d,1890b36f-a137-41e5-b5ed-1d9d565c4bd0,mobile,1,25.56,2.51,2025-12-09T13:51:21.059538
9a853971-d6d4-4f5c-a8ec-8509efc18d18,51b8c361-d3b7-4bfc-a0c5-c15b2fc0a697,0e9c5cdb-187a-4121-93cd-cd24adc53bc4,mobile,3,337.95,17.32,2026-02-06T13:51:21.059568
29e457e9-da42-42e0-8a78-223abcb229c5,0243414e-22d6-4838-af16-077df8d8686f,28de6b67-c5da-4fd9-9ae6-64f199eb885d,web,2,609.96,11.48,2025-09-09T13:51:21.059589
95f34133-010c-4948-b0cc-1142e1084746,c70ee112-9a4d-4c51-ada6-a3963b225e9c,1791a541-fe39-430b-9626-a24acd85e08e,web,3,815.16,17.11,2025-07-16T13:51:21.059602
630dca5f-8fbf-4836-8f26-3cfbea36c93b,c0f89555-5fe2-4ced-8b60-e35e96e39987,28de6b67-c5da-4fd9-9ae6-64f199eb885d,store,1,304.98,1.22,2025-11-21T13:51:21.059614
57629891-5d20-40d8-b064-32b56bc2f02f,e0218eae-26bc-40f7-820b-69b7e7a384a5,053f89ae-21b6-4267-baf4-f4be573d366f,store,2,142.3,4.13,2025-04-15T13:51:21.059626
b1f54997-147a-463d-b6ca-7114a4af15f9,31264419-8df5-4371-9e63-b5b749b128fe,457d9d38-588b-41ff-8c67-d7258b51a8e6,web,5,2082.0,7.58,2025-08-04T13:51:21.059638
d63bff4b-771d-419e-9278-171c76275c25,03cd349e-dd04-4d46-a08f-6b40026ac251,542e404c-f975-45bf-b793-249b8d15665d,web,4,429.68,13.8,2026-03-06T13:51:21.059649
925fba5d-e0cf-4e18-92bd-481a512adae9,4b8e09cb-caba-44f2-a067-285da4e537ef,f6df0b45-6106-42d3-8c75-195d0ad4baee,web,5,1943.95,7.06,2025-12-11T13:51:21.059665
d1e7cc7d-2d64-4c52-8b7a-a53ff6082a94,4ec84b5f-b09d-47ae-b377-aa007382cd8e,69b6bb4a-cfaa-4878-91ae-e146f31c1955,store,1,341.57,10.89,2025-05-30T13:51:21.059679
b4a360f3-d564-4302-99e8-54af8d174b70,596f31a6-fa4a-4f78-b82d-1c50602c82ff,e19c753d-318c-4edb-b565-fc406c99c72c,mobile,1,196.25,19.11,2025-10-10T13:51:21.059692
b5916449-5535-4c23-a614-53960a2101bf,1730f2ee-7c94-409e-87b9-9e4384fc7de1,bff07f43-24a8-4d20-b9e9-6cac1ecce307,store,1,60.07,17.22,2025-05-17T13:51:21.059706
3ea105f5-c399-4b81-86d7-27c235ea9bb6,3436f083-badb-42e6-b67e-49a63fe80587,1308f602-c166-4cdc-868a-0b4938053d4d,store,2,64.88,11.36,2025-06-20T13:51:21.059718
f05f60ef-ecc9-4c60-95bf-d9d70910db8f,0179c606-5228-495f-bf48-438074367fba,6c37ac7c-22fb-489b-9e12-ba964446997b,store,1,443.86,5.8,2026-02-23T13:51:21.059731
859d25f2-d625-4a4a-999c-6e003bf56ac8,4bc84d88-5090-4d9a-b9f2-9f3db59d8a27,944989d7-0474-4130-959f-c793bf62259e,web,2,238.72,9.43,2025-07-29T13:51:21.059742
7e40bfe6-b0ea-4e74-9804-45022036f405,ea4f8aeb-9ef4-46ca-953e-5e309b9171ca,7df8e284-e832-44a7-94ef-f17a4e5da9d6,mobile,1,89.69,11.89,2026-01-24T13:51:21.059755
4228dc9b-3c13-4919-9bf0-7314ea4431b5,e1269dc6-362b-4eb3-bbfd-898d81402a48,1308f602-c166-4cdc-868a-0b4938053d4d,store,4,129.76,18.28,2026-04-13T13:51:21.059767
8abc1a34-1820-4add-959e-d5ff3c39b15d,b237f9d5-60b3-45de-bbeb-f64d46377e62,24665074-3a11-4fcf-82f7-1d50a0b2580f,store,5,1909.05,16.14,2026-03-04T13:51:21.059778
52539e99-6a0c-434c-8329-e8a2a1595dee,213cdff4-524e-4003-8867-9e89d1f540f2,d5ee97fe-7203-4277-a432-29e8207ec8be,web,4,210.36,17.87,2026-03-07T13:51:21.059790
e05fd670-8f95-4acb-abe8-b2e2ac36c560,02653886-b18f-49d1-befb-1360de21e764,7df8e284-e832-44a7-94ef-f17a4e5da9d6,web,3,269.07,6.7,2025-05-26T13:51:21.059802
d525231b-5877-4850-a73a-2e916e9f2533,b7aaa865-e5ca-4a1f-8fc6-8ec0e327c3ba,053f89ae-21b6-4267-baf4-f4be573d366f,web,4,284.6,19.51,2025-12-01T13:51:21.059814
3f99195e-0e54-4931-abf2-688d8d62ba7e,47305be8-cd55-4cfd-9661-fe36f5f81ce5,28de6b67-c5da-4fd9-9ae6-64f199eb885d,mobile,1,304.98,11.2,2026-01-09T13:51:21.059828
98ef404f-44f7-4ebd-a71c-eca5d39e25b4,448a6e6d-f8d5-4ebc-bf46-f25be1b499c3,542e404c-f975-45bf-b793-249b8d15665d,web,4,429.68,5.28,2025-12-27T13:51:21.059840
f671f0cf-a79e-489a-a4ad-57b1597543ea,7854426f-3ba2-4c07-8849-e06fc12c1b12,e68cd9b3-0f66-4719-b9c8-10a5e0acfc32,web,2,858.2,18.67,2025-09-11T13:51:21.059852
3741f3d7-245f-426a-a1d6-d9d283a49419,4b8e09cb-caba-44f2-a067-285da4e537ef,08cb9e44-2170-4369-9ab2-a47e52847e6c,store,3,351.36,13.53,2025-05-26T13:51:21.059863
a1d15714-d820-4b48-adf8-b7f1348924b6,8290b56a-c317-4563-a6ed-d3324c017372,28de6b67-c5da-4fd9-9ae6-64f199eb885d,web,5,1524.9,11.84,2025-06-23T13:51:21.059874
a9ad1def-032c-40af-ab67-cf353c0eecd9,edcd837f-7b30-4f33-b321-66343954be91,56ad6e1f-0691-4acd-a3de-c8da072e3963,store,1,146.15,11.5,2025-06-25T13:51:21.059886
34e54c4f-1f1a-43dd-8081-304f5fe3b8e9,1bf5ec6f-1fb7-41ba-8561-83bd4b958e3f,e68cd9b3-0f66-4719-b9c8-10a5e0acfc32,store,4,1716.4,13.9,2025-09-22T13:51:21.059902
962ed69d-94af-4e31-8148-83527dc62053,6ca7f72e-570e-4750-8520-e4fb1d8434d1,79634690-8c5c-4240-8205-82b10c85c886,web,5,1616.55,10.11,2026-01-17T13:51:21.059914
376b36ca-f07a-4d34-8b9f-2110a2519f70,f1e85f7e-0df4-4232-b450-87ea70eaed9e,a47d64f7-a098-44b9-8c64-05a8c978779f,store,5,1529.1,15.31,2025-07-29T13:51:21.059926
df55676a-6dac-4237-8e55-8a87b3d29ccf,b7aaa865-e5ca-4a1f-8fc6-8ec0e327c3ba,905f2110-caca-46ad-b1fc-61c3fda110f1,mobile,3,145.8,4.74,2026-02-17T13:51:21.059945
d0fb90a4-60c1-47f2-8047-cd74ba2124d0,d71e8f1d-919c-4e14-a319-147952812e42,457d9d38-588b-41ff-8c67-d7258b51a8e6,web,5,2082.0,16.92,2025-08-26T13:51:21.059979
8f8690a7-9d88-419c-a75c-a6b19b0c8c55,bb4ef3c6-a55d-4ec2-9f3e-ed8bc693d9d5,7df8e284-e832-44a7-94ef-f17a4e5da9d6,web,3,269.07,12.84,2026-01-05T13:51:21.059992
3d7f54a9-13ba-4232-9240-f4391fca908e,b5e852ab-dc42-45d2-80ed-061b15e85082,17c1c99f-c424-420e-8868-5ab21bafe8e5,web,5,711.3,15.15,2026-02-13T13:51:21.060004
4b13f26f-c685-461c-8283-15f6ffd780ee,e599d142-71ea-4ee4-8680-b02ba12c7bd9,a47d64f7-a098-44b9-8c64-05a8c978779f,store,1,305.82,18.94,2026-01-02T13:51:21.060017
aab7b979-f877-4fd5-ba94-302b4c2490fb,4a9cb868-6695-4bf7-93f9-6f179ead9401,bdea1b76-1208-4a2f-b2e1-1aa8a5626500,mobile,5,1542.3,9.87,2026-03-13T13:51:21.060029
92afffb6-5f9e-4622-af5a-21b9ab860ab4,aec97b20-5ba5-49c5-825e-394baa6577c2,0e9c5cdb-187a-4121-93cd-cd24adc53bc4,mobile,4,450.6,7.18,2025-05-17T13:51:21.060041
8bbb88f7-3fe7-45a4-a845-615edd2b9212,cc6dc755-3bcc-4846-adc8-a43fc84f193c,6eae25b5-bfd1-445a-b0d8-86e5ef9604a3,store,2,958.04,5.68,2025-12-27T13:51:21.060057
3bf4c2ad-497b-4b90-b4a1-70289918af58,59734e6c-879e-4a68-86e6-a30c9e01f2a6,f1f6542b-4b3f-4e65-8d9a-766c8d57ad72,web,1,321.48,4.65,2025-12-08T13:51:21.060070
9a651878-2690-4dac-867c-df4a8de5b81a,edc763b9-98ed-4423-9fa2-d0b98da2d055,79634690-8c5c-4240-8205-82b10c85c886,store,5,1616.55,3.86,2026-02-17T13:51:21.060083
ffd81300-c83b-47ee-9fb2-c12b56765297,54e0fdd2-0846-4239-b960-d6e6580496ae,e68cd9b3-0f66-4719-b9c8-10a5e0acfc32,mobile,1,429.1,2.55,2026-01-10T13:51:21.060103
401578b4-71b6-406e-932b-01061fbd909f,ef8225e3-4aeb-459c-8242-fae62541926d,6c37ac7c-22fb-489b-9e12-ba964446997b,web,3,1331.58,18.48,2026-01-20T13:51:21.060126
9e9835f8-bce4-403c-9e13-f0fb31a57fec,13827467-0bd2-4e34-876c-8bb8ec7a0c88,9c0e36b8-29dc-48d8-9869-8d952c29dbdb,mobile,2,597.46,0.7,2026-03-03T13:51:21.060139
9348e770-dc5d-4055-8d98-244bf524cc71,fbce644f-c034-451d-a9da-e01919623f87,6c37ac7c-22fb-489b-9e12-ba964446997b,web,4,1775.44,0.15,2025-08-22T13:51:21.060155
5a137ecf-f163-4fb7-b20d-6748c06f8dc2,1317509d-d5f2-4937-b745-e8344d4b202a,a47d64f7-a098-44b9-8c64-05a8c978779f,web,1,305.82,14.15,2026-04-05T13:51:21.060167
dad85258-aad1-4c01-b819-d4060f88429f,17b5440a-a8df-4fd5-997a-0921ee427014,a47d64f7-a098-44b9-8c64-05a8c978779f,web,1,305.82,3.19,2025-06-30T13:51:21.060179
f3940788-2344-4900-bc97-1df02390757d,0710c154-efdf-49d3-967a-8e039d47a392,bff07f43-24a8-4d20-b9e9-6cac1ecce307,web,5,300.35,1.19,2025-05-21T13:51:21.060191
2621202c-cdb8-43a4-afb0-065cb58d5b21,c7d6cbcc-8efc-429b-a460-4d3d2147967b,053f89ae-21b6-4267-baf4-f4be573d366f,web,1,71.15,2.88,2025-05-26T13:51:21.060205
27fb3c30-f250-4d4e-bf14-58f9366e579e,70928f45-8f59-44f3-973d-95a5d8e1a0c7,168e2ef5-ab86-444e-ad38-6cbe82465e6a,mobile,4,360.24,14.6,2026-04-01T13:51:21.060218
2103d90c-4baf-4e1d-9e10-07974778a8a8,58baa912-a1cf-4bb6-a3ac-cdfccf1ec74b,0e9c5cdb-187a-4121-93cd-cd24adc53bc4,store,2,225.3,17.31,2025-09-28T13:51:21.060230
5ef1f42d-2e4e-4a15-9edd-2f54eb5e1b08,045d4675-4ee0-49ec-a9b1-1d1db855e831,e68cd9b3-0f66-4719-b9c8-10a5e0acfc32,web,2,858.2,7.46,2026-01-12T13:51:21.060242
1c20185f-1ccb-41ae-9a8c-c7265ef7000d,17b5440a-a8df-4fd5-997a-0921ee427014,053f89ae-21b6-4267-baf4-f4be573d366f,store,2,142.3,0.28,2026-01-11T13:51:21.060254
7e1b1e15-4134-411e-be7c-5fe88d2013b1,2720b663-694c-4910-8683-0abccd50e8d7,56ad6e1f-0691-4acd-a3de-c8da072e3963,web,2,292.3,2.16,2025-09-13T13:51:21.060266
863ffba1-0309-4dcc-b8ca-df0a61309ae5,d34b6e61-d1a7-4387-9cfb-0e7ab4e5d294,69b6bb4a-cfaa-4878-91ae-e146f31c1955,store,1,341.57,7.65,2026-01-07T13:51:21.060277
fb4834ae-29f5-43e7-a0f9-9655b74268c5,87554c20-10a5-4d5b-a814-26d32d96bfcc,08cb9e44-2170-4369-9ab2-a47e52847e6c,web,4,468.48,9.5,2025-12-26T13:51:21.060288
f4725cb3-e286-4296-b20d-9784515cc537,a217c9df-5a7e-43b6-a2e1-a6a71f171b05,168e2ef5-ab86-444e-ad38-6cbe82465e6a,mobile,4,360.24,13.06,2025-08-29T13:51:21.060303
782833d8-6918-44cb-a497-0133bab8bcef,f4898991-6e86-4b9c-a7fe-2cff54efe3ea,08f682e0-0949-4d7f-9c1a-36bb48342221,mobile,1,215.55,6.7,2026-03-30T13:51:21.060320
d81d09a2-477a-466d-93c2-05247a68332b,5ea34c47-e02d-45ce-bbe2-3ae31540f714,bff07f43-24a8-4d20-b9e9-6cac1ecce307,mobile,4,240.28,2.71,2025-09-15T13:51:21.060343
c270a48b-5455-4e19-9bae-e0cf5afb20c0,da6a2aa5-e06f-422f-a9d1-fb75cb459423,321b80eb-c6e9-42e0-a6f5-86598247acd3,mobile,2,585.78,11.67,2025-09-18T13:51:21.060356
c07fadf2-87b9-4210-9470-d68cf9302440,540330b2-5f16-49dc-872a-7e8b69278d22,457d9d38-588b-41ff-8c67-d7258b51a8e6,mobile,4,1665.6,6.26,2025-08-15T13:51:21.060368
a2c890f0-fbec-4ab3-bb10-9435250bd844,dd267d37-2603-4b70-afe3-80c93850b1f7,08cb9e44-2170-4369-9ab2-a47e52847e6c,web,4,468.48,6.67,2025-12-12T13:51:21.060384
23ee2271-95d3-4236-9993-6503be7caeb9,4ec84b5f-b09d-47ae-b377-aa007382cd8e,2341a1b6-ca76-4973-ad2e-4a906f9fd51d,store,1,117.6,4.32,2026-04-02T13:51:21.060411
0d26fdbd-6c3b-4945-990c-78cbab681f0b,e35fef50-cb52-412f-8c9d-fbe01e30d289,1890b36f-a137-41e5-b5ed-1d9d565c4bd0,mobile,2,51.12,9.03,2026-03-29T13:51:21.060433
56dee577-c969-4bb2-a8a8-6d10536df23b,7ccb849f-e106-4134-8160-f987f717c7de,1890b36f-a137-41e5-b5ed-1d9d565c4bd0,mobile,1,25.56,16.26,2026-01-01T13:51:21.060445
f31e0573-63c3-43d8-be21-adf2caa97fc6,cfa50b22-dd88-4144-a163-40e5f68f236a,944989d7-0474-4130-959f-c793bf62259e,web,5,596.8,13.1,2025-08-17T13:51:21.060457
cdbb179f-11a8-486d-8c3b-ad799927503e,17b5440a-a8df-4fd5-997a-0921ee427014,08f682e0-0949-4d7f-9c1a-36bb48342221,web,2,431.1,16.09,2026-02-13T13:51:21.060468
899e9763-2c98-409b-8dba-de15bc56577f,caf9ba8e-9dd9-4b84-8f45-aaf06185a794,905f2110-caca-46ad-b1fc-61c3fda110f1,web,3,145.8,19.98,2025-09-19T13:51:21.060482
a38df27a-dab9-439f-b268-4aba882bd48e,e20398c7-b82b-42e3-9336-71ccbdfea714,2341a1b6-ca76-4973-ad2e-4a906f9fd51d,web,2,235.2,9.48,2025-07-09T13:51:21.060495
a5eda6c9-cfa7-4804-a88b-5fce6dbc3f72,01af8a00-d406-447f-b3dd-975ce21b49ec,7df8e284-e832-44a7-94ef-f17a4e5da9d6,web,3,269.07,8.14,2025-11-10T13:51:21.060524
fb539cbd-0857-4807-84f6-2c38c58282f7,ed724f87-0665-460b-a58e-8e84c942f5a5,6eae25b5-bfd1-445a-b0d8-86e5ef9604a3,web,3,1437.06,3.67,2025-11-16T13:51:21.060556
99d04875-0227-41c4-9873-c898d7117fc8,25f511db-8e77-4fc1-b6e3-9e44765a64bb,1890b36f-a137-41e5-b5ed-1d9d565c4bd0,web,4,102.24,6.85,2026-04-08T13:51:21.060577
06db977a-ecd6-43e8-b158-b69d9f914df0,b99c3e55-f199-4dc5-b146-d6358e2b84b5,a47d64f7-a098-44b9-8c64-05a8c978779f,mobile,1,305.82,18.28,2026-02-02T13:51:21.060589
0c72d09b-cc0f-4f37-829a-3feb7333a818,9fbdd83e-1473-4d7d-88eb-05463f65126d,cbf743b9-e903-4a26-825c-7bde33e1d82c,store,5,1866.75,14.84,2025-11-27T13:51:21.060601
ad1d475c-0766-44f8-9862-d72e8e9ffdc3,6f391870-9416-4da1-a5a1-4a2f0be76e0e,0e9c5cdb-187a-4121-93cd-cd24adc53bc4,mobile,2,225.3,0.45,2025-10-05T13:51:21.060617
00f65ff7-d750-4d86-baf7-a940b8b26cdb,79f0c9f5-48e2-4825-9d7e-ccca692a8555,24665074-3a11-4fcf-82f7-1d50a0b2580f,mobile,4,1527.24,7.06,2025-05-22T13:51:21.060630
4793571f-8134-423b-ba13-2d49a18f7263,f4a16aad-10c8-456d-a7e3-f8f2fd704455,6eae25b5-bfd1-445a-b0d8-86e5ef9604a3,store,2,958.04,1.58,2025-08-18T13:51:21.060647
46784a91-f8da-4bb8-85a8-77ee7cbb70f0,90a4a608-cd97-4173-87a3-ad27a512c33e,053f89ae-21b6-4267-baf4-f4be573d366f,mobile,5,355.75,2.68,2026-04-03T13:51:21.060659
56440aba-3af7-4466-87e3-790475a8dbd5,1ad8fec9-6f2f-465b-85b5-6d9a98406fce,6c37ac7c-22fb-489b-9e12-ba964446997b,mobile,3,1331.58,7.02,2025-06-20T13:51:21.060671
796d96ec-acf6-442d-aafd-a4d56e899030,8040cbdd-63a5-4643-98aa-2a7670be6024,944989d7-0474-4130-959f-c793bf62259e,web,2,238.72,11.5,2026-02-20T13:51:21.060683
fe4943ed-f616-4a7b-aec7-e174985f3953,e20398c7-b82b-42e3-9336-71ccbdfea714,905f2110-caca-46ad-b1fc-61c3fda110f1,web,5,243.0,3.41,2025-06-22T13:51:21.060694
3de70b70-1e59-4632-a5d9-c94013a38d47,87554c20-10a5-4d5b-a814-26d32d96bfcc,168e2ef5-ab86-444e-ad38-6cbe82465e6a,store,4,360.24,14.65,2025-04-21T13:51:21.060713
a9139622-2442-4add-8557-0b9256d16ff9,efea988a-5ab4-4061-a010-1c03b054328b,168e2ef5-ab86-444e-ad38-6cbe82465e6a,store,4,360.24,11.12,2025-12-06T13:51:21.060741
97f4e797-43c1-4cd7-b95a-1db67b19ccf9,5ea34c47-e02d-45ce-bbe2-3ae31540f714,bdea1b76-1208-4a2f-b2e1-1aa8a5626500,web,4,1233.84,9.27,2026-02-10T13:51:21.060769
e9d44371-1a5b-4d21-9eff-00e04912226d,dd267d37-2603-4b70-afe3-80c93850b1f7,79634690-8c5c-4240-8205-82b10c85c886,store,5,1616.55,6.24,2025-07-20T13:51:21.060788
16015545-8bf0-4c47-b22e-da6bc31b0db2,400b741d-0ca0-45d6-8523-573617fee653,cbf743b9-e903-4a26-825c-7bde33e1d82c,store,5,1866.75,16.42,2025-12-18T13:51:21.060800
4fb008ce-aca3-4c48-be24-c1db4a468e48,58baa912-a1cf-4bb6-a3ac-cdfccf1ec74b,1890b36f-a137-41e5-b5ed-1d9d565c4bd0,mobile,5,127.8,0.65,2026-02-18T13:51:21.060814
85944375-90c0-4e6c-ab7f-983cb64fa2bf,bbc3ffc3-639e-44b8-bab5-4f66ba758fd7,2341a1b6-ca76-4973-ad2e-4a906f9fd51d,store,2,235.2,6.02,2026-03-03T13:51:21.060829
a2dda3a0-b34d-46e6-8f99-8e375606b842,03e7d570-d942-42d5-972f-7ff8aca4fe7e,f6df0b45-6106-42d3-8c75-195d0ad4baee,web,5,1943.95,7.86,2025-07-19T13:51:21.060844
25392965-ea2b-41d4-a024-96bde8ec5ace,72595032-530c-40ee-b0f0-4ba91d52b77a,542e404c-f975-45bf-b793-249b8d15665d,web,2,214.84,5.57,2025-10-31T13:51:21.060858
93ed156b-d02a-4a11-9753-0444466f8083,32ffa999-0fab-4f21-8377-940aa0f754eb,bdea1b76-1208-4a2f-b2e1-1aa8a5626500,store,4,1233.84,18.89,2025-11-28T13:51:21.060870
a0caabf4-f172-42a1-9820-7ed9ae1e07b2,b0a631a6-9bfd-4a8c-8c49-40dba41cc45c,bdea1b76-1208-4a2f-b2e1-1aa8a5626500,web,2,616.92,11.48,2026-02-14T13:51:21.060883
126f6b95-2831-488c-842a-af6ef1ad7854,a18309c4-a283-406a-9f8a-e402aa32ac66,e68cd9b3-0f66-4719-b9c8-10a5e0acfc32,store,3,1287.3,3.75,2025-11-26T13:51:21.060900
214974fd-ef4c-4c85-839f-c6f1ce385b69,63c5d37e-dcd5-4139-8a69-7e16620a0f45,79634690-8c5c-4240-8205-82b10c85c886,web,2,646.62,3.99,2026-03-13T13:51:21.060913
04d9d6e4-f1a1-4db1-aae3-b4899c566d26,a91646c9-5f67-4156-b4d0-21a050b6575c,ca3df109-0f94-4c65-bb50-5e247fa97614,store,2,707.76,18.05,2026-04-08T13:51:21.060925
3e535281-d3e2-48e0-b44b-2be948642e98,448a6e6d-f8d5-4ebc-bf46-f25be1b499c3,56ad6e1f-0691-4acd-a3de-c8da072e3963,web,2,292.3,0.41,2026-04-14T13:51:21.060938
b061cf1a-8120-4fac-bd5a-f3985a5c67f4,aec97b20-5ba5-49c5-825e-394baa6577c2,1791a541-fe39-430b-9626-a24acd85e08e,store,4,1086.88,14.88,2025-12-09T13:51:21.060950
4003c525-7cbb-44eb-b8b6-6e4f8bb8ac02,0a3c7b2d-e015-4c8e-aa15-0904eea35e94,7df8e284-e832-44a7-94ef-f17a4e5da9d6,web,2,179.38,12.24,2025-06-16T13:51:21.060962
e0223653-3845-4511-b779-b3a605d5e830,5e7d9c86-0812-4f35-9b4d-2df0f399a1dd,1791a541-fe39-430b-9626-a24acd85e08e,mobile,5,1358.6,19.99,2025-06-27T13:51:21.060975
07bb97a1-29ad-4b1b-85a9-f188699cdc3a,d59d067c-81ef-43c0-8749-a85d38c15ba1,11d7b21d-825c-442e-8c20-a64d4de4dd3c,web,1,57.38,0.46,2025-09-20T13:51:21.060988
02094b89-42d5-4158-9b84-f79fef6777b4,f65d479b-25d8-4802-84c9-42567ffe5a6e,1890b36f-a137-41e5-b5ed-1d9d565c4bd0,mobile,4,102.24,12.56,2025-06-29T13:51:21.061005
7377270b-2992-43ee-ba2d-218810eff5b6,3436f083-badb-42e6-b67e-49a63fe80587,bff07f43-24a8-4d20-b9e9-6cac1ecce307,store,2,120.14,4.03,2025-04-30T13:51:21.061026
7a12e038-6146-49d5-8854-c9b7d3f04317,893a1913-8bbc-4c49-821a-1dc2aff85261,168e2ef5-ab86-444e-ad38-6cbe82465e6a,mobile,5,450.3,14.33,2025-08-23T13:51:21.061040
0a6f0af4-f201-4008-a615-12c7c34cf8df,1bf5ec6f-1fb7-41ba-8561-83bd4b958e3f,1308f602-c166-4cdc-868a-0b4938053d4d,mobile,1,32.44,6.74,2025-07-12T13:51:21.061053
8b26d4a4-6486-4324-9604-9f02e5657527,853320e2-2a2e-4c3f-adc1-dda36244a5bf,1890b36f-a137-41e5-b5ed-1d9d565c4bd0,store,5,127.8,20.0,2025-09-10T13:51:21.061065
30a2a825-0b42-4927-90ec-95e9a97d892d,d6ffbccc-f1ed-4c8d-bc34-01a57153c74b,bff07f43-24a8-4d20-b9e9-6cac1ecce307,web,1,60.07,18.43,2026-03-21T13:51:21.061077
f937627f-feb4-4a25-ac3c-8b98982f2776,05936011-9e61-41c0-bc67-638eee4f08eb,bdea1b76-1208-4a2f-b2e1-1aa8a5626500,web,3,925.38,4.98,2025-04-30T13:51:21.061093
fb3ac929-663b-48b3-8f93-988f6ccffdb4,b9412933-cb49-4456-9667-7033dbd70b97,08cb9e44-2170-4369-9ab2-a47e52847e6c,web,2,234.24,18.59,2025-08-30T13:51:21.061106
08e895af-2ddf-4a90-a731-e8c5974e3206,be029ce5-cd24-42ad-8779-03ff5f9f714b,1890b36f-a137-41e5-b5ed-1d9d565c4bd0,mobile,3,76.68,12.08,2026-02-27T13:51:21.061118
fd83ef6f-74a6-464a-b79d-c9f3b244d276,325a16f2-810b-43e0-b3fa-e2d5e3c13093,321b80eb-c6e9-42e0-a6f5-86598247acd3,mobile,3,878.67,2.83,2025-10-29T13:51:21.061131
888ddc47-3a0f-4d60-992a-acefccddaed9,51b8c361-d3b7-4bfc-a0c5-c15b2fc0a697,053f89ae-21b6-4267-baf4-f4be573d366f,web,2,142.3,12.72,2026-04-06T13:51:21.061143
d5d32a92-bea9-4ed8-aa82-ebf3d1e57a31,f36fccea-2534-4b79-a552-2ebb363bad1a,79634690-8c5c-4240-8205-82b10c85c886,web,1,323.31,6.48,2025-10-12T13:51:21.061159
d4dabd2b-66e1-4743-82fc-fc83a10aca7c,124fdab2-2639-4150-91cf-625e1a170d06,a47d64f7-a098-44b9-8c64-05a8c978779f,web,4,1223.28,8.93,2025-09-17T13:51:21.061171
7ef4fca1-0997-4d07-829e-8eea7ebb8bf7,dd438a1f-d050-4e92-8063-444c9b52b2e1,2341a1b6-ca76-4973-ad2e-4a906f9fd51d,store,5,588.0,5.67,2025-06-14T13:51:21.061184
0299c83a-c6ed-420c-a304-1dbd05c4c389,4ed250ce-f2f6-4095-b960-f4cc057f1d8f,a47d64f7-a098-44b9-8c64-05a8c978779f,store,4,1223.28,2.97,2025-09-06T13:51:21.061199
9c58e5d6-4cc3-4e4c-afe3-0d8de052bed7,2e1846b9-5efb-4df6-9fa0-b8de321d8ce9,08cb9e44-2170-4369-9ab2-a47e52847e6c,web,1,117.12,5.34,2025-07-08T13:51:21.061213
f522c130-378e-4b1f-aa88-3866873e508f,def31f26-998a-4ab5-805e-1a02aac4ed26,cbf743b9-e903-4a26-825c-7bde33e1d82c,mobile,2,746.7,18.2,2025-04-19T13:51:21.061224
ee759442-c8a0-4daf-8316-5d8e42467ebb,c67dbd8e-a7b0-4c75-9187-a42663b4bdf6,bdea1b76-1208-4a2f-b2e1-1aa8a5626500,mobile,2,616.92,4.45,2026-02-04T13:51:21.061237
db7eccf3-28b2-43f1-afed-94361d656b70,6f391870-9416-4da1-a5a1-4a2f0be76e0e,a0de6626-305c-473f-946f-bec5e72fa2b2,store,1,367.56,2.81,2026-01-29T13:51:21.061249
a4bfcbc4-ea65-4f5d-b447-6250b7080213,82c6b92a-eacb-45ed-b8c3-430b0d490459,6c37ac7c-22fb-489b-9e12-ba964446997b,store,5,2219.3,5.24,2026-03-11T13:51:21.061262
6e45aad6-aeab-41da-887e-f9d9fae43357,319b258d-67c6-4fda-93e9-f3a9fa80bcf2,542e404c-f975-45bf-b793-249b8d15665d,store,4,429.68,12.74,2025-12-20T13:51:21.061273
6c679a68-d1fe-4014-8448-c257390c5745,6348aef4-0c22-4f32-82aa-af99e49beca1,e68cd9b3-0f66-4719-b9c8-10a5e0acfc32,web,3,1287.3,6.89,2026-01-24T13:51:21.061286
683724cd-fa41-42c7-8d70-ebe718470bd5,8290b56a-c317-4563-a6ed-d3324c017372,cbf743b9-e903-4a26-825c-7bde33e1d82c,web,1,373.35,3.19,2025-11-16T13:51:21.061298
a167ebd0-03b5-4c39-925d-20dafa60e80f,f4a16aad-10c8-456d-a7e3-f8f2fd704455,17c1c99f-c424-420e-8868-5ab21bafe8e5,mobile,2,284.52,6.64,2025-07-07T13:51:21.061310
92a2c231-ad59-4e5e-8503-6aebdd5f0271,ef8b891a-8f31-48c0-87ec-dd90e192da22,28de6b67-c5da-4fd9-9ae6-64f199eb885d,mobile,4,1219.92,3.53,2026-03-11T13:51:21.061322
9883e88f-4222-45db-91f5-2ab7640b3fa5,c1207f04-88b4-4471-845c-87ac01dd5ff3,905f2110-caca-46ad-b1fc-61c3fda110f1,web,3,145.8,5.74,2025-06-30T13:51:21.061334
efb1a7ec-bd9c-4488-be4e-9c07115c6243,0128dff7-59f2-4242-8cbc-aa2fd07f13b8,f6df0b45-6106-42d3-8c75-195d0ad4baee,web,1,388.79,9.29,2026-03-30T13:51:21.061348
fb57dc6f-3233-43e2-b40c-91581083a772,d8485234-37db-4394-ae90-cbf6891d00c3,6eae25b5-bfd1-445a-b0d8-86e5ef9604a3,store,1,479.02,8.17,2025-12-01T13:51:21.061360
7fb6b2f6-a55f-48c2-bf0b-6ada3e5e7002,2e1846b9-5efb-4df6-9fa0-b8de321d8ce9,1890b36f-a137-41e5-b5ed-1d9d565c4bd0,web,2,51.12,10.45,2025-07-02T13:51:21.061371
70f40ba6-3e6a-4e98-9cdc-2c97e5f6668e,f034c227-4c36-4efd-aaf6-21c60e1aa1f6,1890b36f-a137-41e5-b5ed-1d9d565c4bd0,mobile,1,25.56,17.58,2026-03-01T13:51:21.061383
2329af39-18ea-4094-899f-3db251635d1f,57e6db98-be89-47c5-87f3-a3ff20643236,24665074-3a11-4fcf-82f7-1d50a0b2580f,mobile,2,763.62,14.7,2026-02-09T13:51:21.061394
a55fbdfb-6a6e-4b2b-8bd0-955cd7d6efed,78db3675-7801-4394-8e2b-4f1fde6f6636,e19c753d-318c-4edb-b565-fc406c99c72c,web,1,196.25,2.5,2025-10-18T13:51:21.061407
e5800958-1eb0-46e4-ad01-418f25b3ab8c,d2d0328c-6454-4cfc-8e07-f86be9061924,11d7b21d-825c-442e-8c20-a64d4de4dd3c,web,5,286.9,9.96,2025-10-06T13:51:21.061419
807b226a-2d8a-472e-ab33-47fe68fb232c,967a969f-428a-4ffe-ad7a-fb432d7496a2,e19c753d-318c-4edb-b565-fc406c99c72c,mobile,3,588.75,18.27,2025-12-22T13:51:21.061431
1a0c47ca-58c5-4f26-9363-4076cd7a1068,b1eda297-b5e3-4a00-a11a-293f57da976d,11d7b21d-825c-442e-8c20-a64d4de4dd3c,mobile,3,172.14,0.92,2025-10-02T13:51:21.061443
041dcc71-1c60-41d4-9165-24054e8006b9,cfe0b1a7-cd03-4d1e-93b0-3bbdd16f6a23,053f89ae-21b6-4267-baf4-f4be573d366f,store,2,142.3,8.38,2026-02-01T13:51:21.061460
08937026-cef4-4f1c-90cc-6e30bf3a0c74,0728b6c8-7eab-48c3-a4e0-0f8f8dbf95f8,053f89ae-21b6-4267-baf4-f4be573d366f,web,4,284.6,12.44,2026-04-03T13:51:21.061481
0deef097-fb0c-40ed-842a-07dc762ab742,ae851670-1c59-4e22-9edd-1d3d7b880e7c,bff07f43-24a8-4d20-b9e9-6cac1ecce307,store,1,60.07,14.38,2025-10-10T13:51:21.061498
74dabb70-c20d-47c8-b81b-756ea94181b6,4ec84b5f-b09d-47ae-b377-aa007382cd8e,56ad6e1f-0691-4acd-a3de-c8da072e3963,web,3,438.45,5.19,2025-08-07T13:51:21.061510
78b8d529-71f6-4176-8a1f-71bd39ac7737,3c0ec3bc-82a6-49b7-bc9b-7911b3f741a6,17c1c99f-c424-420e-8868-5ab21bafe8e5,store,4,569.04,19.98,2026-03-04T13:51:21.061544
4dc58800-f848-4b6a-8c2d-9597a2a6ea50,934582b4-4335-41ae-8710-77f29f6f6c81,9c0e36b8-29dc-48d8-9869-8d952c29dbdb,web,2,597.46,14.99,2025-11-04T13:51:21.061570
2aa01522-aef5-4f8c-a13e-a2018e07421e,4fea6d9e-f8ff-4426-9531-797cc03943e1,7df8e284-e832-44a7-94ef-f17a4e5da9d6,store,2,179.38,19.74,2025-09-26T13:51:21.061583
3fc61411-871d-4dca-bf12-3108a8aca174,4b8e09cb-caba-44f2-a067-285da4e537ef,f6df0b45-6106-42d3-8c75-195d0ad4baee,store,4,1555.16,18.7,2025-04-20T13:51:21.061596
981df28e-2718-4183-ba78-4e85c51d8f48,6c3db998-9cb9-4c30-9190-235dca95b547,f6df0b45-6106-42d3-8c75-195d0ad4baee,store,2,777.58,19.67,2026-02-08T13:51:21.061623
75c1dd3e-74ef-47cd-b86c-1081cccd403d,10699e3c-9f67-4108-a71c-a0918eaa3418,f1f6542b-4b3f-4e65-8d9a-766c8d57ad72,store,4,1285.92,10.21,2025-07-10T13:51:21.061636
69c37e89-989a-46a5-b7b0-d3f5cd25b63b,208aaec7-2bf9-4e14-a2fb-c77844abac7e,a47d64f7-a098-44b9-8c64-05a8c978779f,store,5,1529.1,9.34,2025-11-16T13:51:21.061650
e875d73b-1685-4acb-bfdf-9254f08bf4b5,4ef4042a-f263-4a37-919f-f91e554b9949,9c0e36b8-29dc-48d8-9869-8d952c29dbdb,mobile,5,1493.65,4.15,2026-03-16T13:51:21.061662
c1b513d6-1b92-4aad-bd96-09f4f79a20c6,b9accf07-4584-4144-9b58-f58271dc0b61,944989d7-0474-4130-959f-c793bf62259e,mobile,4,477.44,6.07,2026-02-19T13:51:21.061674
da8039b1-5ba3-4433-a7b8-811ba862ae9b,cfa50b22-dd88-4144-a163-40e5f68f236a,0e9c5cdb-187a-4121-93cd-cd24adc53bc4,web,3,337.95,4.71,2026-01-31T13:51:21.061687
7f824a12-c79a-4841-b35f-f96b08fa3762,3a9aea0a-65d8-411d-a515-5239f165ec5d,a47d64f7-a098-44b9-8c64-05a8c978779f,web,2,611.64,6.14,2025-11-09T13:51:21.061699
fee8d30c-00be-41fc-966c-6205c991b5e5,d5327b4f-92bb-47e0-8591-523fd0425dda,1308f602-c166-4cdc-868a-0b4938053d4d,web,5,162.2,3.02,2026-01-27T13:51:21.061716
39bd45da-0014-40eb-9fb5-e834431b27c6,897ea419-5205-4856-81b1-ab4a07c658a1,e19c753d-318c-4edb-b565-fc406c99c72c,mobile,3,588.75,15.02,2025-06-10T13:51:21.061747
e1b22d5a-4abf-4e43-8716-4ce65f4617ae,f147feb5-d760-42b9-978a-4c7d74aa903a,6c37ac7c-22fb-489b-9e12-ba964446997b,web,3,1331.58,0.34,2025-06-25T13:51:21.061769
47e41ea5-696b-4d3e-8cfa-c9a5ba65fee2,bd37825a-25ad-4b2f-969e-c624e095feb8,a47d64f7-a098-44b9-8c64-05a8c978779f,web,3,917.46,15.33,2025-05-21T13:51:21.061781
28681d0f-3131-4731-a185-b4790b320e67,b2f52649-2de7-4158-96f1-800ae16d25f0,ca3df109-0f94-4c65-bb50-5e247fa97614,mobile,2,707.76,1.61,2025-07-10T13:51:21.061794
089839ee-f746-4d44-9bc1-adfe6b248619,f3a49fd3-455a-4ac4-9d70-9cd8d52b0e4e,7df8e284-e832-44a7-94ef-f17a4e5da9d6,mobile,2,179.38,8.58,2026-04-14T13:51:21.061806
22a918e6-b321-4756-b72b-f3932ba695ab,0cfd5607-d58f-4d81-9835-b178d717b015,6eae25b5-bfd1-445a-b0d8-86e5ef9604a3,mobile,3,1437.06,15.78,2025-05-04T13:51:21.061817
3747d37c-bd01-48e8-b1ce-4e5cce815b1a,94b600f4-25f6-4f09-953a-1f6a8db7a88f,bdea1b76-1208-4a2f-b2e1-1aa8a5626500,mobile,2,616.92,10.34,2026-03-13T13:51:21.061830
a34c0b45-441f-4c09-a36e-1d17e1eda4ec,48939967-06c2-444f-bd14-4f7a500ae2cb,e68cd9b3-0f66-4719-b9c8-10a5e0acfc32,store,5,2145.5,8.1,2026-04-04T13:51:21.061843
375a6371-ee2d-4961-84b4-12c89f819204,0128dff7-59f2-4242-8cbc-aa2fd07f13b8,cbf743b9-e903-4a26-825c-7bde33e1d82c,web,3,1120.05,19.86,2026-02-24T13:51:21.061855
7631d88c-f2a2-4b29-9384-633cab606a5c,ea4f8aeb-9ef4-46ca-953e-5e309b9171ca,1890b36f-a137-41e5-b5ed-1d9d565c4bd0,store,2,51.12,3.92,2025-10-08T13:51:21.061867
75256858-bcc3-42ee-97f6-9bee31482ed3,660774c2-3e9a-4fb9-8a1d-efc23461f660,a47d64f7-a098-44b9-8c64-05a8c978779f,web,1,305.82,17.26,2026-01-10T13:51:21.061879
7380f81b-78b6-4b4b-a7b2-af7d0dfc899b,b9412933-cb49-4456-9667-7033dbd70b97,f6df0b45-6106-42d3-8c75-195d0ad4baee,mobile,1,388.79,14.88,2025-11-07T13:51:21.061891
d1e1fc1f-cf93-4df8-a081-9dfc1f921d90,a18309c4-a283-406a-9f8a-e402aa32ac66,e19c753d-318c-4edb-b565-fc406c99c72c,store,1,196.25,2.85,2025-12-14T13:51:21.061904
f91515a9-572b-402a-9334-b8920261c74c,63c5d37e-dcd5-4139-8a69-7e16620a0f45,bdea1b76-1208-4a2f-b2e1-1aa8a5626500,web,4,1233.84,4.05,2026-03-19T13:51:21.061917
243a1b86-bfe2-4018-a5ed-f98f70353c63,f6f84d4a-8f74-45a9-8dca-f2861185f737,ad1fb5ee-a91c-4991-9341-e395d2beecef,store,1,352.08,11.02,2025-06-15T13:51:21.061933
21363dab-a884-4f2c-858a-e6af9c69bf1c,8c0ec5af-151e-4280-ab18-606cae2ad64a,69b6bb4a-cfaa-4878-91ae-e146f31c1955,store,1,341.57,0.65,2026-03-01T13:51:21.061946
e06ea798-424c-4e8c-ad55-ee75f7f588f3,ce2cc2b4-d6d0-413b-9a29-38c333953cb9,56ad6e1f-0691-4acd-a3de-c8da072e3963,web,3,438.45,4.81,2025-08-15T13:51:21.061958
81b6d6c4-6a04-4371-adc8-7e80904d7b87,0187210b-941d-4bad-b587-443bb52be2a0,ca3df109-0f94-4c65-bb50-5e247fa97614,store,1,353.88,15.24,2025-06-18T13:51:21.061971
76759965-d353-4d7d-94d5-236330ceb933,4d822340-7e45-4eb3-a279-41f8e82e1084,e68cd9b3-0f66-4719-b9c8-10a5e0acfc32,mobile,1,429.1,15.15,2026-02-21T13:51:21.061984
c23eae7e-4f0b-4752-aba1-d7a8ca136e1d,81444fcd-e4cb-4181-9eb5-0f0c87ce0dd7,08f682e0-0949-4d7f-9c1a-36bb48342221,mobile,3,646.65,12.34,2025-04-30T13:51:21.061996
3bc86141-4e10-498f-ad26-de2b517b9f7b,0187210b-941d-4bad-b587-443bb52be2a0,69b6bb4a-cfaa-4878-91ae-e146f31c1955,web,5,1707.85,11.64,2025-12-04T13:51:21.062007
cbec4ea5-f224-494d-8364-2ed60ffbfbe7,5bf4583e-b845-45d7-884b-2881ba288b9d,7df8e284-e832-44a7-94ef-f17a4e5da9d6,store,5,448.45,18.43,2025-10-29T13:51:21.062019
0b5421db-41bb-4860-a99f-0118d5681981,f6449f19-458b-444b-b1c6-fdab5901ee7d,28de6b67-c5da-4fd9-9ae6-64f199eb885d,store,1,304.98,6.81,2025-12-31T13:51:21.062031
4319a3c1-db38-4644-b07e-882250a8396a,897ea419-5205-4856-81b1-ab4a07c658a1,1791a541-fe39-430b-9626-a24acd85e08e,web,2,543.44,0.45,2025-04-19T13:51:21.062043
16b57fc5-e1c4-4627-a550-03be8ede6af3,e8beb2cc-e5de-472d-ba2a-d4017bef1f66,9c0e36b8-29dc-48d8-9869-8d952c29dbdb,mobile,5,1493.65,17.34,2025-07-19T13:51:21.062054
e6096666-9b1e-49eb-b625-ecb25a0357af,8c0729b0-bedb-4edf-a078-95151b63f71e,1791a541-fe39-430b-9626-a24acd85e08e,web,1,271.72,15.59,2025-08-17T13:51:21.062070
1bdbad7f-56bb-4789-9be6-3200d53b4358,c55e3b0c-2166-4985-a1d3-11a262d3395d,69b6bb4a-cfaa-4878-91ae-e146f31c1955,web,2,683.14,18.91,2025-08-19T13:51:21.062094
e83e17fe-5875-4c8b-b9e3-c47f9e3078ec,706a122a-0673-42d0-ab4d-15b133b4527f,e19c753d-318c-4edb-b565-fc406c99c72c,mobile,1,196.25,10.24,2025-07-07T13:51:21.062113
c84d4333-907a-4c1d-8148-73a30bce40c0,fc1c2ec0-aa0e-4069-8b6b-9fa8c982a54c,0e9c5cdb-187a-4121-93cd-cd24adc53bc4,web,2,225.3,13.54,2026-02-08T13:51:21.062130
dd5c7edc-da37-4058-96b0-cc69c6fdde64,c28076f1-629d-4e62-9dae-bd317892740b,1308f602-c166-4cdc-868a-0b4938053d4d,store,3,97.32,15.5,2025-08-12T13:51:21.062151
19f8d9b7-f27c-4ec5-a45c-e20369f2fdbb,2bf20add-b53d-4ece-be51-331ebb53ad0c,ad1fb5ee-a91c-4991-9341-e395d2beecef,web,4,1408.32,0.81,2025-10-24T13:51:21.062164
ec151f29-9d66-47bf-a3f4-ddbcb060febd,c1fdb530-3f98-4f58-aebf-d3d9e2463e57,e68cd9b3-0f66-4719-b9c8-10a5e0acfc32,web,5,2145.5,3.64,2026-02-20T13:51:21.062176
af22e5ca-58b7-4a28-b661-ab65129e1862,46ea7f90-58e8-4782-952d-04f6cbed438e,17c1c99f-c424-420e-8868-5ab21bafe8e5,mobile,1,142.26,14.33,2025-05-06T13:51:21.062188
c9bba240-f7ba-46ab-be66-fbc9d04809e8,52b779bf-b219-4f6a-bf6d-facce6fa6900,6c37ac7c-22fb-489b-9e12-ba964446997b,web,4,1775.44,0.29,2025-08-02T13:51:21.062203
31337c73-eb7f-45c1-9a0d-635d94387bd5,53ca8461-e12a-4781-a412-c2791b9dff98,11d7b21d-825c-442e-8c20-a64d4de4dd3c,web,3,172.14,4.27,2026-01-06T13:51:21.062215
ea692cfa-1c66-4c54-ad26-6a85a50725a5,643e9ab7-7f06-4631-b966-7cdf4dff8ad3,24665074-3a11-4fcf-82f7-1d50a0b2580f,store,2,763.62,11.7,2026-02-12T13:51:21.062227
1f5b4364-d8e8-4afd-bbe6-08f0912bb99e,3226488b-4d5b-4e5c-b1a2-eb3197174b97,1308f602-c166-4cdc-868a-0b4938053d4d,store,5,162.2,11.03,2025-05-08T13:51:21.062239
f64083bc-69d7-4682-938c-e9913130e44e,a177a8f2-78cc-4b69-8423-50b9e3c5cb7e,7df8e284-e832-44a7-94ef-f17a4e5da9d6,mobile,3,269.07,9.44,2025-09-24T13:51:21.062251
dca09741-a8e8-4a55-8fad-e4fcc79b6517,29a057d1-7c37-45a4-8af5-5c3dcb4ad8a3,f1f6542b-4b3f-4e65-8d9a-766c8d57ad72,store,3,964.44,12.39,2026-03-13T13:51:21.062263
6ee5f33f-01ed-461d-8537-9436aece3042,b9412933-cb49-4456-9667-7033dbd70b97,bff07f43-24a8-4d20-b9e9-6cac1ecce307,mobile,5,300.35,14.97,2025-10-11T13:51:21.062277
fcd374fb-2a4b-4c50-ae0b-268b563742f7,c1fdb530-3f98-4f58-aebf-d3d9e2463e57,08f682e0-0949-4d7f-9c1a-36bb48342221,web,1,215.55,14.72,2025-11-02T13:51:21.062288
71562494-6464-4fe5-8a25-6a6b20874c49,e599d142-71ea-4ee4-8680-b02ba12c7bd9,e68cd9b3-0f66-4719-b9c8-10a5e0acfc32,store,3,1287.3,1.45,2026-01-31T13:51:21.062300
1bd07097-d791-4fe9-955c-5cbe0764b4c6,da991ae8-4eeb-4b2d-821b-05b27c818222,79634690-8c5c-4240-8205-82b10c85c886,store,2,646.62,0.93,2026-01-04T13:51:21.062311
a1853487-8c3d-4579-b875-390d7d5a95ac,01b0c61b-4ff2-4653-a90f-f2336d2cab3a,1791a541-fe39-430b-9626-a24acd85e08e,store,3,815.16,16.97,2026-01-25T13:51:21.062324
656c4b53-2fe2-4e13-8f1c-849b5e4697f2,9b88430b-2b81-4613-aaae-c095517cd2e4,28de6b67-c5da-4fd9-9ae6-64f199eb885d,web,5,1524.9,11.56,2025-07-14T13:51:21.062335
fa2e83a6-d5b0-457d-87bb-2fa86cac6780,5b57c74e-573c-4427-abd3-d81ce726c936,168e2ef5-ab86-444e-ad38-6cbe82465e6a,web,3,270.18,4.41,2025-08-01T13:51:21.062347
b610fd5d-1362-493c-bc11-5b7eee9de0d2,540330b2-5f16-49dc-872a-7e8b69278d22,053f89ae-21b6-4267-baf4-f4be573d366f,mobile,1,71.15,16.19,2025-09-10T13:51:21.062359
f0668cc4-6f04-4bf6-95ca-ea18d84387bd,d7b7e2da-9059-4d56-ae4f-90db25a23b66,79634690-8c5c-4240-8205-82b10c85c886,web,3,969.93,2.95,2025-12-19T13:51:21.062370
e9c0d748-0d76-4fba-9253-8e4badbc4626,6951a992-1ef4-4e7f-af9b-4a2989cadc35,d5ee97fe-7203-4277-a432-29e8207ec8be,mobile,4,210.36,7.29,2025-08-15T13:51:21.062381
c1232ea8-9e2f-4ac1-b4d2-6c898c1fcd90,735c5be2-ba98-4be8-ac04-410d8c7bea4d,17c1c99f-c424-420e-8868-5ab21bafe8e5,store,4,569.04,8.09,2025-04-23T13:51:21.062393
1ee8119b-6407-4b2f-b91b-79433ef07956,edcd837f-7b30-4f33-b321-66343954be91,bff07f43-24a8-4d20-b9e9-6cac1ecce307,mobile,2,120.14,17.25,2025-05-09T13:51:21.062407
3f955959-a62a-40d0-9228-b46c29a5977b,e25f4035-459a-430c-a3b0-ae644d2ee520,053f89ae-21b6-4267-baf4-f4be573d366f,web,5,355.75,0.06,2026-02-28T13:51:21.062419
02a4c241-1fdc-482b-b107-70638336f8a4,3cae7953-c156-471c-9a5f-92f3526f83e4,28de6b67-c5da-4fd9-9ae6-64f199eb885d,store,3,914.94,5.19,2025-08-03T13:51:21.062430
1f3e24e9-7023-431c-89b0-97dff6f8215d,04ecb97a-42da-4546-96ee-d1ae2e3400b2,ca3df109-0f94-4c65-bb50-5e247fa97614,store,5,1769.4,17.11,2025-06-20T13:51:21.062445
5a7457eb-a97c-4f4d-b035-7b159ac2643f,d59d067c-81ef-43c0-8749-a85d38c15ba1,905f2110-caca-46ad-b1fc-61c3fda110f1,mobile,4,194.4,6.74,2025-12-10T13:51:21.062457
36573993-b13b-41ec-954c-e595133f849e,ae5747f6-5be4-4adc-a70e-6a7af4e70c23,28de6b67-c5da-4fd9-9ae6-64f199eb885d,web,2,609.96,18.12,2025-07-10T13:51:21.062468
c84323d0-1aaf-4218-a95b-ded73ad5cbba,57e6db98-be89-47c5-87f3-a3ff20643236,ca3df109-0f94-4c65-bb50-5e247fa97614,web,3,1061.64,4.68,2026-02-24T13:51:21.062480
245b548b-8bcf-4853-a38a-270a54933646,0710c154-efdf-49d3-967a-8e039d47a392,2341a1b6-ca76-4973-ad2e-4a906f9fd51d,web,4,470.4,6.83,2025-07-30T13:51:21.062493
789fc63b-748f-483b-b3c4-9a4f7a06619b,400b741d-0ca0-45d6-8523-573617fee653,08f682e0-0949-4d7f-9c1a-36bb48342221,web,4,862.2,15.25,2025-05-23T13:51:21.062504
1c6934ab-7786-4d78-bd72-abbb2b9f15f9,a3ace69c-a556-4f4f-8710-866b65feb589,7df8e284-e832-44a7-94ef-f17a4e5da9d6,mobile,2,179.38,7.67,2025-12-20T13:51:21.062532
bbb43f1a-e787-4cfb-8419-f7a623af726d,c852846f-39ad-4f90-a373-f27b686cbd6b,a0de6626-305c-473f-946f-bec5e72fa2b2,mobile,3,1102.68,16.85,2025-09-05T13:51:21.062564
ad8a4d02-052e-40e7-a77b-3c201772fb29,43c92511-959a-4446-90c1-fe53cc07de9f,a47d64f7-a098-44b9-8c64-05a8c978779f,store,4,1223.28,2.83,2025-08-22T13:51:21.062578
d199dfb5-edfd-4afb-a802-b0b3c7ef842c,181f6def-75b2-4650-8010-6b2d2c405278,d5ee97fe-7203-4277-a432-29e8207ec8be,web,4,210.36,9.21,2026-02-22T13:51:21.062590
ac41043e-84fd-41ca-9c51-ed1627b190c2,f6f84d4a-8f74-45a9-8dca-f2861185f737,bdea1b76-1208-4a2f-b2e1-1aa8a5626500,store,4,1233.84,7.69,2026-02-12T13:51:21.062602
60dc5afc-9ff2-4240-8638-37ca3cdd3e2a,3446f091-304c-48ee-8228-02b3d1c875dc,0e9c5cdb-187a-4121-93cd-cd24adc53bc4,web,5,563.25,9.62,2025-05-22T13:51:21.062619
9278e7b1-f9ce-4b13-a40b-3bb20a67c26d,739dee87-b56f-4b08-a7f9-6c85d6818fe3,69b6bb4a-cfaa-4878-91ae-e146f31c1955,store,2,683.14,6.36,2026-02-24T13:51:21.062634
78bcc899-2759-4967-b91c-49e809b0fc0b,ff3bc83f-7267-4530-ae44-86792304c864,1791a541-fe39-430b-9626-a24acd85e08e,store,1,271.72,5.93,2026-01-10T13:51:21.062648
96b1d182-f5f9-42eb-909d-2c72c43a954f,72cb36c3-7d29-445a-be42-baccbe7f0659,053f89ae-21b6-4267-baf4-f4be573d366f,mobile,5,355.75,9.18,2025-10-31T13:51:21.062660
384931d2-ac45-4377-baa4-ab13e08760d3,1ad0c269-9ca7-41f3-92b2-3f548e7fa43c,1308f602-c166-4cdc-868a-0b4938053d4d,mobile,1,32.44,3.46,2026-01-23T13:51:21.062672
b24c7867-6dc0-4d0b-9e7f-7746428e2610,400b741d-0ca0-45d6-8523-573617fee653,f6df0b45-6106-42d3-8c75-195d0ad4baee,web,5,1943.95,17.87,2025-09-21T13:51:21.062684
c72b4efc-a69e-4b91-93e5-1d8daabd838f,637c0f84-207d-48a7-a962-320e19bc238f,17c1c99f-c424-420e-8868-5ab21bafe8e5,web,5,711.3,8.97,2025-11-13T13:51:21.062696
89b716cb-93f9-4f75-8ac7-1b417c710784,967a969f-428a-4ffe-ad7a-fb432d7496a2,11d7b21d-825c-442e-8c20-a64d4de4dd3c,store,2,114.76,13.05,2026-04-10T13:51:21.062707
e466a021-f829-4426-a1ab-5423e7dfbc93,d0e41f6c-c8cb-4de6-86a7-55eb1edf917c,56ad6e1f-0691-4acd-a3de-c8da072e3963,web,2,292.3,17.19,2025-08-14T13:51:21.062721
d7ecb8c1-8c4e-487f-9b2e-9e81e965dddf,102b9f49-a914-4bb7-9fbf-cd661f9867f3,56ad6e1f-0691-4acd-a3de-c8da072e3963,mobile,3,438.45,10.97,2025-12-30T13:51:21.062733
3ffff00f-7650-4001-84eb-24bc8a208da6,39d21055-64ab-4312-b0c0-d7ddc3e6fe12,f6df0b45-6106-42d3-8c75-195d0ad4baee,mobile,4,1555.16,2.77,2025-09-14T13:51:21.062745
9f750022-c05d-4f61-bd50-bae45da2711d,302fe327-d775-409b-8012-a97df34b403d,542e404c-f975-45bf-b793-249b8d15665d,store,2,214.84,14.44,2025-07-19T13:51:21.062756
70d67349-fef1-4b77-89cc-8402eebe46b3,5e1fa70f-19c4-4eff-8b14-2c1bc4836ad4,0e9c5cdb-187a-4121-93cd-cd24adc53bc4,store,5,563.25,17.92,2026-03-20T13:51:21.062769
16c158d1-d23d-4f4e-849e-bf00cb3c1c38,608deb86-6661-4f77-bb41-aecc5e51f64a,cbf743b9-e903-4a26-825c-7bde33e1d82c,mobile,3,1120.05,19.87,2025-07-25T13:51:21.062780
7b75a840-5db0-4313-89ce-29fcfae6357e,4a9cb868-6695-4bf7-93f9-6f179ead9401,6eae25b5-bfd1-445a-b0d8-86e5ef9604a3,mobile,2,958.04,6.69,2026-03-17T13:51:21.062792
dfed7413-203d-4d7d-b972-9365b275b90d,43c92511-959a-4446-90c1-fe53cc07de9f,bff07f43-24a8-4d20-b9e9-6cac1ecce307,store,3,180.21,15.76,2026-04-12T13:51:21.062804
6dc53246-d023-4d62-9db3-7108aacf110d,bb92c951-7270-48f2-9213-bf2eeb692e34,1791a541-fe39-430b-9626-a24acd85e08e,store,5,1358.6,4.0,2026-01-31T13:51:21.062816
44de56d0-3390-4b17-9e21-287e89ff7aa7,d5327b4f-92bb-47e0-8591-523fd0425dda,1890b36f-a137-41e5-b5ed-1d9d565c4bd0,store,3,76.68,8.58,2025-06-14T13:51:21.062827
3b0db1c2-52d6-475e-b9c1-ff85fe619183,213cdff4-524e-4003-8867-9e89d1f540f2,79634690-8c5c-4240-8205-82b10c85c886,mobile,3,969.93,13.12,2026-01-07T13:51:21.062838
ea5180f7-b2c4-49bb-bc57-928670383caa,d94b6713-3071-40cb-b879-b1983278bef5,e68cd9b3-0f66-4719-b9c8-10a5e0acfc32,mobile,4,1716.4,9.47,2026-03-17T13:51:21.062850
d150b9ce-d6ce-4a9a-a668-de0a679723d3,4220b0ed-148d-4a5e-ac8f-7593460ab12d,7df8e284-e832-44a7-94ef-f17a4e5da9d6,store,4,358.76,6.89,2025-04-17T13:51:21.062863
1fc1e424-be15-4a29-8efa-99a40de52bcc,d926ac6a-7059-48e3-9158-1d17c4eddd09,e19c753d-318c-4edb-b565-fc406c99c72c,mobile,1,196.25,17.25,2025-06-19T13:51:21.062874
1e9e1024-1fd0-4ac3-99c1-1d6a04095cae,10c5aaaa-16e0-442a-b44c-907f6d455a23,1791a541-fe39-430b-9626-a24acd85e08e,web,3,815.16,9.54,2026-01-30T13:51:21.062898
8dcd0b4d-ad54-45b7-ae0e-44950834f90f,6ca7f72e-570e-4750-8520-e4fb1d8434d1,f6df0b45-6106-42d3-8c75-195d0ad4baee,mobile,2,777.58,4.12,2025-08-25T13:51:21.062911
56d10dae-0807-4993-ad12-1df85850804b,dd267d37-2603-4b70-afe3-80c93850b1f7,24665074-3a11-4fcf-82f7-1d50a0b2580f,web,2,763.62,9.64,2025-05-21T13:51:21.062922
761c14d0-3dfa-4b36-9ecd-2fa324b106a9,706a122a-0673-42d0-ab4d-15b133b4527f,d5ee97fe-7203-4277-a432-29e8207ec8be,mobile,4,210.36,17.74,2025-10-08T13:51:21.062934
19706fe3-2a85-475f-9ee6-c5a9d75b0ae0,5a07bc88-ff0b-4476-965f-f4c8d2922d97,28de6b67-c5da-4fd9-9ae6-64f199eb885d,store,4,1219.92,3.29,2026-02-20T13:51:21.062946
5a922969-076b-4831-bb7f-5c4965a61a2d,3aa173fb-07c2-4854-8619-e70a310930dd,a0de6626-305c-473f-946f-bec5e72fa2b2,mobile,2,735.12,7.44,2025-06-04T13:51:21.062962
58e55ff6-b51d-48fd-bc2c-1f45cb838e82,5b57c74e-573c-4427-abd3-d81ce726c936,a47d64f7-a098-44b9-8c64-05a8c978779f,mobile,5,1529.1,11.07,2025-09-21T13:51:21.062976
948d67a8-bd8a-49eb-88ad-da31657995e1,53e0275c-fc42-4900-a0ea-d5048e14d832,321b80eb-c6e9-42e0-a6f5-86598247acd3,store,2,585.78,19.11,2026-02-21T13:51:21.062988
c1e99c1f-c867-4b9c-a909-e2c37336976e,edc763b9-98ed-4423-9fa2-d0b98da2d055,56ad6e1f-0691-4acd-a3de-c8da072e3963,web,5,730.75,0.59,2026-01-14T13:51:21.063000
0f4740df-4d0f-4462-9a7a-09afd2b11f71,1ad0c269-9ca7-41f3-92b2-3f548e7fa43c,e68cd9b3-0f66-4719-b9c8-10a5e0acfc32,web,5,2145.5,1.91,2025-07-08T13:51:21.063012
120f2295-d6cd-4199-932b-05b9637b854e,4ed250ce-f2f6-4095-b960-f4cc057f1d8f,a47d64f7-a098-44b9-8c64-05a8c978779f,store,2,611.64,5.37,2025-05-03T13:51:21.063024
3271fa5c-d96a-46af-b441-5001b29086b3,d34b6e61-d1a7-4387-9cfb-0e7ab4e5d294,d5ee97fe-7203-4277-a432-29e8207ec8be,mobile,1,52.59,0.51,2025-09-11T13:51:21.063035
8adcb38b-7b2e-4b51-a237-7233ffdd5032,09ea9b77-2776-4869-9b5d-0cfcb5dee3eb,f1f6542b-4b3f-4e65-8d9a-766c8d57ad72,web,4,1285.92,16.12,2026-04-06T13:51:21.063047
2eff225e-abe6-4a1a-8239-18dd31240ae6,4ef4042a-f263-4a37-919f-f91e554b9949,f6df0b45-6106-42d3-8c75-195d0ad4baee,web,2,777.58,17.76,2025-08-30T13:51:21.063059
354c8d3c-5eb9-4ee8-8850-77d3ffeb84ec,6b9384d5-4658-499e-aa0e-261e25506abf,79634690-8c5c-4240-8205-82b10c85c886,mobile,1,323.31,3.97,2025-11-17T13:51:21.063070
bcddaaa8-839d-4142-97ea-0ab6743a3081,0a6dd152-f4e3-4ace-b8a8-88e743549233,e68cd9b3-0f66-4719-b9c8-10a5e0acfc32,store,4,1716.4,18.34,2026-01-12T13:51:21.063082
e5c118d9-0040-48af-ad32-df668bd2b8a6,dd438a1f-d050-4e92-8063-444c9b52b2e1,2341a1b6-ca76-4973-ad2e-4a906f9fd51d,store,2,235.2,3.2,2026-02-17T13:51:21.063094
36e101b4-443b-4ec3-bc1d-14c3aa6fc37a,ece47cd8-cb49-4524-9386-ce6691914b6e,f1f6542b-4b3f-4e65-8d9a-766c8d57ad72,mobile,4,1285.92,0.11,2025-12-13T13:51:21.063106
58dbf884-2d0f-4c90-a454-e518413ee7fe,255c4ea4-afab-4c32-a4e0-91d634e91b6a,2341a1b6-ca76-4973-ad2e-4a906f9fd51d,store,1,117.6,5.2,2025-09-24T13:51:21.063118
73cf6e08-05d7-4d83-b2e1-73129c5b1912,7973b72a-555e-4256-a39e-9b40be1a259d,6c37ac7c-22fb-489b-9e12-ba964446997b,mobile,5,2219.3,6.5,2025-06-06T13:51:21.063131
6313a2e1-58d1-49c4-b666-8b97892a9f8f,80bb3786-c8a8-42d8-9893-287ac213c975,6eae25b5-bfd1-445a-b0d8-86e5ef9604a3,web,5,2395.1,9.24,2025-12-21T13:51:21.063143
2102144c-0681-4b1e-b30d-0d5d1bb4dd03,7973b72a-555e-4256-a39e-9b40be1a259d,ca3df109-0f94-4c65-bb50-5e247fa97614,web,2,707.76,3.2,2025-07-13T13:51:21.063159
29004b53-4e6b-4d32-b3d4-4a01d039758f,51b8c361-d3b7-4bfc-a0c5-c15b2fc0a697,28de6b67-c5da-4fd9-9ae6-64f199eb885d,store,4,1219.92,13.04,2025-12-23T13:51:21.063174
1bc55329-58ac-4fe0-a9b9-c6a449eaeab7,c8bc6461-f15e-48de-b1ae-15a4fb815418,2341a1b6-ca76-4973-ad2e-4a906f9fd51d,web,4,470.4,16.61,2026-03-16T13:51:21.063186
e110ea0b-9a57-4e6e-aa0c-dcd285d46fba,c0f89555-5fe2-4ced-8b60-e35e96e39987,e68cd9b3-0f66-4719-b9c8-10a5e0acfc32,mobile,4,1716.4,6.62,2025-09-25T13:51:21.063198
609680dc-d839-43ed-b7c3-430bc4d081cb,32528c9b-b758-4757-b73f-1f5e974a7789,7df8e284-e832-44a7-94ef-f17a4e5da9d6,mobile,2,179.38,6.07,2025-07-06T13:51:21.063213
7f613023-42ae-4cd2-beb2-bb120f1c9909,bdb77e2b-5d39-41d7-8683-b92222eebcd7,ca3df109-0f94-4c65-bb50-5e247fa97614,mobile,3,1061.64,12.53,2025-05-31T13:51:21.063225
fa4605e6-9015-464a-b9b1-9bbce457bd93,a7b1d04c-20b3-4043-8752-459a280b14a5,cbf743b9-e903-4a26-825c-7bde33e1d82c,mobile,4,1493.4,17.18,2026-04-15T13:51:21.063237
6e7a1527-5c37-4bfb-b9ec-92cafd95666f,c49ee3c5-aa37-4df0-bed9-2497197ddbb3,053f89ae-21b6-4267-baf4-f4be573d366f,mobile,1,71.15,9.9,2025-09-13T13:51:21.063251
8639b3d1-79b3-417a-add2-ac5b60bf12d6,8de4ba42-f9cc-4561-9d63-a626e4997a50,e68cd9b3-0f66-4719-b9c8-10a5e0acfc32,web,1,429.1,10.91,2026-01-19T13:51:21.063263
a6ecaac6-400d-45f9-adac-f4694f8c3c5c,9fbdd83e-1473-4d7d-88eb-05463f65126d,08cb9e44-2170-4369-9ab2-a47e52847e6c,mobile,5,585.6,0.93,2026-01-18T13:51:21.063277
abf26078-fd8c-438b-9df4-dc82435f0092,637c0f84-207d-48a7-a962-320e19bc238f,d5ee97fe-7203-4277-a432-29e8207ec8be,web,3,157.77,12.39,2025-11-13T13:51:21.063289
9f2c29ac-421a-42ff-a7b3-efa4513c83ca,e28f4770-6966-405d-a263-775367525a66,11d7b21d-825c-442e-8c20-a64d4de4dd3c,web,5,286.9,11.7,2025-06-26T13:51:21.063301
6cd14af2-c225-4a04-988d-2911e717c087,d8485234-37db-4394-ae90-cbf6891d00c3,9c0e36b8-29dc-48d8-9869-8d952c29dbdb,web,3,896.19,4.13,2026-01-07T13:51:21.063312
54c42934-768a-47ac-bef8-524331342c23,01af8a00-d406-447f-b3dd-975ce21b49ec,9c0e36b8-29dc-48d8-9869-8d952c29dbdb,web,2,597.46,0.81,2025-10-14T13:51:21.063337
c750eee7-e31f-4eb8-bc75-a99b7b480214,97ef2d8d-9dfa-469c-9ff4-e4f4cfc6f847,321b80eb-c6e9-42e0-a6f5-86598247acd3,web,3,878.67,2.27,2025-10-21T13:51:21.063353
e0eeca20-bb6a-4127-828d-45da5e27e098,81444fcd-e4cb-4181-9eb5-0f0c87ce0dd7,6eae25b5-bfd1-445a-b0d8-86e5ef9604a3,store,3,1437.06,15.92,2025-11-21T13:51:21.063370
75a0f47e-39fb-4fb4-ace0-e339bd7654ce,de18f223-7a95-47d7-892b-230c0354b118,944989d7-0474-4130-959f-c793bf62259e,mobile,2,238.72,10.09,2025-09-20T13:51:21.063383
2a3ea3a9-a24c-4ce5-b0f4-1df66ff5c412,cd4bae82-f1c1-4249-b9de-54fb8ee5a56a,17c1c99f-c424-420e-8868-5ab21bafe8e5,web,3,426.78,12.48,2025-04-25T13:51:21.063395
c8c58612-dc1b-4dd4-9d95-00c9c3c6e237,b1eda297-b5e3-4a00-a11a-293f57da976d,bff07f43-24a8-4d20-b9e9-6cac1ecce307,store,2,120.14,17.0,2026-01-22T13:51:21.063408
1cf94992-4a75-43ba-828c-72ab88a08e74,4bc84d88-5090-4d9a-b9f2-9f3db59d8a27,9c0e36b8-29dc-48d8-9869-8d952c29dbdb,web,5,1493.65,0.14,2025-09-09T13:51:21.063425
47d553f2-433a-4337-afea-beb7064ca43f,c93f2cd4-13a8-4f0f-8d1a-8854990eb1b2,cbf743b9-e903-4a26-825c-7bde33e1d82c,mobile,3,1120.05,14.81,2025-07-01T13:51:21.063452
8384fd6c-1e00-42d2-b5a0-8702c5035a57,325a16f2-810b-43e0-b3fa-e2d5e3c13093,6eae25b5-bfd1-445a-b0d8-86e5ef9604a3,store,1,479.02,15.05,2026-02-10T13:51:21.063464
5b67ab3a-47da-4d73-9db4-838a2cc11486,8ccd0f15-fc71-4c67-ad0e-2f8a0beac395,9c0e36b8-29dc-48d8-9869-8d952c29dbdb,store,5,1493.65,15.6,2026-03-17T13:51:21.063476
65a80a03-6675-4caf-9bd5-07221af6ffd9,0187210b-941d-4bad-b587-443bb52be2a0,f6df0b45-6106-42d3-8c75-195d0ad4baee,mobile,3,1166.37,12.3,2025-06-06T13:51:21.063488
1e2656ae-2f1b-41fb-a446-5f43808350e8,67da80eb-8c00-4328-9bd2-9b409e254a97,69b6bb4a-cfaa-4878-91ae-e146f31c1955,web,1,341.57,19.34,2026-02-01T13:51:21.063502
ae1f334a-1ee5-4799-b5bb-1d942d821e39,03cd349e-dd04-4d46-a08f-6b40026ac251,ad1fb5ee-a91c-4991-9341-e395d2beecef,store,1,352.08,6.18,2025-08-12T13:51:21.063528
a8230d56-7a2e-4069-968e-069a93ebf313,0710c154-efdf-49d3-967a-8e039d47a392,a47d64f7-a098-44b9-8c64-05a8c978779f,web,2,611.64,7.68,2026-03-13T13:51:21.063553
2deb7bfa-e84c-4019-94c8-d1c7bb9c519f,4220b0ed-148d-4a5e-ac8f-7593460ab12d,a47d64f7-a098-44b9-8c64-05a8c978779f,web,1,305.82,18.03,2025-06-30T13:51:21.063566
4917b2ae-2775-42dd-b597-6219b0bd91be,c965e9c5-69cf-4549-9341-be2f2bdff784,08cb9e44-2170-4369-9ab2-a47e52847e6c,web,5,585.6,7.91,2026-02-07T13:51:21.063578
a3c34c4c-c150-4fa1-95ac-99e8af785d9e,d7b7e2da-9059-4d56-ae4f-90db25a23b66,6eae25b5-bfd1-445a-b0d8-86e5ef9604a3,store,1,479.02,4.64,2025-08-12T13:51:21.063590
9221143b-6a04-46df-b6b8-8b6c5d7ee35e,03cd349e-dd04-4d46-a08f-6b40026ac251,542e404c-f975-45bf-b793-249b8d15665d,store,4,429.68,6.37,2025-11-26T13:51:21.063601
37d4e16c-0c40-45ba-aa43-cc7a1f5ace70,268931fe-8542-4672-96bb-6177eaab9ebb,bdea1b76-1208-4a2f-b2e1-1aa8a5626500,store,4,1233.84,2.06,2025-12-08T13:51:21.063619
fd5a13ae-3ab3-4d9e-ace7-715bfc175d39,d3dcaad1-9e4d-4862-b064-aa7e02b5f7a7,08f682e0-0949-4d7f-9c1a-36bb48342221,store,1,215.55,2.41,2025-06-02T13:51:21.063645
6115a5a9-ed7c-4f7c-a99e-24bec61f0606,97ef2d8d-9dfa-469c-9ff4-e4f4cfc6f847,6eae25b5-bfd1-445a-b0d8-86e5ef9604a3,mobile,1,479.02,11.86,2026-04-13T13:51:21.063667
c3e0e16d-dafa-4d0a-ada4-b95cf72a0ada,658f0200-2d82-4370-88f0-570c233853ef,168e2ef5-ab86-444e-ad38-6cbe82465e6a,web,3,270.18,5.41,2025-11-05T13:51:21.063685
ccfbb763-121b-4691-9847-e94056e1524d,205c75d8-28e9-4d23-8dcb-9138a6caf086,9c0e36b8-29dc-48d8-9869-8d952c29dbdb,store,1,298.73,13.82,2026-03-14T13:51:21.063696
78368170-de3f-411b-b66e-99e958887cfa,6ca7f72e-570e-4750-8520-e4fb1d8434d1,457d9d38-588b-41ff-8c67-d7258b51a8e6,store,3,1249.2,1.88,2026-04-10T13:51:21.063708
af4ed403-69df-4bab-beea-32b5f28e1743,94d0b5a3-a86a-4abe-816b-c62b05ebe72f,542e404c-f975-45bf-b793-249b8d15665d,mobile,1,107.42,2.1,2025-06-22T13:51:21.063720
3a6385a7-0c4e-43c0-a54d-f3235ac7e2a1,42739148-1263-40e6-8a79-44cde3b55420,69b6bb4a-cfaa-4878-91ae-e146f31c1955,store,5,1707.85,18.35,2025-09-01T13:51:21.063731
de0baad4-1509-4914-8707-3a1e9c1484c8,e35fef50-cb52-412f-8c9d-fbe01e30d289,542e404c-f975-45bf-b793-249b8d15665d,mobile,3,322.26,19.48,2025-08-20T13:51:21.063743
57d744ef-ea3a-427b-bc49-50e5c3d1f039,a7b1d04c-20b3-4043-8752-459a280b14a5,11d7b21d-825c-442e-8c20-a64d4de4dd3c,web,2,114.76,10.03,2026-01-27T13:51:21.063755
75964212-ac24-4883-af68-0aa942f919b8,a295cf72-e598-4850-963d-6023136619cc,11d7b21d-825c-442e-8c20-a64d4de4dd3c,mobile,3,172.14,15.82,2025-04-22T13:51:21.063767
2aa09140-128d-468e-a0b1-61ebcc521599,4a9cb868-6695-4bf7-93f9-6f179ead9401,24665074-3a11-4fcf-82f7-1d50a0b2580f,mobile,1,381.81,9.66,2025-11-12T13:51:21.063779
09668c85-5b35-4830-92c5-8538a0bd1453,736e89ee-fcda-459e-a2e7-ecbf43f4404b,e19c753d-318c-4edb-b565-fc406c99c72c,store,4,785.0,16.59,2025-05-26T13:51:21.063792
6e1673d1-7dec-4b7b-ace9-28bac944ace6,d7eaed06-94e3-43b5-9ea6-a33d8c0b3122,56ad6e1f-0691-4acd-a3de-c8da072e3963,mobile,2,292.3,11.79,2026-01-18T13:51:21.063805
543f25b2-90a5-41eb-8c3c-3476171bbb4d,58baa912-a1cf-4bb6-a3ac-cdfccf1ec74b,e19c753d-318c-4edb-b565-fc406c99c72c,store,3,588.75,17.45,2026-02-26T13:51:21.063817
6ab79dc9-0394-457e-a7b1-b388e29bdae9,0f4e0175-34a6-491e-bf85-2bbc0c78acd4,69b6bb4a-cfaa-4878-91ae-e146f31c1955,store,2,683.14,14.33,2025-10-23T13:51:21.063828
a1d5344b-4f00-4093-8493-cb0331ac48d9,9fbdd83e-1473-4d7d-88eb-05463f65126d,a0de6626-305c-473f-946f-bec5e72fa2b2,web,4,1470.24,17.67,2025-11-26T13:51:21.063839
a3f2e05e-47b4-4baa-b638-889af0a8c9b7,ae851670-1c59-4e22-9edd-1d3d7b880e7c,bdea1b76-1208-4a2f-b2e1-1aa8a5626500,mobile,3,925.38,3.84,2025-07-20T13:51:21.063851
0474fd42-197f-4910-89a9-f3a743ebb4df,2433a03f-64b2-4957-94be-f7b57ce9effc,168e2ef5-ab86-444e-ad38-6cbe82465e6a,mobile,2,180.12,8.74,2025-11-02T13:51:21.063864
c0aaeb40-fc9f-40bb-920d-081ec8ced3fb,edcd837f-7b30-4f33-b321-66343954be91,0e9c5cdb-187a-4121-93cd-cd24adc53bc4,web,2,225.3,0.36,2025-09-20T13:51:21.063876
743069fb-ffc3-4e20-886b-bad6b91a5834,4b8e09cb-caba-44f2-a067-285da4e537ef,a47d64f7-a098-44b9-8c64-05a8c978779f,web,4,1223.28,13.17,2025-08-12T13:51:21.063887
8e3a8f7a-daf0-4a3c-a9d5-49561993665a,fc1c2ec0-aa0e-4069-8b6b-9fa8c982a54c,9c0e36b8-29dc-48d8-9869-8d952c29dbdb,web,3,896.19,17.25,2025-11-10T13:51:21.063901
f419f71e-05ac-4b4b-be0a-4e19749dc868,fcce4cc1-7186-4f54-85f6-10e497d9899f,905f2110-caca-46ad-b1fc-61c3fda110f1,mobile,3,145.8,7.84,2026-03-05T13:51:21.063913
b518f977-1452-4e01-a901-4b63173fbe5d,4d822340-7e45-4eb3-a279-41f8e82e1084,9c0e36b8-29dc-48d8-9869-8d952c29dbdb,store,2,597.46,0.17,2026-01-12T13:51:21.063924
37a4828b-eb1c-4e29-95a5-ebbc61c1068f,706a122a-0673-42d0-ab4d-15b133b4527f,168e2ef5-ab86-444e-ad38-6cbe82465e6a,mobile,2,180.12,15.92,2025-10-17T13:51:21.063936
8575ac16-0f48-4b3f-a6b8-0100fbf45c84,aa2d2b25-ba43-40c2-9f6d-c4ba45a3fb67,f6df0b45-6106-42d3-8c75-195d0ad4baee,store,2,777.58,3.44,2025-11-13T13:51:21.063948
925e9a96-d43b-43a5-8aca-9d28c8b2f88d,312c0f57-1c60-4283-ae57-d81c0a0b7cdd,ad1fb5ee-a91c-4991-9341-e395d2beecef,web,5,1760.4,12.92,2025-12-08T13:51:21.063960
e7d8c870-1e42-4181-a138-4db785a8257d,8ccd0f15-fc71-4c67-ad0e-2f8a0beac395,9c0e36b8-29dc-48d8-9869-8d952c29dbdb,store,2,597.46,1.74,2025-12-11T13:51:21.063973
5e9cf675-d30b-495d-b247-45038243cc4c,89052c15-2c75-45bd-b849-25d7912e366c,2341a1b6-ca76-4973-ad2e-4a906f9fd51d,web,2,235.2,15.76,2025-06-15T13:51:21.063985
27341574-9a7a-4790-ba0c-6325c4e83662,6e1cf5e7-7914-4d62-b2b0-b64a0772ac65,e68cd9b3-0f66-4719-b9c8-10a5e0acfc32,mobile,4,1716.4,8.87,2026-01-18T13:51:21.063999
6177ff89-df32-4dcd-8ba1-1d47f4eb04a0,ef8225e3-4aeb-459c-8242-fae62541926d,e68cd9b3-0f66-4719-b9c8-10a5e0acfc32,store,4,1716.4,18.37,2026-04-15T13:51:21.064011
7330791a-b2af-41a6-980d-daef053f8293,29dc093f-722e-4320-8b1c-a48df552bdf8,457d9d38-588b-41ff-8c67-d7258b51a8e6,store,1,416.4,8.61,2025-06-22T13:51:21.064023
aceee0b5-d2d7-4a82-a908-40ed96a9a31b,0a6dd152-f4e3-4ace-b8a8-88e743549233,d5ee97fe-7203-4277-a432-29e8207ec8be,mobile,4,210.36,0.79,2025-11-21T13:51:21.064037
3bdbaa0f-3f65-4a4d-8caf-02b2b65777b5,c0f89555-5fe2-4ced-8b60-e35e96e39987,6eae25b5-bfd1-445a-b0d8-86e5ef9604a3,web,5,2395.1,14.75,2026-03-08T13:51:21.064049
f817ed76-17bb-4bd5-996f-9020c438257d,ae5fe4b9-a9aa-4f59-b42b-46e5f2468402,2341a1b6-ca76-4973-ad2e-4a906f9fd51d,store,2,235.2,15.26,2025-12-11T13:51:21.064062
3aceaefb-dd0b-471e-8d7b-66f413c21639,c93f2cd4-13a8-4f0f-8d1a-8854990eb1b2,24665074-3a11-4fcf-82f7-1d50a0b2580f,store,2,763.62,16.73,2026-01-23T13:51:21.064073
6d0e68cd-46e9-493a-bb4e-ac888c7dcdb4,d211948e-8e58-4cae-862a-3e11e5fe3f2d,1890b36f-a137-41e5-b5ed-1d9d565c4bd0,store,5,127.8,17.04,2025-12-23T13:51:21.064085
ea4d3919-2c3a-4f7c-83e8-4537a04a5e95,608deb86-6661-4f77-bb41-aecc5e51f64a,944989d7-0474-4130-959f-c793bf62259e,mobile,4,477.44,2.87,2026-04-05T13:51:21.064096
b7945422-4efe-42ca-b9b0-4035517977ca,cd0f116b-8b06-4970-a39d-a895155e5d42,944989d7-0474-4130-959f-c793bf62259e,store,3,358.08,8.0,2025-09-23T13:51:21.064107
5d9264c5-6df7-4b37-9ca1-9dfcd444cd41,e8beb2cc-e5de-472d-ba2a-d4017bef1f66,e68cd9b3-0f66-4719-b9c8-10a5e0acfc32,store,1,429.1,17.41,2025-08-16T13:51:21.064119
c8741576-7538-4249-a0fe-7815c3a1a1b8,6b1fe901-5849-41af-9f5a-20e3dd30b27e,a0de6626-305c-473f-946f-bec5e72fa2b2,mobile,2,735.12,14.26,2025-04-18T13:51:21.064134
e3138723-6101-4422-958a-786d89159f10,4bc1996f-9825-4f06-85da-2b0db239e855,79634690-8c5c-4240-8205-82b10c85c886,store,1,323.31,4.57,2025-06-26T13:51:21.064149
af5bf3aa-eb02-42d3-94c1-f6ccdc6be615,d8485234-37db-4394-ae90-cbf6891d00c3,ad1fb5ee-a91c-4991-9341-e395d2beecef,web,3,1056.24,8.89,2025-09-11T13:51:21.064166
320d3ade-6f0a-4935-83c2-7d750eed97be,b5e852ab-dc42-45d2-80ed-061b15e85082,08f682e0-0949-4d7f-9c1a-36bb48342221,web,2,431.1,4.11,2025-05-06T13:51:21.064178
0963a209-6e9e-41fb-8b41-54802ece4540,3e0f0892-3271-4349-a4d6-c5b43dd208f5,ad1fb5ee-a91c-4991-9341-e395d2beecef,web,4,1408.32,12.86,2026-02-16T13:51:21.064189
6567ce42-7db9-4c9d-b13e-ab7f54abb9a9,5ea34c47-e02d-45ce-bbe2-3ae31540f714,11d7b21d-825c-442e-8c20-a64d4de4dd3c,web,3,172.14,19.3,2025-04-16T13:51:21.064201
9265ec76-5940-4f9b-afcd-c88c128c6f43,eeba25c3-bc51-40f2-ad4f-d841787e2823,542e404c-f975-45bf-b793-249b8d15665d,store,2,214.84,6.98,2026-02-24T13:51:21.064213
fc2c627b-c54b-4622-bd5f-d988f79ec090,ab9746c7-803a-4cf1-9ab2-b32655c44619,a0de6626-305c-473f-946f-bec5e72fa2b2,store,1,367.56,3.57,2026-01-05T13:51:21.064224
d4ecf4a7-9513-48e0-ba3f-4569291b9e40,62333fd8-0787-4f08-8f24-0bd988d5394f,1308f602-c166-4cdc-868a-0b4938053d4d,store,5,162.2,19.02,2025-10-12T13:51:21.064237
f7c23e01-360b-4eda-bb8d-0b00a43651f2,980e4b8c-94c3-4334-bcf6-5106b7ec56c1,944989d7-0474-4130-959f-c793bf62259e,web,4,477.44,15.8,2025-04-26T13:51:21.064248
356ee412-ced3-428c-923e-5e61dc0ed9e0,302fe327-d775-409b-8012-a97df34b403d,a0de6626-305c-473f-946f-bec5e72fa2b2,web,2,735.12,16.38,2025-05-31T13:51:21.064260
8636c08e-eca2-4ce3-9aac-935c502642cc,c28076f1-629d-4e62-9dae-bd317892740b,e19c753d-318c-4edb-b565-fc406c99c72c,store,1,196.25,17.17,2025-08-16T13:51:21.064274
f099be27-255e-402a-8256-877ce58e5921,b2f52649-2de7-4158-96f1-800ae16d25f0,bdea1b76-1208-4a2f-b2e1-1aa8a5626500,web,5,1542.3,19.96,2025-09-02T13:51:21.064286
0889fed7-d3d2-45fe-a917-a1fa44dc2254,5e1fa70f-19c4-4eff-8b14-2c1bc4836ad4,ca3df109-0f94-4c65-bb50-5e247fa97614,mobile,5,1769.4,3.78,2025-06-04T13:51:21.064301
b4cc0035-88c7-476f-bc3b-bf1e881e6fea,eeba25c3-bc51-40f2-ad4f-d841787e2823,24665074-3a11-4fcf-82f7-1d50a0b2580f,store,1,381.81,11.21,2026-01-19T13:51:21.064313
29c51996-4330-424f-b7dd-fe5d6b5d752d,8c0729b0-bedb-4edf-a078-95151b63f71e,053f89ae-21b6-4267-baf4-f4be573d366f,web,3,213.45,15.37,2025-11-30T13:51:21.064328
33b2a65b-3b8d-4ca5-ac66-48b740d2eeec,b3f884c2-631e-4f50-8ebb-a704e4cd049d,6eae25b5-bfd1-445a-b0d8-86e5ef9604a3,store,3,1437.06,15.62,2025-10-21T13:51:21.064340
0b2499c8-f758-4523-bd67-9caa4733c526,2389a3ab-c7d9-4780-ab1f-1c558d6f7d54,ad1fb5ee-a91c-4991-9341-e395d2beecef,mobile,5,1760.4,5.11,2025-09-28T13:51:21.064351
a1d204c2-d011-47a3-98e4-c9cdf6db3ea2,89052c15-2c75-45bd-b849-25d7912e366c,79634690-8c5c-4240-8205-82b10c85c886,store,2,646.62,15.45,2025-10-14T13:51:21.064362
24ed2b86-460d-4dca-a63d-2d84ce01be87,43c92511-959a-4446-90c1-fe53cc07de9f,6eae25b5-bfd1-445a-b0d8-86e5ef9604a3,store,4,1916.08,11.19,2026-02-04T13:51:21.064374
57aa18a0-eb3a-4fb7-a567-d5662b97a230,736e89ee-fcda-459e-a2e7-ecbf43f4404b,a47d64f7-a098-44b9-8c64-05a8c978779f,web,4,1223.28,10.31,2026-01-17T13:51:21.064385
e4cd99ba-c7e5-42a6-9bc0-d3d603d8ab79,207fbd9f-e63c-4a9c-b32d-dd00c57794da,a47d64f7-a098-44b9-8c64-05a8c978779f,web,1,305.82,19.59,2025-05-16T13:51:21.064397
aab36ed6-b008-4368-9071-bf84516f9637,5e7d9c86-0812-4f35-9b4d-2df0f399a1dd,457d9d38-588b-41ff-8c67-d7258b51a8e6,store,2,832.8,12.52,2025-08-02T13:51:21.064413
2418214f-5360-4d08-9b7d-3bb7616609ea,de68630e-da9e-45bb-9038-1aeb89f735f1,0e9c5cdb-187a-4121-93cd-cd24adc53bc4,web,3,337.95,7.82,2026-01-16T13:51:21.064425
8989ec00-ecea-4d3c-9c80-32119efc012a,ece47cd8-cb49-4524-9386-ce6691914b6e,bff07f43-24a8-4d20-b9e9-6cac1ecce307,mobile,3,180.21,0.32,2025-06-17T13:51:21.064437
249cf16c-a508-4350-b397-8193ba3802d5,4ec84b5f-b09d-47ae-b377-aa007382cd8e,944989d7-0474-4130-959f-c793bf62259e,store,5,596.8,10.67,2025-12-24T13:51:21.064448
95584068-4a2c-40b7-84c3-ea6fa8b61ee6,3446f091-304c-48ee-8228-02b3d1c875dc,e19c753d-318c-4edb-b565-fc406c99c72c,store,1,196.25,16.93,2025-11-10T13:51:21.064460
137a58f5-0475-4576-aaaf-bc33d593e072,7a17c39e-ac79-4a16-b21a-b842db9df252,e68cd9b3-0f66-4719-b9c8-10a5e0acfc32,web,1,429.1,9.11,2025-11-16T13:51:21.064472
30f0a90b-5ccb-4aee-b8d7-1b5f8ec09b95,10699e3c-9f67-4108-a71c-a0918eaa3418,1791a541-fe39-430b-9626-a24acd85e08e,web,3,815.16,9.14,2025-11-25T13:51:21.064484
95e192ab-5100-4b5f-bc95-a70f60a74834,643e9ab7-7f06-4631-b966-7cdf4dff8ad3,1308f602-c166-4cdc-868a-0b4938053d4d,store,1,32.44,16.86,2025-07-12T13:51:21.064495
d0b2e149-24d0-4815-95e4-6318e519db05,47305be8-cd55-4cfd-9661-fe36f5f81ce5,6c37ac7c-22fb-489b-9e12-ba964446997b,store,4,1775.44,16.98,2025-12-05T13:51:21.064508
2a7b61b2-6f12-4694-b0c7-022644ce38c1,0af417b2-c439-4d9b-a97b-9e76de6515ea,1308f602-c166-4cdc-868a-0b4938053d4d,mobile,2,64.88,18.49,2025-09-21T13:51:21.064548
cc11b4a7-fb08-4bc9-ae83-50dc55d5131f,26f752ae-cb28-42e6-8109-575dcebe96fb,d5ee97fe-7203-4277-a432-29e8207ec8be,store,3,157.77,17.65,2025-05-13T13:51:21.064567
9d11c26f-ae78-4b96-8057-ee3afd42e1e2,2ec98caa-fbcb-44c8-9be4-a2b9a927b42d,1791a541-fe39-430b-9626-a24acd85e08e,mobile,3,815.16,12.18,2025-07-25T13:51:21.064579
78b66544-c62d-45c2-aa7a-0c7d1a7194bd,0df92083-a3d8-4e5d-9db9-671c8cbb8682,69b6bb4a-cfaa-4878-91ae-e146f31c1955,store,2,683.14,18.49,2025-08-27T13:51:21.064591
9283c9b0-6f83-45d1-bd21-0444bf45f784,79fc4812-26d3-4ade-93fb-8c817b2fb15b,2341a1b6-ca76-4973-ad2e-4a906f9fd51d,mobile,1,117.6,6.16,2026-04-10T13:51:21.064603
7da85ce4-1e3d-4c8c-9831-1d616863da0c,b0a631a6-9bfd-4a8c-8c49-40dba41cc45c,7df8e284-e832-44a7-94ef-f17a4e5da9d6,web,5,448.45,5.8,2025-09-30T13:51:21.064615
916018a2-48c5-4431-828d-f7f08e5a0a80,a295cf72-e598-4850-963d-6023136619cc,321b80eb-c6e9-42e0-a6f5-86598247acd3,web,4,1171.56,6.75,2025-09-08T13:51:21.064627
dd1a732a-d725-4bdd-8b83-01341154150f,bdab1d19-8ba7-4bfc-a5ad-61087bba98d6,6eae25b5-bfd1-445a-b0d8-86e5ef9604a3,store,2,958.04,18.3,2025-08-31T13:51:21.064638
36dc0b83-526f-49a7-b88d-d32693d246ff,8c0ec5af-151e-4280-ab18-606cae2ad64a,bdea1b76-1208-4a2f-b2e1-1aa8a5626500,web,2,616.92,7.93,2025-12-28T13:51:21.064651
62533d86-b528-4545-a6b8-fc679cbc3832,325a16f2-810b-43e0-b3fa-e2d5e3c13093,f1f6542b-4b3f-4e65-8d9a-766c8d57ad72,store,2,642.96,9.42,2026-04-04T13:51:21.064665
638bddf4-6124-423d-8775-9f376de2f952,5ea34c47-e02d-45ce-bbe2-3ae31540f714,28de6b67-c5da-4fd9-9ae6-64f199eb885d,web,5,1524.9,14.7,2026-02-05T13:51:21.064677
156ff27a-eecd-4527-b29c-79013a5d0311,5346484c-2d6c-4d8b-abc1-1949a60165bb,e68cd9b3-0f66-4719-b9c8-10a5e0acfc32,mobile,4,1716.4,5.62,2025-06-25T13:51:21.064696
b36fa3d2-93e2-4cb0-8f1b-b49258a0f486,4ef4042a-f263-4a37-919f-f91e554b9949,cbf743b9-e903-4a26-825c-7bde33e1d82c,mobile,5,1866.75,12.94,2025-08-27T13:51:21.064722
307eac7b-8b88-40ba-8e51-3bf0f7391540,87554c20-10a5-4d5b-a814-26d32d96bfcc,457d9d38-588b-41ff-8c67-d7258b51a8e6,store,2,832.8,13.53,2025-08-01T13:51:21.064741
ec7a6437-93fc-4cd7-b9a2-b1af44664931,735c5be2-ba98-4be8-ac04-410d8c7bea4d,944989d7-0474-4130-959f-c793bf62259e,web,4,477.44,11.45,2025-08-17T13:51:21.064755
9996f5fe-ba7c-44ce-bd22-405b9fe3c28f,37719c60-2dce-4f9d-ac9f-4aa5da5bbcd8,053f89ae-21b6-4267-baf4-f4be573d366f,mobile,2,142.3,13.87,2025-04-24T13:51:21.064767
d2eccf48-d768-4bbf-9009-d78585b30775,3e0f0892-3271-4349-a4d6-c5b43dd208f5,bdea1b76-1208-4a2f-b2e1-1aa8a5626500,web,4,1233.84,14.84,2025-09-23T13:51:21.064779
e5c3cb9c-e71f-46b7-bed2-2294c3aed23c,c7a05006-af72-4fe4-af69-4916237acd03,905f2110-caca-46ad-b1fc-61c3fda110f1,mobile,1,48.6,6.05,2025-05-07T13:51:21.064792
1ebfb705-3711-4fe7-8e29-90ba3044b75f,f81bcfa1-39d2-47e8-8236-8071706a6271,542e404c-f975-45bf-b793-249b8d15665d,store,1,107.42,1.17,2025-04-25T13:51:21.064803
143f1bfb-59ab-4142-9299-f0eab96a8889,8d828bfe-e76a-4489-8c2c-8660db2e545a,17c1c99f-c424-420e-8868-5ab21bafe8e5,web,4,569.04,10.9,2025-04-22T13:51:21.064818
8c1d7bf2-e967-4a81-97f8-93ab2a565c64,03cd349e-dd04-4d46-a08f-6b40026ac251,f1f6542b-4b3f-4e65-8d9a-766c8d57ad72,store,1,321.48,4.12,2025-09-19T13:51:21.064830
465527e0-e087-40d1-80c0-372386932e07,e599d142-71ea-4ee4-8680-b02ba12c7bd9,69b6bb4a-cfaa-4878-91ae-e146f31c1955,web,1,341.57,11.56,2025-09-22T13:51:21.064842
6be882d2-818c-4845-ade8-36052a8fc33e,72595032-530c-40ee-b0f0-4ba91d52b77a,79634690-8c5c-4240-8205-82b10c85c886,mobile,4,1293.24,11.63,2026-01-07T13:51:21.064853
9f5794c9-7a8c-448b-adf6-561167307d04,e1269dc6-362b-4eb3-bbfd-898d81402a48,bdea1b76-1208-4a2f-b2e1-1aa8a5626500,mobile,5,1542.3,19.9,2026-03-05T13:51:21.064865
c1f7c869-9ecb-46ea-8bca-9a7775bc1d56,05936011-9e61-41c0-bc67-638eee4f08eb,168e2ef5-ab86-444e-ad38-6cbe82465e6a,web,2,180.12,11.24,2025-08-07T13:51:21.064878
b976668b-0596-42b2-a18b-316e4c16cc0f,d5327b4f-92bb-47e0-8591-523fd0425dda,905f2110-caca-46ad-b1fc-61c3fda110f1,store,2,97.2,1.81,2025-12-17T13:51:21.064890
8ba040bb-d80b-4590-9733-95afd7d0628f,0aecb8b1-e5bf-4a41-88ed-1559a7e7a3a1,79634690-8c5c-4240-8205-82b10c85c886,store,5,1616.55,12.21,2025-09-11T13:51:21.064903
201eab7e-91ff-4a01-8cb2-ed20c5fc4eab,32528c9b-b758-4757-b73f-1f5e974a7789,f6df0b45-6106-42d3-8c75-195d0ad4baee,web,5,1943.95,0.6,2025-11-17T13:51:21.064915
5d461f21-7657-4119-b8f5-33000cbcced9,c0f89555-5fe2-4ced-8b60-e35e96e39987,168e2ef5-ab86-444e-ad38-6cbe82465e6a,mobile,2,180.12,15.42,2026-03-02T13:51:21.064928
025fea53-bb42-4052-8b5c-96503d015f1f,a7efd861-82e5-43b1-9e1d-0c829bfa825e,905f2110-caca-46ad-b1fc-61c3fda110f1,mobile,3,145.8,12.03,2025-04-29T13:51:21.064940
b440a1f3-0cf9-4ca6-a4d7-1f654db93da8,82096266-7a2c-4427-a149-f828011d4c09,28de6b67-c5da-4fd9-9ae6-64f199eb885d,mobile,3,914.94,12.21,2025-10-14T13:51:21.064951
d1412c44-9990-4ec6-b967-bbf800310d1f,d5327b4f-92bb-47e0-8591-523fd0425dda,f1f6542b-4b3f-4e65-8d9a-766c8d57ad72,mobile,1,321.48,3.59,2025-10-03T13:51:21.064963
c7b457a6-7ce8-410a-95bb-33d5d117dead,ba0f0624-b1c9-4f49-9041-fd7c7b1028a5,457d9d38-588b-41ff-8c67-d7258b51a8e6,web,5,2082.0,0.04,2025-09-03T13:51:21.064978
d20194b7-0191-4ed6-ae0a-e39f0dd87e4c,400b741d-0ca0-45d6-8523-573617fee653,1791a541-fe39-430b-9626-a24acd85e08e,web,2,543.44,11.23,2025-11-27T13:51:21.064991
12317a6e-e2c2-4a46-8cce-b62ae3285d1c,cc6dc755-3bcc-4846-adc8-a43fc84f193c,a47d64f7-a098-44b9-8c64-05a8c978779f,mobile,2,611.64,2.93,2026-03-19T13:51:21.065005
a1b9c5e2-c0c6-46cd-bb67-a5b3940fbb49,b7aaa865-e5ca-4a1f-8fc6-8ec0e327c3ba,d5ee97fe-7203-4277-a432-29e8207ec8be,web,4,210.36,8.29,2025-07-14T13:51:21.065017
6871655f-7bcd-4ed9-9d76-7ddaf8d155c2,f556570a-83d4-4f36-bcdc-aa50e4af7c10,79634690-8c5c-4240-8205-82b10c85c886,store,4,1293.24,19.08,2025-05-26T13:51:21.065029
7dd70d3b-3b9d-49ca-9552-c6d24dd3ab6e,dfd88f4a-881a-4321-818c-18b086464918,6eae25b5-bfd1-445a-b0d8-86e5ef9604a3,mobile,1,479.02,10.55,2025-10-22T13:51:21.065041
fc00eb59-c98a-4c4d-8b9d-5457cf1c5c5f,3a9aea0a-65d8-411d-a515-5239f165ec5d,69b6bb4a-cfaa-4878-91ae-e146f31c1955,mobile,1,341.57,17.02,2025-10-03T13:51:21.065052
814ca640-9a98-466c-a857-d27a4f1726e8,b8bc9125-abd7-42fa-b7cd-bccbe5922a40,08f682e0-0949-4d7f-9c1a-36bb48342221,store,5,1077.75,0.03,2026-02-27T13:51:21.065080
3e9954b4-eaa4-4a3c-8442-da5a494d04e0,01b0c61b-4ff2-4653-a90f-f2336d2cab3a,f1f6542b-4b3f-4e65-8d9a-766c8d57ad72,store,1,321.48,1.09,2026-02-16T13:51:21.065093
28d36d9e-2c65-40e6-bb33-ebc933c80ca2,c55e3b0c-2166-4985-a1d3-11a262d3395d,08f682e0-0949-4d7f-9c1a-36bb48342221,store,4,862.2,0.85,2025-05-28T13:51:21.065105
49611277-33c5-41bd-a626-dc308502126d,c28076f1-629d-4e62-9dae-bd317892740b,69b6bb4a-cfaa-4878-91ae-e146f31c1955,mobile,2,683.14,12.58,2026-03-31T13:51:21.065116
04f2d255-76b0-43bd-9ce6-d287d5846f23,53e0275c-fc42-4900-a0ea-d5048e14d832,1791a541-fe39-430b-9626-a24acd85e08e,web,1,271.72,8.04,2025-08-26T13:51:21.065129
4268f52b-b7b2-4b15-afa3-e3826416a1f4,a18309c4-a283-406a-9f8a-e402aa32ac66,9c0e36b8-29dc-48d8-9869-8d952c29dbdb,mobile,5,1493.65,3.48,2025-09-15T13:51:21.065140
453bb896-44cf-4756-8997-2962b781f042,151c76f0-b52b-44c4-88d8-60c260d72682,a0de6626-305c-473f-946f-bec5e72fa2b2,store,3,1102.68,15.05,2025-07-20T13:51:21.065170
fddfc2f1-a132-400e-8084-db74e19ed609,4c3b7dd1-c7ed-48ad-a424-3974280ffa05,cbf743b9-e903-4a26-825c-7bde33e1d82c,mobile,4,1493.4,10.15,2026-01-30T13:51:21.065182
b7890ed2-6e06-4d76-9491-c0cad3cb7111,0020e35e-aa5d-4890-a121-d2a1de6df4ca,457d9d38-588b-41ff-8c67-d7258b51a8e6,mobile,5,2082.0,12.94,2026-01-11T13:51:21.065194
1b9098eb-c849-4592-ad74-b72aa9482c6f,c1207f04-88b4-4471-845c-87ac01dd5ff3,a47d64f7-a098-44b9-8c64-05a8c978779f,store,1,305.82,10.8,2026-03-08T13:51:21.065206
ffb33149-1dc9-4fc8-9e72-90976a5928c7,48fb6021-8054-4fbb-8b47-87326c61c00b,28de6b67-c5da-4fd9-9ae6-64f199eb885d,web,5,1524.9,3.43,2025-09-30T13:51:21.065217
cffe767b-d928-4207-9247-02e3c21c9425,7a2c8513-4c58-41e2-a436-bd6a6a91e982,f6df0b45-6106-42d3-8c75-195d0ad4baee,web,4,1555.16,11.15,2026-02-07T13:51:21.065230
e372666a-4d98-4b1b-9582-c79558a728e2,82c6b92a-eacb-45ed-b8c3-430b0d490459,542e404c-f975-45bf-b793-249b8d15665d,mobile,1,107.42,2.4,2025-12-14T13:51:21.065241
3ddd93bf-a5af-4681-b5ad-08a886ef8bd1,3e180188-758e-4f82-bfe5-3ce6dbd03f62,24665074-3a11-4fcf-82f7-1d50a0b2580f,mobile,4,1527.24,18.03,2026-01-06T13:51:21.065253
df274271-8160-40a7-bed8-81efa42bd613,0560a543-8369-4fc5-a080-3704ce1ea87d,a47d64f7-a098-44b9-8c64-05a8c978779f,store,3,917.46,16.06,2025-12-25T13:51:21.065269
33fc8dd9-c689-494f-8bbd-354113cf0963,8040cbdd-63a5-4643-98aa-2a7670be6024,24665074-3a11-4fcf-82f7-1d50a0b2580f,mobile,3,1145.43,13.61,2025-10-26T13:51:21.065296
37707d75-57ef-4c6e-8511-b809907c29b4,cfe0b1a7-cd03-4d1e-93b0-3bbdd16f6a23,ca3df109-0f94-4c65-bb50-5e247fa97614,web,1,353.88,0.22,2026-03-05T13:51:21.065315
95ff4047-4c22-431f-9f0a-411296d24b28,0e84ca4e-38ef-4914-9a48-d37c077735d3,a0de6626-305c-473f-946f-bec5e72fa2b2,web,2,735.12,13.15,2025-11-14T13:51:21.065328
9ec7cc88-c9a3-440e-8fe6-100b1fbdd226,a7b1d04c-20b3-4043-8752-459a280b14a5,56ad6e1f-0691-4acd-a3de-c8da072e3963,web,4,584.6,11.71,2025-06-14T13:51:21.065339
79c8b385-da64-422d-ab78-4b03b9e90e70,952d7f9c-eec2-4cfe-9a22-d67b2438dd4f,08f682e0-0949-4d7f-9c1a-36bb48342221,store,2,431.1,4.97,2025-08-24T13:51:21.065354
67104f16-d15d-4d2c-b194-bc77afe12ca6,ea4f8aeb-9ef4-46ca-953e-5e309b9171ca,17c1c99f-c424-420e-8868-5ab21bafe8e5,store,3,426.78,8.1,2025-06-28T13:51:21.065366
ecf10486-9c72-4a88-b2f2-66be0e916681,05936011-9e61-41c0-bc67-638eee4f08eb,69b6bb4a-cfaa-4878-91ae-e146f31c1955,store,2,683.14,12.98,2025-06-07T13:51:21.065380
3a96fb41-edee-4f98-9afe-0eba199c7f1a,c8d10fb3-b0d6-4395-abbf-fd46d3f2dd82,79634690-8c5c-4240-8205-82b10c85c886,web,2,646.62,7.51,2025-11-16T13:51:21.065392
ea02a2d5-fdeb-4a7b-9bdc-1fe6d986aa3d,ef8225e3-4aeb-459c-8242-fae62541926d,053f89ae-21b6-4267-baf4-f4be573d366f,store,1,71.15,4.45,2025-10-17T13:51:21.065404
075f12c6-1199-45e3-88c5-b6f5018b04b1,cd7c00ee-783f-44f3-9c7f-80c043255ce5,e19c753d-318c-4edb-b565-fc406c99c72c,web,3,588.75,14.0,2025-08-02T13:51:21.065416
5e1f8b69-f6e0-41e8-b8b1-9ecb668d8553,05936011-9e61-41c0-bc67-638eee4f08eb,f1f6542b-4b3f-4e65-8d9a-766c8d57ad72,mobile,3,964.44,0.33,2025-11-24T13:51:21.065428
93bd4a08-cda4-4cd6-bb8b-6120080908ce,0662b6ce-20a3-4d11-92e7-9ebde7122461,f6df0b45-6106-42d3-8c75-195d0ad4baee,mobile,3,1166.37,2.94,2025-07-28T13:51:21.065440
03327c7c-d009-4a10-9e3e-16b4be020f6d,964b7af0-f945-4a93-a040-a1f71aed720f,2341a1b6-ca76-4973-ad2e-4a906f9fd51d,web,4,470.4,10.36,2025-08-03T13:51:21.065452
3d3838b4-ab93-4aca-b298-74ff00e09855,70928f45-8f59-44f3-973d-95a5d8e1a0c7,f6df0b45-6106-42d3-8c75-195d0ad4baee,web,4,1555.16,19.21,2026-01-28T13:51:21.065465
e48ffb5f-3aed-467d-8f81-b9ba8ed7c9aa,9d5bc314-79d9-4dee-966f-dba735c7590f,e19c753d-318c-4edb-b565-fc406c99c72c,store,1,196.25,16.14,2025-10-02T13:51:21.065477
ee27aadf-d989-40c9-b350-60f312a20008,302fe327-d775-409b-8012-a97df34b403d,1791a541-fe39-430b-9626-a24acd85e08e,mobile,4,1086.88,1.47,2025-11-21T13:51:21.065489
fb20f514-ba7f-4103-8894-95f1ae200f1a,0710c154-efdf-49d3-967a-8e039d47a392,053f89ae-21b6-4267-baf4-f4be573d366f,mobile,5,355.75,18.1,2025-08-10T13:51:21.065501
00b0d665-fb10-47cc-84b2-102a59cd9296,e0218eae-26bc-40f7-820b-69b7e7a384a5,69b6bb4a-cfaa-4878-91ae-e146f31c1955,mobile,3,1024.71,10.49,2026-01-10T13:51:21.065526
de6929d4-3ce2-4cd2-90f8-e15221aae93b,0a6dd152-f4e3-4ace-b8a8-88e743549233,9c0e36b8-29dc-48d8-9869-8d952c29dbdb,mobile,4,1194.92,2.58,2025-07-01T13:51:21.065551
43d07630-8dbb-494f-b7d4-5a25bf49b8b8,b404a8e7-16e4-4439-a553-4fc2473a176b,e68cd9b3-0f66-4719-b9c8-10a5e0acfc32,store,4,1716.4,18.97,2026-03-09T13:51:21.065564
ee36bd86-c948-42fa-83c7-47addd6073cf,89052c15-2c75-45bd-b849-25d7912e366c,e68cd9b3-0f66-4719-b9c8-10a5e0acfc32,store,2,858.2,7.54,2026-01-09T13:51:21.065577
d2f4f09b-82e6-42be-9a08-7417e9baea39,4a9cb868-6695-4bf7-93f9-6f179ead9401,08f682e0-0949-4d7f-9c1a-36bb48342221,mobile,5,1077.75,10.96,2025-06-11T13:51:21.065589
08049804-52be-4ba8-8a8a-e54417e654cb,bfa1faa6-7870-4ab7-b386-25eb3624f4dc,905f2110-caca-46ad-b1fc-61c3fda110f1,store,5,243.0,11.12,2025-08-14T13:51:21.065601
81112b67-5b4c-4fea-a1c5-874c5a4bd335,9d57b2f2-8959-4ba6-a225-7aae14a7ca35,ca3df109-0f94-4c65-bb50-5e247fa97614,web,4,1415.52,7.44,2025-06-07T13:51:21.065614
4939b022-92d4-4527-9bbf-c3b09712854b,3aa173fb-07c2-4854-8619-e70a310930dd,e19c753d-318c-4edb-b565-fc406c99c72c,web,1,196.25,4.94,2025-11-12T13:51:21.065629
2a8c7fd3-737c-47a0-ac81-be96a524136e,5034622a-2469-4dba-9e13-706f0eafd0c5,24665074-3a11-4fcf-82f7-1d50a0b2580f,store,1,381.81,17.9,2025-07-22T13:51:21.065640
7d36364e-330f-4d1e-bf05-f22ea86e377a,1b83c826-b10a-4344-9e73-15b5b96a5b58,bff07f43-24a8-4d20-b9e9-6cac1ecce307,web,1,60.07,12.06,2025-10-30T13:51:21.065652
46db6f7e-5cb0-4033-9346-2bc2f903eae3,ae5747f6-5be4-4adc-a70e-6a7af4e70c23,ad1fb5ee-a91c-4991-9341-e395d2beecef,web,5,1760.4,19.82,2026-03-03T13:51:21.065664
f8d323ce-becd-4d9f-a989-c9b5d0fdebbf,0a3c7b2d-e015-4c8e-aa15-0904eea35e94,79634690-8c5c-4240-8205-82b10c85c886,web,1,323.31,5.79,2026-04-13T13:51:21.065674
10984824-429a-4e98-8ceb-29a74f11ca7d,03e7d570-d942-42d5-972f-7ff8aca4fe7e,7df8e284-e832-44a7-94ef-f17a4e5da9d6,mobile,4,358.76,14.49,2026-01-30T13:51:21.065686
765dcffe-4aed-4a33-9db1-02a0b489481d,8e2a7aa8-8e6c-4b41-9ba3-9577be455dc7,d5ee97fe-7203-4277-a432-29e8207ec8be,mobile,3,157.77,4.54,2025-05-17T13:51:21.065698
3419d837-3431-4f52-88a2-58199d7bc5ae,0df92083-a3d8-4e5d-9db9-671c8cbb8682,a0de6626-305c-473f-946f-bec5e72fa2b2,web,5,1837.8,6.01,2026-03-10T13:51:21.065710
73d374b4-4963-4d05-83b4-e21a46807de2,3cae7953-c156-471c-9a5f-92f3526f83e4,56ad6e1f-0691-4acd-a3de-c8da072e3963,store,5,730.75,6.43,2025-06-25T13:51:21.065724
71668774-257d-4c8c-900f-427894b22f4d,26f752ae-cb28-42e6-8109-575dcebe96fb,168e2ef5-ab86-444e-ad38-6cbe82465e6a,web,4,360.24,11.83,2026-02-07T13:51:21.065737
db1aebbe-8a96-4f7f-bcc1-e58cb0203824,9250bcb7-8e85-4859-9210-77e4d80ea8af,e19c753d-318c-4edb-b565-fc406c99c72c,store,3,588.75,5.94,2025-05-07T13:51:21.065751
1696fc3b-a23d-45bb-8801-cfb1cf193da0,78ef8c5e-d740-4e3d-aa65-2c822c418b3c,542e404c-f975-45bf-b793-249b8d15665d,store,3,322.26,12.42,2026-04-10T13:51:21.065775
d30a43ad-864d-43e4-8410-2424b2f6c9db,0a9d7983-6f35-4787-b27b-e0aca049aff4,08f682e0-0949-4d7f-9c1a-36bb48342221,web,1,215.55,4.67,2025-07-24T13:51:21.065795
5e48bd07-bf3e-4aa1-9d54-2732069f70c8,d71e8f1d-919c-4e14-a319-147952812e42,6eae25b5-bfd1-445a-b0d8-86e5ef9604a3,store,1,479.02,19.87,2025-06-28T13:51:21.065807
16de4924-300b-43af-a2ee-17a40b748033,967a969f-428a-4ffe-ad7a-fb432d7496a2,08cb9e44-2170-4369-9ab2-a47e52847e6c,mobile,5,585.6,18.11,2025-12-03T13:51:21.065823
eb7e9956-89c7-4658-b425-926832775fa3,03cd349e-dd04-4d46-a08f-6b40026ac251,542e404c-f975-45bf-b793-249b8d15665d,web,5,537.1,12.98,2025-07-10T13:51:21.065835
8f5e9223-448e-484f-bdff-3831c8faa257,058c636f-b73c-4bd9-bd6a-134962a13206,321b80eb-c6e9-42e0-a6f5-86598247acd3,web,4,1171.56,17.59,2025-07-16T13:51:21.065847
7920e888-3ab2-4054-9002-d7e5208e1bdf,ae5fe4b9-a9aa-4f59-b42b-46e5f2468402,0e9c5cdb-187a-4121-93cd-cd24adc53bc4,mobile,3,337.95,18.7,2025-12-11T13:51:21.065859
08ba748b-0be7-4a16-a37d-7e68daca6015,c8d10fb3-b0d6-4395-abbf-fd46d3f2dd82,e68cd9b3-0f66-4719-b9c8-10a5e0acfc32,mobile,4,1716.4,8.61,2026-02-23T13:51:21.065873
39b53b51-982f-4bd9-b86e-9fd954a3bb4f,ae851670-1c59-4e22-9edd-1d3d7b880e7c,0e9c5cdb-187a-4121-93cd-cd24adc53bc4,mobile,2,225.3,12.84,2025-05-17T13:51:21.065889
d2d4530a-0377-4ad6-9fb8-0c645baf7cd0,80a6b929-e1f9-4b9b-b8ea-5c1b93b29273,a0de6626-305c-473f-946f-bec5e72fa2b2,web,1,367.56,15.91,2025-11-08T13:51:21.065903
03bd3310-735d-4d54-a47f-b40995b256b8,0cfd5607-d58f-4d81-9835-b178d717b015,ca3df109-0f94-4c65-bb50-5e247fa97614,mobile,3,1061.64,3.27,2026-02-13T13:51:21.065915
87c1cfbe-05bd-4642-9fff-6335a5ebc919,0ebad927-eae2-4b88-a206-9da927294c87,d5ee97fe-7203-4277-a432-29e8207ec8be,mobile,2,105.18,12.37,2025-08-12T13:51:21.065927
3c300aa5-1f69-40cf-8725-95ab7170858a,2a6c32ce-d70a-4305-a174-d980455e126f,f6df0b45-6106-42d3-8c75-195d0ad4baee,web,1,388.79,9.92,2026-04-09T13:51:21.065939
4ceca05e-5ab9-4d85-9c32-6d6a6174c100,17b5440a-a8df-4fd5-997a-0921ee427014,ad1fb5ee-a91c-4991-9341-e395d2beecef,store,2,704.16,19.81,2026-03-09T13:51:21.065950
25b0cb43-97fb-4d0a-8bb4-7bea1050cf07,3c0ec3bc-82a6-49b7-bc9b-7911b3f741a6,69b6bb4a-cfaa-4878-91ae-e146f31c1955,web,2,683.14,15.15,2025-09-13T13:51:21.065962
ae72d390-3f2b-4e3e-838e-fe301152981c,f1e85f7e-0df4-4232-b450-87ea70eaed9e,24665074-3a11-4fcf-82f7-1d50a0b2580f,mobile,1,381.81,6.67,2026-01-30T13:51:21.065973
27f8915e-a1bb-406c-a284-aee66733557b,8369c1b7-e066-4496-95c8-c4798a0240e4,d5ee97fe-7203-4277-a432-29e8207ec8be,mobile,5,262.95,9.69,2026-01-04T13:51:21.065985
9f851ef1-f023-41f4-8058-0bffa7353988,94d0b5a3-a86a-4abe-816b-c62b05ebe72f,7df8e284-e832-44a7-94ef-f17a4e5da9d6,store,1,89.69,14.64,2026-01-08T13:51:21.065996
72fe9d32-b132-40f6-8701-77c37f379991,97ef2d8d-9dfa-469c-9ff4-e4f4cfc6f847,a0de6626-305c-473f-946f-bec5e72fa2b2,store,3,1102.68,5.73,2025-11-26T13:51:21.066008
1f5cf6fd-cf27-4bbc-a693-5dcd532afef5,1b01f236-b755-4298-ae6c-63febc013b50,79634690-8c5c-4240-8205-82b10c85c886,store,3,969.93,0.51,2025-08-06T13:51:21.066019
63a1f03d-e652-47a7-bddc-686e7ed472c1,660774c2-3e9a-4fb9-8a1d-efc23461f660,168e2ef5-ab86-444e-ad38-6cbe82465e6a,web,4,360.24,6.3,2026-02-09T13:51:21.066035
602d7c41-db08-4800-8bef-262cd50e2d9f,ade7f931-425a-4ac1-9ba5-fb56ea154a33,79634690-8c5c-4240-8205-82b10c85c886,store,4,1293.24,1.52,2025-09-16T13:51:21.066051
88411ea1-dbc8-4d2b-9835-1daac41f4629,228052e8-635e-4302-ace6-72ead42c8602,d5ee97fe-7203-4277-a432-29e8207ec8be,web,4,210.36,19.55,2025-05-28T13:51:21.066077
fab564c2-8e8a-4e53-996c-cd1923c502c3,c67dbd8e-a7b0-4c75-9187-a42663b4bdf6,17c1c99f-c424-420e-8868-5ab21bafe8e5,store,3,426.78,13.9,2026-03-01T13:51:21.066105
a17a1d08-ebea-46be-bf63-5c0e50d4195f,72595032-530c-40ee-b0f0-4ba91d52b77a,9c0e36b8-29dc-48d8-9869-8d952c29dbdb,store,5,1493.65,1.57,2025-06-16T13:51:21.066125
00914343-5d05-4ea2-8d3b-d8329ffaf3b2,964b7af0-f945-4a93-a040-a1f71aed720f,1308f602-c166-4cdc-868a-0b4938053d4d,web,2,64.88,12.1,2025-12-06T13:51:21.066153
aadf78aa-f5ea-4212-a86c-8765cb38f09a,72cb36c3-7d29-445a-be42-baccbe7f0659,17c1c99f-c424-420e-8868-5ab21bafe8e5,web,3,426.78,6.89,2025-07-29T13:51:21.066173
bbd41698-5c22-4ad2-a11a-6bba47630a4c,853320e2-2a2e-4c3f-adc1-dda36244a5bf,1890b36f-a137-41e5-b5ed-1d9d565c4bd0,store,1,25.56,5.21,2025-11-02T13:51:21.066184
3cd6430a-bcc8-4855-abea-e7d2b6d2cced,c0f89555-5fe2-4ced-8b60-e35e96e39987,f6df0b45-6106-42d3-8c75-195d0ad4baee,mobile,3,1166.37,13.33,2025-12-09T13:51:21.066199
5ee59d25-8510-4960-9aa0-a40e7e445a95,39d21055-64ab-4312-b0c0-d7ddc3e6fe12,f6df0b45-6106-42d3-8c75-195d0ad4baee,store,1,388.79,16.43,2025-05-19T13:51:21.066211
27ef380d-21ed-45c7-b3b6-22693ef6827a,5e7d9c86-0812-4f35-9b4d-2df0f399a1dd,69b6bb4a-cfaa-4878-91ae-e146f31c1955,mobile,3,1024.71,4.92,2026-04-10T13:51:21.066223
17646049-fbd9-4d0e-bac3-be680ba788b0,d34b6e61-d1a7-4387-9cfb-0e7ab4e5d294,79634690-8c5c-4240-8205-82b10c85c886,store,3,969.93,2.34,2025-11-03T13:51:21.066236
46ef62bd-c6d9-4ba7-aeaa-6897e0696a45,70928f45-8f59-44f3-973d-95a5d8e1a0c7,cbf743b9-e903-4a26-825c-7bde33e1d82c,mobile,2,746.7,10.92,2025-06-10T13:51:21.066247
6ad926ff-f789-4cce-836f-6cfb1bf1563a,327977bd-0cc0-4e37-a898-be7b1668b132,1890b36f-a137-41e5-b5ed-1d9d565c4bd0,mobile,5,127.8,4.18,2026-04-03T13:51:21.066259
8f77f4c4-3a9c-4f15-b02a-0e8fcf7c1131,8040cbdd-63a5-4643-98aa-2a7670be6024,f6df0b45-6106-42d3-8c75-195d0ad4baee,web,2,777.58,10.27,2026-03-26T13:51:21.066270
53f26205-f944-4c8d-a441-3f3e688ce240,a52635f8-5d4b-4e50-89d7-7c68f3c83db7,168e2ef5-ab86-444e-ad38-6cbe82465e6a,mobile,5,450.3,18.97,2025-09-23T13:51:21.066283
3a038bc5-f845-454d-8891-e8274c7449f3,f6449f19-458b-444b-b1c6-fdab5901ee7d,cbf743b9-e903-4a26-825c-7bde33e1d82c,mobile,4,1493.4,0.25,2025-07-16T13:51:21.066294
22fe3365-9b4b-40fd-8d0d-3b268692925f,6b1fe901-5849-41af-9f5a-20e3dd30b27e,905f2110-caca-46ad-b1fc-61c3fda110f1,mobile,2,97.2,6.76,2025-06-08T13:51:21.066306
90b3c83f-d188-4c51-8f20-071598fb8866,370f0855-85f1-477f-8f8e-0f1980e8cfc6,1308f602-c166-4cdc-868a-0b4938053d4d,store,3,97.32,14.19,2025-04-26T13:51:21.066318
7ac36375-0f11-47d5-8211-33f43a1871ab,bdb77e2b-5d39-41d7-8683-b92222eebcd7,56ad6e1f-0691-4acd-a3de-c8da072e3963,mobile,2,292.3,8.35,2025-10-22T13:51:21.066330
fccbf365-fbfe-4de5-9110-d0e314798fce,039c9b20-dd1e-4d98-ac25-be384c76f160,69b6bb4a-cfaa-4878-91ae-e146f31c1955,store,2,683.14,6.0,2025-06-10T13:51:21.066345
e29b95a4-dae3-4fb5-8716-1552e5fce70f,2a6c32ce-d70a-4305-a174-d980455e126f,cbf743b9-e903-4a26-825c-7bde33e1d82c,web,5,1866.75,15.24,2025-07-30T13:51:21.066365
0615927a-2a50-498b-a353-47b540143d18,539ff2c6-6954-426f-8aac-ef6ce054bfab,e19c753d-318c-4edb-b565-fc406c99c72c,mobile,4,785.0,14.4,2026-03-25T13:51:21.066378
bad7b9a8-251f-4e83-89f1-cf77e756346b,302fe327-d775-409b-8012-a97df34b403d,17c1c99f-c424-420e-8868-5ab21bafe8e5,mobile,4,569.04,3.36,2026-03-25T13:51:21.066391
65d23873-9d70-43d5-b5dd-83c9ee436863,1a02c0cc-fc75-4896-95e3-13aa5ba34d35,28de6b67-c5da-4fd9-9ae6-64f199eb885d,mobile,5,1524.9,1.85,2025-04-22T13:51:21.066403
06029fe9-3151-44eb-93ec-a3cc7e8c02cf,e599d142-71ea-4ee4-8680-b02ba12c7bd9,a0de6626-305c-473f-946f-bec5e72fa2b2,web,2,735.12,3.99,2026-03-06T13:51:21.066414
cca0e1a8-2d29-4635-b9c5-919368a2b6a2,058c636f-b73c-4bd9-bd6a-134962a13206,08f682e0-0949-4d7f-9c1a-36bb48342221,web,4,862.2,1.92,2025-10-04T13:51:21.066426
43d7b5fd-41c9-49e6-ab89-013a78d011ec,c93f2cd4-13a8-4f0f-8d1a-8854990eb1b2,a47d64f7-a098-44b9-8c64-05a8c978779f,mobile,5,1529.1,0.94,2025-10-24T13:51:21.066442
a68db94b-0630-4767-9174-d2e5444b151c,f147feb5-d760-42b9-978a-4c7d74aa903a,f6df0b45-6106-42d3-8c75-195d0ad4baee,mobile,2,777.58,2.39,2026-01-10T13:51:21.066454
c71fa28e-9c4e-46a4-b18a-05e17cd01c65,4220b0ed-148d-4a5e-ac8f-7593460ab12d,f6df0b45-6106-42d3-8c75-195d0ad4baee,store,1,388.79,15.97,2025-11-15T13:51:21.066466
28100d1a-6f97-40b7-9129-5dc366d685df,2c8ea884-611e-4c1c-8bfc-fb572f76ea57,9c0e36b8-29dc-48d8-9869-8d952c29dbdb,store,2,597.46,4.52,2026-04-06T13:51:21.066478
f7fb7460-e3e6-477e-acc9-c4d9d93b395e,d3dcaad1-9e4d-4862-b064-aa7e02b5f7a7,0e9c5cdb-187a-4121-93cd-cd24adc53bc4,store,1,112.65,19.04,2025-08-15T13:51:21.066490
23c2b8ef-18ff-47c6-b1dd-89b57edb2698,8de4ba42-f9cc-4561-9d63-a626e4997a50,a47d64f7-a098-44b9-8c64-05a8c978779f,mobile,3,917.46,13.96,2025-08-13T13:51:21.066502
1cb6b850-8c39-4661-9578-0a5e863f9646,3226488b-4d5b-4e5c-b1a2-eb3197174b97,69b6bb4a-cfaa-4878-91ae-e146f31c1955,mobile,5,1707.85,15.45,2025-05-03T13:51:21.066526
dec04905-ab80-487c-b7c2-c858dab71882,d44fe8d0-8697-478a-b561-5412b92c3cdd,ad1fb5ee-a91c-4991-9341-e395d2beecef,web,1,352.08,5.79,2025-08-31T13:51:21.066556
03ae2d74-dff2-42c4-91a5-0d11d8acea62,ae5747f6-5be4-4adc-a70e-6a7af4e70c23,d5ee97fe-7203-4277-a432-29e8207ec8be,store,5,262.95,14.58,2025-06-26T13:51:21.066583
078849c2-8863-4816-b414-71a4a8179578,e80f3f91-63af-4ba4-8042-16c99c87b341,a47d64f7-a098-44b9-8c64-05a8c978779f,store,4,1223.28,19.96,2025-08-10T13:51:21.066595
0e02f19a-cab5-401b-bed1-a29d669bf305,0af417b2-c439-4d9b-a97b-9e76de6515ea,e68cd9b3-0f66-4719-b9c8-10a5e0acfc32,store,2,858.2,14.06,2025-12-09T13:51:21.066607
5babd27a-b445-40b0-baa2-a95fa32f63f9,e80f3f91-63af-4ba4-8042-16c99c87b341,1308f602-c166-4cdc-868a-0b4938053d4d,web,1,32.44,19.52,2025-10-11T13:51:21.066619
ee611f20-5293-4d39-8b76-dfad5d3a43b2,f81bcfa1-39d2-47e8-8236-8071706a6271,1308f602-c166-4cdc-868a-0b4938053d4d,store,1,32.44,0.33,2025-07-16T13:51:21.066631
d0df94df-4069-4bc6-a651-82754b5c849e,a7b1d04c-20b3-4043-8752-459a280b14a5,ca3df109-0f94-4c65-bb50-5e247fa97614,web,5,1769.4,4.32,2025-08-29T13:51:21.066644
8c1bdcfe-f9cb-4b9e-a558-505cf811dc3e,d6ffbccc-f1ed-4c8d-bc34-01a57153c74b,1791a541-fe39-430b-9626-a24acd85e08e,store,4,1086.88,18.56,2026-03-22T13:51:21.066656
c37922c4-4275-498a-aee0-8a4d03a49cfc,edf7364c-5fb5-440f-9742-0f14133ceede,f6df0b45-6106-42d3-8c75-195d0ad4baee,store,2,777.58,7.92,2026-03-25T13:51:21.066668
b39b0f2c-488e-4215-95ff-6c571c6898f9,c49ee3c5-aa37-4df0-bed9-2497197ddbb3,79634690-8c5c-4240-8205-82b10c85c886,web,3,969.93,14.62,2026-03-24T13:51:21.066679
196a424b-6d3a-41ee-aa7f-c998d1534be4,6599b145-76bf-4688-84ea-5549a07fc0b1,1890b36f-a137-41e5-b5ed-1d9d565c4bd0,web,4,102.24,12.48,2025-11-30T13:51:21.066690
d00d3787-ecb4-472b-8a87-e491b686ace6,48939967-06c2-444f-bd14-4f7a500ae2cb,28de6b67-c5da-4fd9-9ae6-64f199eb885d,mobile,1,304.98,0.88,2025-12-26T13:51:21.066701
42c73bfb-0af2-4fab-a10c-5aad891b1e94,b9412933-cb49-4456-9667-7033dbd70b97,9c0e36b8-29dc-48d8-9869-8d952c29dbdb,mobile,1,298.73,0.58,2025-12-15T13:51:21.066713
074ea4a9-3801-4b4b-a880-9057203cc3e0,8de4ba42-f9cc-4561-9d63-a626e4997a50,542e404c-f975-45bf-b793-249b8d15665d,store,1,107.42,6.78,2025-06-08T13:51:21.066727
d7c8cd2f-fd5a-4508-91d2-0edea17cf336,c67dbd8e-a7b0-4c75-9187-a42663b4bdf6,ad1fb5ee-a91c-4991-9341-e395d2beecef,mobile,4,1408.32,9.35,2025-10-08T13:51:21.066739
36660f94-9b48-4a75-9f15-dcb1ef78feeb,4b581a14-30d2-46dc-933e-c3d4fb4a84ea,321b80eb-c6e9-42e0-a6f5-86598247acd3,mobile,2,585.78,12.99,2026-02-17T13:51:21.066751
b3a850c1-c5ed-42d1-ba98-979d0bd79154,637c0f84-207d-48a7-a962-320e19bc238f,f6df0b45-6106-42d3-8c75-195d0ad4baee,mobile,1,388.79,14.33,2026-03-21T13:51:21.066763
6013e860-d0bf-4091-ae37-36a845b86bb9,87554c20-10a5-4d5b-a814-26d32d96bfcc,944989d7-0474-4130-959f-c793bf62259e,store,2,238.72,18.34,2025-08-21T13:51:21.066776
5655902c-9b71-4826-9c3b-9aa9fd37c8f2,1ad8fec9-6f2f-465b-85b5-6d9a98406fce,ca3df109-0f94-4c65-bb50-5e247fa97614,store,3,1061.64,5.16,2025-05-12T13:51:21.066788
c8425a47-170d-4909-98e4-c3b0430474f8,616ee21c-1141-485b-98f2-fdb0e48d66c0,542e404c-f975-45bf-b793-249b8d15665d,store,1,107.42,14.94,2025-11-03T13:51:21.066801
37ff2bd1-1d04-4f08-aeb3-64be5d372f03,72595032-530c-40ee-b0f0-4ba91d52b77a,a0de6626-305c-473f-946f-bec5e72fa2b2,web,3,1102.68,10.28,2025-10-29T13:51:21.066813
b7940e7d-799b-4301-84bd-90e60f2afc20,bb4ef3c6-a55d-4ec2-9f3e-ed8bc693d9d5,17c1c99f-c424-420e-8868-5ab21bafe8e5,mobile,1,142.26,2.42,2025-05-28T13:51:21.066830
1eb6007c-9f94-4e56-9b2f-50f06364875a,aec97b20-5ba5-49c5-825e-394baa6577c2,1308f602-c166-4cdc-868a-0b4938053d4d,store,3,97.32,10.59,2025-05-28T13:51:21.066854
9b5d59b7-8f59-4360-bb20-470b28c9ea6c,5bf4583e-b845-45d7-884b-2881ba288b9d,a0de6626-305c-473f-946f-bec5e72fa2b2,store,3,1102.68,3.14,2025-09-24T13:51:21.066866
41c5de86-b0f8-4be4-ba36-acc01e73848b,79fc4812-26d3-4ade-93fb-8c817b2fb15b,321b80eb-c6e9-42e0-a6f5-86598247acd3,store,2,585.78,12.33,2026-02-11T13:51:21.066878
7419d0b9-55ff-498e-ae5d-46f6cab7f1da,edf7364c-5fb5-440f-9742-0f14133ceede,905f2110-caca-46ad-b1fc-61c3fda110f1,web,4,194.4,4.69,2025-10-03T13:51:21.066891
27a0ca7f-634a-4890-9c33-01aa67dbeafd,a3ace69c-a556-4f4f-8710-866b65feb589,e68cd9b3-0f66-4719-b9c8-10a5e0acfc32,web,1,429.1,6.19,2025-09-12T13:51:21.066905
2111b173-a830-4eed-b24b-a7bc34b79971,48fb6021-8054-4fbb-8b47-87326c61c00b,cbf743b9-e903-4a26-825c-7bde33e1d82c,store,4,1493.4,8.98,2026-04-10T13:51:21.066916
853cfecc-513c-4bf7-b535-c002df85af69,a8448f61-5b18-4c98-82b9-083ed705ce61,08f682e0-0949-4d7f-9c1a-36bb48342221,web,4,862.2,2.62,2025-09-20T13:51:21.066927
501fc469-2e80-4e5e-959a-0ff5c4d85969,964b7af0-f945-4a93-a040-a1f71aed720f,d5ee97fe-7203-4277-a432-29e8207ec8be,store,3,157.77,0.54,2025-07-31T13:51:21.066941
e0143163-d61e-471f-9ef4-253f10f0e3f6,a7b1d04c-20b3-4043-8752-459a280b14a5,ad1fb5ee-a91c-4991-9341-e395d2beecef,store,1,352.08,4.61,2026-03-12T13:51:21.066953
f58a446d-8a23-4b91-b426-91c113506bf8,9c8a22ec-7e5f-474b-8e85-d6b34aea9e24,1890b36f-a137-41e5-b5ed-1d9d565c4bd0,web,4,102.24,6.32,2025-08-04T13:51:21.066964
878a4245-10ec-4ca1-8b15-b0171df172a1,2e1846b9-5efb-4df6-9fa0-b8de321d8ce9,6c37ac7c-22fb-489b-9e12-ba964446997b,mobile,5,2219.3,1.24,2025-09-02T13:51:21.066978
691d0e2c-40b8-464e-ac1e-504afe7f76e3,7a2b8734-d2fd-4488-8ef5-30d4b8a2d73e,24665074-3a11-4fcf-82f7-1d50a0b2580f,web,3,1145.43,4.18,2025-11-12T13:51:21.066990
4b485bcd-0166-405a-86e5-67b12ce349a6,4a9cb868-6695-4bf7-93f9-6f179ead9401,905f2110-caca-46ad-b1fc-61c3fda110f1,mobile,3,145.8,5.31,2025-09-01T13:51:21.067001
acd62d48-5558-4484-9b2f-e5548547ad5b,0a9d7983-6f35-4787-b27b-e0aca049aff4,1308f602-c166-4cdc-868a-0b4938053d4d,web,3,97.32,1.94,2025-10-10T13:51:21.067013
d04a202e-423c-4a27-8769-ee6fe7a3fccf,a3ace69c-a556-4f4f-8710-866b65feb589,905f2110-caca-46ad-b1fc-61c3fda110f1,web,4,194.4,6.39,2025-06-21T13:51:21.067025
78ae494b-44d5-43f5-b4e3-a2b34a0bd7c6,84d1dfb4-674d-49fb-b335-c37a563eaa93,28de6b67-c5da-4fd9-9ae6-64f199eb885d,mobile,5,1524.9,18.65,2026-03-06T13:51:21.067036
6476ce26-231b-40df-80e1-65e98b155783,fcce4cc1-7186-4f54-85f6-10e497d9899f,2341a1b6-ca76-4973-ad2e-4a906f9fd51d,store,5,588.0,19.29,2025-09-24T13:51:21.067048
dc48955f-240c-4f18-ac0e-f39611f71ab0,4169a5b1-d3ce-4a9a-9d4e-f35c958725e4,053f89ae-21b6-4267-baf4-f4be573d366f,web,4,284.6,8.59,2025-06-22T13:51:21.067060
324004ea-14e2-4a7f-837f-3a021b50726f,d6ffbccc-f1ed-4c8d-bc34-01a57153c74b,28de6b67-c5da-4fd9-9ae6-64f199eb885d,web,5,1524.9,17.62,2025-12-16T13:51:21.067071
1850bd48-8d7f-47d9-a00b-8ba5759781c5,63c5d37e-dcd5-4139-8a69-7e16620a0f45,ca3df109-0f94-4c65-bb50-5e247fa97614,mobile,3,1061.64,11.19,2025-05-29T13:51:21.067083
fa608a9d-f0bd-4ad9-92ce-f2d53dc8ec9a,643e9ab7-7f06-4631-b966-7cdf4dff8ad3,17c1c99f-c424-420e-8868-5ab21bafe8e5,mobile,1,142.26,9.37,2025-10-06T13:51:21.067095
6940d4c8-3003-4e98-bee4-422b6f0f3f43,72383042-728e-4d20-b0bc-201a92009198,24665074-3a11-4fcf-82f7-1d50a0b2580f,store,2,763.62,16.95,2025-04-25T13:51:21.067107
58d7d811-01f1-4509-b32d-4795e06288f4,efea988a-5ab4-4061-a010-1c03b054328b,1890b36f-a137-41e5-b5ed-1d9d565c4bd0,web,5,127.8,17.11,2025-12-01T13:51:21.067118
a4cb9213-0459-44ed-a9ef-a8656cc3016f,f36fccea-2534-4b79-a552-2ebb363bad1a,08cb9e44-2170-4369-9ab2-a47e52847e6c,web,5,585.6,0.51,2026-01-10T13:51:21.067132
a98a7d98-968a-4149-94e7-6d1c83d895ca,ed10b742-1bb9-4089-81b1-75d4bac59b90,e19c753d-318c-4edb-b565-fc406c99c72c,web,4,785.0,3.79,2025-12-13T13:51:21.067149
135fdb5b-421c-4d5b-a60f-b4a8dd937f65,e4452209-799a-467e-91ee-0fec8aec1d5b,08f682e0-0949-4d7f-9c1a-36bb48342221,store,5,1077.75,4.25,2025-04-23T13:51:21.067161
30bd025f-4433-42ad-9819-c4ecd209bb57,de18f223-7a95-47d7-892b-230c0354b118,542e404c-f975-45bf-b793-249b8d15665d,store,2,214.84,5.78,2025-06-30T13:51:21.067179
8c707d12-6333-416d-9991-38c420dc1d36,b0a631a6-9bfd-4a8c-8c49-40dba41cc45c,24665074-3a11-4fcf-82f7-1d50a0b2580f,store,5,1909.05,4.8,2026-02-06T13:51:21.067194
a0043b0f-8b55-48f9-bbd5-92a17876135e,f147feb5-d760-42b9-978a-4c7d74aa903a,f6df0b45-6106-42d3-8c75-195d0ad4baee,mobile,4,1555.16,17.19,2025-10-05T13:51:21.067217
94bc5a82-c3ce-4b7c-9869-52ad1ab0a71a,fbce644f-c034-451d-a9da-e01919623f87,24665074-3a11-4fcf-82f7-1d50a0b2580f,store,3,1145.43,9.47,2026-01-21T13:51:21.067246
05ddfb88-792a-4f45-b3c8-2e92d49eb68d,42739148-1263-40e6-8a79-44cde3b55420,9c0e36b8-29dc-48d8-9869-8d952c29dbdb,store,2,597.46,13.03,2025-07-16T13:51:21.067261
8d969c7d-b034-4bfa-a65a-eb76e639a74b,eeece404-f5ee-44d3-8c8e-509650cb644a,542e404c-f975-45bf-b793-249b8d15665d,web,2,214.84,0.43,2025-04-29T13:51:21.067273
c188c398-941e-4d91-a5ae-12cba38052da,f4a16aad-10c8-456d-a7e3-f8f2fd704455,11d7b21d-825c-442e-8c20-a64d4de4dd3c,store,1,57.38,12.34,2026-03-13T13:51:21.067285
54a5000a-a9f4-4140-83c5-c27c9136d3d6,ff3bc83f-7267-4530-ae44-86792304c864,24665074-3a11-4fcf-82f7-1d50a0b2580f,store,5,1909.05,2.77,2025-11-24T13:51:21.067297
a3c98dd6-ae85-4f9b-a8f4-1a429fd44e46,72595032-530c-40ee-b0f0-4ba91d52b77a,053f89ae-21b6-4267-baf4-f4be573d366f,web,4,284.6,12.09,2025-05-13T13:51:21.067308
c9b4fa83-a95d-4463-8bd0-be8c7316478d,5034622a-2469-4dba-9e13-706f0eafd0c5,08f682e0-0949-4d7f-9c1a-36bb48342221,mobile,5,1077.75,9.67,2026-04-11T13:51:21.067320
44318267-8fae-4490-9fec-1c9ed91b9cdf,eb42c702-fa41-44fc-bdd9-249a90c13937,905f2110-caca-46ad-b1fc-61c3fda110f1,store,1,48.6,13.8,2025-10-29T13:51:21.067331
e2c03c1e-b25b-4e57-a055-2c98a17faa19,4fea6d9e-f8ff-4426-9531-797cc03943e1,1308f602-c166-4cdc-868a-0b4938053d4d,store,1,32.44,8.73,2025-09-01T13:51:21.067343
ad6df198-cc3e-49d4-870e-03fa7b16732b,c70ee112-9a4d-4c51-ada6-a3963b225e9c,d5ee97fe-7203-4277-a432-29e8207ec8be,web,2,105.18,2.49,2025-07-07T13:51:21.067354
922ee033-e0d7-4279-81dc-94168117a8ea,5e7d9c86-0812-4f35-9b4d-2df0f399a1dd,f6df0b45-6106-42d3-8c75-195d0ad4baee,web,3,1166.37,13.47,2025-12-11T13:51:21.067366
6ac47331-7071-43d7-a6af-92028cbd8e89,0a6dd152-f4e3-4ace-b8a8-88e743549233,e19c753d-318c-4edb-b565-fc406c99c72c,store,2,392.5,8.99,2026-02-09T13:51:21.067378
9bd37048-c207-47f6-aff2-319da3fe5f81,8dffa9f2-549a-4fcc-bc8a-89381a4325e6,56ad6e1f-0691-4acd-a3de-c8da072e3963,store,2,292.3,17.73,2026-03-08T13:51:21.067390
8c25e49d-aae1-4313-8ade-4913133376bf,399dd347-bbce-4207-aac1-1923f065145e,944989d7-0474-4130-959f-c793bf62259e,store,4,477.44,14.6,2025-09-22T13:51:21.067401
3d74521f-dd56-40d1-a20e-baf868755fcf,65907001-78fd-4e76-8be5-e9a095386e1d,f1f6542b-4b3f-4e65-8d9a-766c8d57ad72,mobile,1,321.48,7.23,2025-12-30T13:51:21.067413
d1cb9937-08c0-4927-8fe0-c665a448a646,42739148-1263-40e6-8a79-44cde3b55420,1308f602-c166-4cdc-868a-0b4938053d4d,mobile,1,32.44,6.26,2025-10-26T13:51:21.067425
4e66ceb5-9b3b-4492-bfd1-c3439febc9e8,02653886-b18f-49d1-befb-1360de21e764,bdea1b76-1208-4a2f-b2e1-1aa8a5626500,mobile,3,925.38,5.75,2026-02-05T13:51:21.067437
8464c1d8-72dd-449f-b09e-85d65e86c37a,a91646c9-5f67-4156-b4d0-21a050b6575c,944989d7-0474-4130-959f-c793bf62259e,store,4,477.44,14.56,2025-04-18T13:51:21.067448
5d20731e-c588-44b6-a23a-c6602e13286a,0af417b2-c439-4d9b-a97b-9e76de6515ea,ca3df109-0f94-4c65-bb50-5e247fa97614,mobile,3,1061.64,12.96,2026-04-06T13:51:21.067460
13ac4350-7573-40cc-bb32-935b513334ef,c49ee3c5-aa37-4df0-bed9-2497197ddbb3,0e9c5cdb-187a-4121-93cd-cd24adc53bc4,web,3,337.95,8.56,2025-07-30T13:51:21.067475
a49685be-8a9b-4997-b298-f0d31df6b5c9,5346484c-2d6c-4d8b-abc1-1949a60165bb,542e404c-f975-45bf-b793-249b8d15665d,web,3,322.26,16.84,2025-06-28T13:51:21.067488
05760954-3346-4fce-8c33-b89b8dea1c3e,87554c20-10a5-4d5b-a814-26d32d96bfcc,9c0e36b8-29dc-48d8-9869-8d952c29dbdb,web,1,298.73,14.13,2026-03-26T13:51:21.067500
ac9847f9-24de-4139-a3c0-271105e23cc7,205c75d8-28e9-4d23-8dcb-9138a6caf086,bdea1b76-1208-4a2f-b2e1-1aa8a5626500,store,3,925.38,17.66,2025-05-26T13:51:21.067526
9dd1bd1d-47ca-4355-b599-9c7934005e28,2389a3ab-c7d9-4780-ab1f-1c558d6f7d54,11d7b21d-825c-442e-8c20-a64d4de4dd3c,store,4,229.52,11.47,2026-03-10T13:51:21.067549
b225347b-267d-4064-be3e-be8b01e08db4,4978ccb0-1e80-4cf0-b90a-0a40f49394dc,905f2110-caca-46ad-b1fc-61c3fda110f1,mobile,5,243.0,11.72,2025-08-10T13:51:21.067562
e718f387-8772-4083-b924-e9853d45e3e4,fd777368-7e59-48b1-b85b-1619bc87c5dc,1791a541-fe39-430b-9626-a24acd85e08e,mobile,2,543.44,15.4,2025-06-19T13:51:21.067574
d13df72b-d073-432e-91f0-b289b66a34dc,1a02c0cc-fc75-4896-95e3-13aa5ba34d35,ca3df109-0f94-4c65-bb50-5e247fa97614,mobile,5,1769.4,5.56,2025-07-12T13:51:21.067586
d4b150e6-7153-4dd0-8e0b-5abca5dd4e3f,c55e3b0c-2166-4985-a1d3-11a262d3395d,d5ee97fe-7203-4277-a432-29e8207ec8be,mobile,3,157.77,10.12,2025-06-13T13:51:21.067598
9b96b6a9-53e0-456e-bd11-bc56442e547e,0df92083-a3d8-4e5d-9db9-671c8cbb8682,905f2110-caca-46ad-b1fc-61c3fda110f1,store,3,145.8,11.94,2026-04-08T13:51:21.067610
ef0bc5e2-d9b1-4547-8608-2b7d8117e43a,0d2f63ba-8ff2-4772-8251-bd07c040e63e,56ad6e1f-0691-4acd-a3de-c8da072e3963,store,2,292.3,5.93,2025-09-14T13:51:21.067621
e433c334-f790-4765-b997-c001ff90ed50,28bda88c-ec35-4327-97b4-3646020d3493,542e404c-f975-45bf-b793-249b8d15665d,store,2,214.84,17.86,2025-06-17T13:51:21.067637
6da2a587-dd7f-41c4-bb64-c5c3ea92b216,b2f52649-2de7-4158-96f1-800ae16d25f0,542e404c-f975-45bf-b793-249b8d15665d,mobile,1,107.42,10.96,2026-01-25T13:51:21.067650
5d4cae31-8d1a-48f0-b7ad-96703c5e9deb,9b66b8f5-ba94-4ffa-9d5d-1385fe996de7,168e2ef5-ab86-444e-ad38-6cbe82465e6a,web,1,90.06,6.59,2025-05-12T13:51:21.067666
52e0d6d0-fdcf-4ebc-9d22-e7eee573cda5,5b57c74e-573c-4427-abd3-d81ce726c936,17c1c99f-c424-420e-8868-5ab21bafe8e5,store,3,426.78,0.33,2025-12-20T13:51:21.067679
0530d213-b83f-4ac3-ae74-491c4388ab5d,e08005e5-7c2d-4d4a-b8b0-0dfdef1cc73d,d5ee97fe-7203-4277-a432-29e8207ec8be,store,2,105.18,8.74,2025-04-30T13:51:21.067690
8eb0c912-fb0b-42ba-aa91-6f64910280c7,80bb3786-c8a8-42d8-9893-287ac213c975,9c0e36b8-29dc-48d8-9869-8d952c29dbdb,mobile,2,597.46,19.44,2026-01-07T13:51:21.067704
c1a4d56d-3464-4333-b1f8-463e20efc3ff,9b66b8f5-ba94-4ffa-9d5d-1385fe996de7,053f89ae-21b6-4267-baf4-f4be573d366f,web,4,284.6,16.53,2025-11-13T13:51:21.067716
27dfb17f-9255-4c55-80f5-2998757bc332,27cdacc1-7d04-4490-b295-5991e94f9f5e,9c0e36b8-29dc-48d8-9869-8d952c29dbdb,mobile,3,896.19,9.22,2025-09-24T13:51:21.067728
a7590075-8fdc-47e6-966b-49e95fd105c5,7fc349aa-f17a-4f08-9eec-fab40d4f299b,ca3df109-0f94-4c65-bb50-5e247fa97614,mobile,1,353.88,10.53,2025-07-27T13:51:21.067740
b3b60a78-2e59-4a5c-b563-d2a331369e52,4b60a00d-31c4-4bfd-b30d-a2d859396ec2,542e404c-f975-45bf-b793-249b8d15665d,mobile,2,214.84,12.86,2025-08-28T13:51:21.067751
b63afd7e-8a56-4022-b77a-dfac7c38f099,008f3c83-68c5-44b4-8a91-226b4738b52d,0e9c5cdb-187a-4121-93cd-cd24adc53bc4,mobile,1,112.65,10.93,2025-10-29T13:51:21.067766
1b37ed57-d888-4bd5-8035-17d7aa6f93fe,740901b0-ea82-459c-b9c4-ebb6e59f3b9c,a0de6626-305c-473f-946f-bec5e72fa2b2,mobile,1,367.56,0.99,2025-09-29T13:51:21.067778
fdf3d887-2f71-4ec3-9dc7-86b05f6b1ff4,80bb3786-c8a8-42d8-9893-287ac213c975,d5ee97fe-7203-4277-a432-29e8207ec8be,mobile,2,105.18,5.11,2025-04-23T13:51:21.067791
02006e13-81bd-4b77-a83b-6bc7ef9c0b83,a22427fa-587c-4ef8-ac58-a71016ef9984,321b80eb-c6e9-42e0-a6f5-86598247acd3,store,4,1171.56,14.95,2025-11-10T13:51:21.067803
0bd70557-311a-4281-baac-5c01273ee957,045d4675-4ee0-49ec-a9b1-1d1db855e831,168e2ef5-ab86-444e-ad38-6cbe82465e6a,web,3,270.18,15.06,2025-09-27T13:51:21.067817
902c8c84-af2a-49f6-a7fc-2f9b028e71a6,319b258d-67c6-4fda-93e9-f3a9fa80bcf2,bdea1b76-1208-4a2f-b2e1-1aa8a5626500,store,4,1233.84,12.47,2025-04-29T13:51:21.067830
caf03b7c-fc86-49fd-a06f-cd9d589fe0aa,4d5be6ed-605b-4d3a-83b2-7f62be7a5259,1308f602-c166-4cdc-868a-0b4938053d4d,mobile,2,64.88,4.83,2025-05-03T13:51:21.067841
0d22338d-7b55-43a8-9c8c-66eda81b5684,5e7d9c86-0812-4f35-9b4d-2df0f399a1dd,f1f6542b-4b3f-4e65-8d9a-766c8d57ad72,store,2,642.96,16.08,2026-01-02T13:51:21.067854
be58afd5-ee55-4cf3-b8b6-62df591724ff,03e7d570-d942-42d5-972f-7ff8aca4fe7e,168e2ef5-ab86-444e-ad38-6cbe82465e6a,web,1,90.06,8.34,2025-06-26T13:51:21.067865
14e4e6cc-7327-4a7a-8feb-13a84eadf4e0,b404a8e7-16e4-4439-a553-4fc2473a176b,f6df0b45-6106-42d3-8c75-195d0ad4baee,web,2,777.58,8.37,2026-04-12T13:51:21.067877
9963e8e3-7790-4694-afdf-3ff8f1f35cff,0179c606-5228-495f-bf48-438074367fba,905f2110-caca-46ad-b1fc-61c3fda110f1,mobile,4,194.4,8.13,2025-04-30T13:51:21.067891
ec1fd9e3-66c9-4a42-9674-09692a55cd09,ece47cd8-cb49-4524-9386-ce6691914b6e,457d9d38-588b-41ff-8c67-d7258b51a8e6,mobile,4,1665.6,18.94,2025-05-10T13:51:21.067911
17d593a5-b568-414f-955c-763c20dcd904,a25735b8-5c51-4599-aa6b-d519ac2f083a,905f2110-caca-46ad-b1fc-61c3fda110f1,store,3,145.8,2.0,2025-08-06T13:51:21.067933
64e49d1c-7221-44f3-806c-1f279b6977fe,b664366b-7c09-4ec4-aa85-c5b623eb61f3,24665074-3a11-4fcf-82f7-1d50a0b2580f,store,3,1145.43,5.49,2025-08-18T13:51:21.067945
36ea9ee8-29fc-4bcf-bd02-c6f8bffca692,01af8a00-d406-447f-b3dd-975ce21b49ec,69b6bb4a-cfaa-4878-91ae-e146f31c1955,store,4,1366.28,6.75,2025-07-21T13:51:21.067957
89970334-dd75-467d-9af3-14a83acd2fcd,a7a9f9a9-f115-48e8-b2ee-1d075fc3402c,e68cd9b3-0f66-4719-b9c8-10a5e0acfc32,store,5,2145.5,13.67,2026-02-07T13:51:21.067969
5eb17157-dda4-4598-85d1-ac5caedee97c,0179c606-5228-495f-bf48-438074367fba,d5ee97fe-7203-4277-a432-29e8207ec8be,store,4,210.36,5.11,2025-10-02T13:51:21.067980
435d84fa-c0c8-4dc4-9f03-5ef7924d868b,706a122a-0673-42d0-ab4d-15b133b4527f,08f682e0-0949-4d7f-9c1a-36bb48342221,store,2,431.1,5.2,2025-12-05T13:51:21.067991
34ef8d45-188b-4b0d-aeb5-dea965ea1e13,80a6b929-e1f9-4b9b-b8ea-5c1b93b29273,bdea1b76-1208-4a2f-b2e1-1aa8a5626500,store,5,1542.3,18.66,2025-06-06T13:51:21.068003
ff4c3580-c6ca-4986-8f54-63032dbcc3a3,dfd52764-d937-4a04-bde4-5a02eae154af,08f682e0-0949-4d7f-9c1a-36bb48342221,mobile,2,431.1,8.13,2026-01-02T13:51:21.068017
b99e19ea-2968-4ea9-8121-078cde61da16,934582b4-4335-41ae-8710-77f29f6f6c81,e19c753d-318c-4edb-b565-fc406c99c72c,web,1,196.25,16.73,2025-07-27T13:51:21.068029
a326e65f-00e1-4621-9d2b-d119597d033b,3436f083-badb-42e6-b67e-49a63fe80587,0e9c5cdb-187a-4121-93cd-cd24adc53bc4,store,1,112.65,0.4,2026-03-14T13:51:21.068041
0664fb19-6a9c-43ca-a2d3-7b1437ff0096,8757f80d-81ed-4e4f-a7d0-dd997cfdac05,e68cd9b3-0f66-4719-b9c8-10a5e0acfc32,mobile,2,858.2,5.97,2026-03-23T13:51:21.068053
bff4087b-f10a-4328-b6f7-a0fa80861f29,4169a5b1-d3ce-4a9a-9d4e-f35c958725e4,a47d64f7-a098-44b9-8c64-05a8c978779f,mobile,2,611.64,12.86,2025-12-28T13:51:21.068064
85bf4f0d-ba3e-43cc-a824-d90a4a7311df,f6f84d4a-8f74-45a9-8dca-f2861185f737,24665074-3a11-4fcf-82f7-1d50a0b2580f,store,1,381.81,14.63,2025-04-25T13:51:21.068076
580313c7-50ff-45e2-8f7a-1043d2a0446e,9250bcb7-8e85-4859-9210-77e4d80ea8af,168e2ef5-ab86-444e-ad38-6cbe82465e6a,mobile,2,180.12,15.54,2026-03-31T13:51:21.068088
2cd9d79f-efa4-4e27-94d9-d0897d1fcd02,ece47cd8-cb49-4524-9386-ce6691914b6e,d5ee97fe-7203-4277-a432-29e8207ec8be,mobile,2,105.18,11.57,2025-11-29T13:51:21.068099
59391cec-4778-4c10-9eb6-3009d1ee85ec,ecf80b21-a29e-48cc-aeed-993c3d386c46,e19c753d-318c-4edb-b565-fc406c99c72c,store,1,196.25,11.93,2025-06-09T13:51:21.068111
811a94b0-5488-43df-ae54-494d34440c66,3e0f0892-3271-4349-a4d6-c5b43dd208f5,2341a1b6-ca76-4973-ad2e-4a906f9fd51d,store,4,470.4,6.73,2026-02-05T13:51:21.068124
dfe5eeb6-d835-48fa-8823-0a88e5d23539,c852846f-39ad-4f90-a373-f27b686cbd6b,17c1c99f-c424-420e-8868-5ab21bafe8e5,web,3,426.78,7.25,2026-02-18T13:51:21.068136
e3481e85-dc8e-439f-81f1-d13cf12bceef,cf767ff6-17c9-4be0-a435-939dd95f7f2b,a47d64f7-a098-44b9-8c64-05a8c978779f,store,5,1529.1,6.36,2026-04-09T13:51:21.068154
55dcf30f-0e47-4241-a671-191c9ffd9d58,736e89ee-fcda-459e-a2e7-ecbf43f4404b,7df8e284-e832-44a7-94ef-f17a4e5da9d6,store,2,179.38,15.04,2025-10-16T13:51:21.068172
2c7b8a48-381a-4d9b-b8b0-db8150baaa40,78d4e439-fa45-4a8f-9594-3c1461777872,053f89ae-21b6-4267-baf4-f4be573d366f,mobile,5,355.75,6.44,2026-04-08T13:51:21.068184
336f4e1d-3406-4b7d-b7d7-d66a4052cf23,a8448f61-5b18-4c98-82b9-083ed705ce61,6eae25b5-bfd1-445a-b0d8-86e5ef9604a3,mobile,5,2395.1,0.38,2025-12-08T13:51:21.068196
b4dadab7-2661-48a5-bb5f-14b40f8bbb9c,897ea419-5205-4856-81b1-ab4a07c658a1,17c1c99f-c424-420e-8868-5ab21bafe8e5,mobile,1,142.26,19.65,2026-02-03T13:51:21.068208
cb6b421f-8878-462b-b068-f34e64486832,448a6e6d-f8d5-4ebc-bf46-f25be1b499c3,9c0e36b8-29dc-48d8-9869-8d952c29dbdb,store,5,1493.65,2.94,2025-12-08T13:51:21.068220
24471c85-2cb8-4802-9cc7-e966a6f81ea2,b7aaa865-e5ca-4a1f-8fc6-8ec0e327c3ba,944989d7-0474-4130-959f-c793bf62259e,store,2,238.72,18.23,2026-02-28T13:51:21.068231
69cf6aba-c8f6-41f1-a3de-5a711a627751,c08b7d80-81ef-4d20-ae7b-8a8d690a6465,542e404c-f975-45bf-b793-249b8d15665d,store,3,322.26,12.21,2025-07-23T13:51:21.068242
9f4dd606-cc50-4b4c-bfc7-4723980ea294,151c76f0-b52b-44c4-88d8-60c260d72682,cbf743b9-e903-4a26-825c-7bde33e1d82c,store,4,1493.4,3.07,2026-01-08T13:51:21.068254
8728e4f5-3941-4807-8629-37bdc0817add,ff3bc83f-7267-4530-ae44-86792304c864,08cb9e44-2170-4369-9ab2-a47e52847e6c,mobile,5,585.6,9.2,2025-09-02T13:51:21.068273
fd0d64e9-86f1-4dde-81db-c807510f4e90,46ea7f90-58e8-4782-952d-04f6cbed438e,168e2ef5-ab86-444e-ad38-6cbe82465e6a,store,4,360.24,12.19,2025-08-23T13:51:21.068296
f7cf67ca-48d5-4e81-bfe8-a4e05e330609,10699e3c-9f67-4108-a71c-a0918eaa3418,28de6b67-c5da-4fd9-9ae6-64f199eb885d,mobile,3,914.94,17.99,2026-03-12T13:51:21.068308
59da0c34-e9c9-4739-bc95-77f28e7f17cb,0aecb8b1-e5bf-4a41-88ed-1559a7e7a3a1,a47d64f7-a098-44b9-8c64-05a8c978779f,web,5,1529.1,0.07,2026-01-24T13:51:21.068320
2eb071e7-b2d4-4721-a164-d71ac6bb4bb2,be029ce5-cd24-42ad-8779-03ff5f9f714b,542e404c-f975-45bf-b793-249b8d15665d,mobile,5,537.1,10.4,2025-11-03T13:51:21.068332
227d7988-1cbf-490f-9404-805367d3c231,643e9ab7-7f06-4631-b966-7cdf4dff8ad3,bdea1b76-1208-4a2f-b2e1-1aa8a5626500,mobile,3,925.38,8.41,2026-02-20T13:51:21.068344
60030754-5684-44de-962c-625d009ebaff,8757f80d-81ed-4e4f-a7d0-dd997cfdac05,6eae25b5-bfd1-445a-b0d8-86e5ef9604a3,web,2,958.04,14.74,2025-09-08T13:51:21.068356
2d4b1ec9-bd39-4283-a457-1e66d86a18b1,ed10b742-1bb9-4089-81b1-75d4bac59b90,17c1c99f-c424-420e-8868-5ab21bafe8e5,store,4,569.04,3.31,2025-06-01T13:51:21.068369
3a516080-14f4-4750-bd08-62aaee5ecdae,5346484c-2d6c-4d8b-abc1-1949a60165bb,0e9c5cdb-187a-4121-93cd-cd24adc53bc4,web,3,337.95,1.97,2025-07-25T13:51:21.068381
ce774769-12b8-4b72-84b8-d08c4c6e55c6,8c0729b0-bedb-4edf-a078-95151b63f71e,ad1fb5ee-a91c-4991-9341-e395d2beecef,store,1,352.08,3.64,2025-10-01T13:51:21.068393
05b70888-f20a-43e0-afea-09f852c8e18e,4a9cb868-6695-4bf7-93f9-6f179ead9401,56ad6e1f-0691-4acd-a3de-c8da072e3963,web,1,146.15,19.63,2025-10-07T13:51:21.068405
51d414ad-9416-4f35-b754-c05dd89e369e,82c6b92a-eacb-45ed-b8c3-430b0d490459,1890b36f-a137-41e5-b5ed-1d9d565c4bd0,mobile,4,102.24,2.99,2025-07-13T13:51:21.068417
7fc00fa8-f8c4-46ba-a768-c76444ae3174,fc1c2ec0-aa0e-4069-8b6b-9fa8c982a54c,08f682e0-0949-4d7f-9c1a-36bb48342221,store,4,862.2,11.26,2025-10-12T13:51:21.068428
bae3efd1-227e-4e6e-bba5-d1d5c5eae33d,dc912c17-7525-4588-998c-505710c01b09,17c1c99f-c424-420e-8868-5ab21bafe8e5,store,5,711.3,18.56,2026-04-04T13:51:21.068441
0ba83f00-44e4-4a14-9434-f3815cf34871,a295cf72-e598-4850-963d-6023136619cc,542e404c-f975-45bf-b793-249b8d15665d,web,4,429.68,13.08,2026-02-01T13:51:21.068455
e6f5db38-20aa-4a0b-95db-fc0901f01ae7,b9412933-cb49-4456-9667-7033dbd70b97,f1f6542b-4b3f-4e65-8d9a-766c8d57ad72,mobile,5,1607.4,0.54,2025-08-01T13:51:21.068467
3dca4c28-4fe5-47c8-b198-c909776fb1ce,85614ccc-0949-4a03-a33a-38b2340aaca1,9c0e36b8-29dc-48d8-9869-8d952c29dbdb,mobile,2,597.46,16.55,2025-08-17T13:51:21.068479
88b0eb15-cc95-456c-b65d-173faff5ce3f,f4898991-6e86-4b9c-a7fe-2cff54efe3ea,944989d7-0474-4130-959f-c793bf62259e,store,4,477.44,17.46,2025-11-05T13:51:21.068493
51d06fcb-54b5-4306-ae63-397e00485103,63c5d37e-dcd5-4139-8a69-7e16620a0f45,168e2ef5-ab86-444e-ad38-6cbe82465e6a,mobile,4,360.24,17.77,2026-03-18T13:51:21.068506
36179528-775b-4857-8fb8-20560838ae50,e28f4770-6966-405d-a263-775367525a66,7df8e284-e832-44a7-94ef-f17a4e5da9d6,store,4,358.76,14.07,2025-06-22T13:51:21.068550
ce47bbb5-81e6-4239-9665-bd93d93ee3f0,09ea9b77-2776-4869-9b5d-0cfcb5dee3eb,f1f6542b-4b3f-4e65-8d9a-766c8d57ad72,store,4,1285.92,6.28,2025-08-04T13:51:21.068570
3ba356f5-110d-4ec2-a40a-f2e422798e04,8c0ec5af-151e-4280-ab18-606cae2ad64a,1791a541-fe39-430b-9626-a24acd85e08e,mobile,1,271.72,12.49,2025-07-11T13:51:21.068582
b327fc49-6341-4832-bfa7-9007fc906f51,b0a631a6-9bfd-4a8c-8c49-40dba41cc45c,f1f6542b-4b3f-4e65-8d9a-766c8d57ad72,mobile,2,642.96,1.33,2025-08-22T13:51:21.068605
c52484b7-ac47-4dfe-9784-c86293e6d823,ecf80b21-a29e-48cc-aeed-993c3d386c46,d5ee97fe-7203-4277-a432-29e8207ec8be,mobile,3,157.77,1.16,2025-08-06T13:51:21.068616
8d51de22-e5d9-434c-9574-a5dea5ea3a16,a539424b-3bc3-488a-86dd-c9667b50b118,053f89ae-21b6-4267-baf4-f4be573d366f,mobile,3,213.45,15.24,2025-07-28T13:51:21.068628
80fc889f-580c-46d0-8acd-bf0e8b2b3819,f6449f19-458b-444b-b1c6-fdab5901ee7d,1308f602-c166-4cdc-868a-0b4938053d4d,mobile,2,64.88,4.2,2025-09-20T13:51:21.068640
9eda96be-851a-46be-b4bd-f83f48f8ce14,3446f091-304c-48ee-8228-02b3d1c875dc,17c1c99f-c424-420e-8868-5ab21bafe8e5,store,5,711.3,4.11,2025-09-01T13:51:21.068652
a5585343-0070-44c6-bef1-334df5126a8d,3a04faf9-10f8-4f16-b97b-8dccde77a777,08f682e0-0949-4d7f-9c1a-36bb48342221,store,1,215.55,7.97,2025-04-30T13:51:21.068664
ca7b8882-676f-4722-a0b4-661ef2523c9b,85614ccc-0949-4a03-a33a-38b2340aaca1,bff07f43-24a8-4d20-b9e9-6cac1ecce307,mobile,5,300.35,2.18,2025-09-23T13:51:21.068678
0a5aebfa-8a11-4365-9e07-214648282fc0,0405e266-5a01-46aa-8949-ead219b74ace,cbf743b9-e903-4a26-825c-7bde33e1d82c,mobile,3,1120.05,17.57,2026-03-01T13:51:21.068689
86a63f24-6e23-4571-a311-7c5e1a77bb41,a297e636-369b-47d2-b6d9-e19bf136f198,08cb9e44-2170-4369-9ab2-a47e52847e6c,mobile,2,234.24,15.78,2025-06-29T13:51:21.068701
9baed7f8-6292-403c-adfb-2655f538a3de,be029ce5-cd24-42ad-8779-03ff5f9f714b,1308f602-c166-4cdc-868a-0b4938053d4d,web,1,32.44,16.31,2025-07-28T13:51:21.068713
e31d70d0-3312-4420-ab7d-721c3a68b44f,2dc428d2-bcf1-425f-8535-09e7b40a6ea4,ca3df109-0f94-4c65-bb50-5e247fa97614,store,1,353.88,14.31,2025-09-22T13:51:21.068725
fa43e6aa-5e73-4b35-846c-0445de65bb07,2a6c32ce-d70a-4305-a174-d980455e126f,944989d7-0474-4130-959f-c793bf62259e,store,1,119.36,11.72,2026-03-22T13:51:21.068737
20be2c53-8407-41ff-b1ab-aedd42c53226,0728b6c8-7eab-48c3-a4e0-0f8f8dbf95f8,0e9c5cdb-187a-4121-93cd-cd24adc53bc4,mobile,2,225.3,2.88,2025-06-18T13:51:21.068749
557c515b-511e-4217-857d-7644fc3464a5,cd4bae82-f1c1-4249-b9de-54fb8ee5a56a,6eae25b5-bfd1-445a-b0d8-86e5ef9604a3,mobile,2,958.04,10.23,2025-11-26T13:51:21.068761
5d901897-69bc-4102-be76-456fb1cad07d,a92984c0-2022-4ff4-9915-d94264c7fd2a,e19c753d-318c-4edb-b565-fc406c99c72c,store,3,588.75,18.43,2025-06-08T13:51:21.068772
00a8d26f-19c4-436e-a4e7-04350f61a0a8,0662b6ce-20a3-4d11-92e7-9ebde7122461,905f2110-caca-46ad-b1fc-61c3fda110f1,store,1,48.6,6.56,2025-09-12T13:51:21.068785
612657ba-2067-4fae-b409-f5f7e229dc57,b9495a6f-5d1f-4934-9ae7-1176dbb78c66,e68cd9b3-0f66-4719-b9c8-10a5e0acfc32,web,5,2145.5,6.77,2025-12-21T13:51:21.068797
31185174-6b67-4034-a8e9-3659c966d8be,c70ee112-9a4d-4c51-ada6-a3963b225e9c,f1f6542b-4b3f-4e65-8d9a-766c8d57ad72,store,1,321.48,4.72,2025-08-09T13:51:21.068812
9c84f779-edfb-4706-b3a2-a8e00a409d89,b2f52649-2de7-4158-96f1-800ae16d25f0,9c0e36b8-29dc-48d8-9869-8d952c29dbdb,store,2,597.46,6.59,2026-02-23T13:51:21.068824
0a9cc3ae-52b2-40e3-8c74-a9de8c961fdf,c1207f04-88b4-4471-845c-87ac01dd5ff3,944989d7-0474-4130-959f-c793bf62259e,mobile,3,358.08,18.1,2025-09-02T13:51:21.068835
141dd1e1-afea-43f2-8b8f-c58013157ec2,181f6def-75b2-4650-8010-6b2d2c405278,542e404c-f975-45bf-b793-249b8d15665d,store,1,107.42,12.36,2025-07-21T13:51:21.068849
30160ca3-66ff-4f98-91f1-9147404f3234,79f0c9f5-48e2-4825-9d7e-ccca692a8555,6eae25b5-bfd1-445a-b0d8-86e5ef9604a3,mobile,5,2395.1,16.44,2025-11-26T13:51:21.068861
0101b2fe-d16d-460f-a125-4fe6d7ab0e22,3446f091-304c-48ee-8228-02b3d1c875dc,944989d7-0474-4130-959f-c793bf62259e,mobile,3,358.08,10.75,2025-10-09T13:51:21.068872
cbaf4393-7ca8-4da8-96ed-e088f3174738,fd777368-7e59-48b1-b85b-1619bc87c5dc,d5ee97fe-7203-4277-a432-29e8207ec8be,store,3,157.77,17.76,2026-03-14T13:51:21.068884
902beec4-e0d1-4e32-b1a4-36e71a06ca64,5e641a6b-eeb5-414b-809f-987cfa2b1224,69b6bb4a-cfaa-4878-91ae-e146f31c1955,web,1,341.57,19.56,2026-01-27T13:51:21.068897
62b545e6-6865-4abb-9ed7-43f9059f398a,edcd837f-7b30-4f33-b321-66343954be91,905f2110-caca-46ad-b1fc-61c3fda110f1,store,1,48.6,10.72,2026-01-04T13:51:21.068909
7bce98f6-ba78-409f-8b60-7dc7fd2485aa,8c0729b0-bedb-4edf-a078-95151b63f71e,28de6b67-c5da-4fd9-9ae6-64f199eb885d,store,3,914.94,16.38,2025-05-29T13:51:21.068921
71e8e646-6110-4342-b9e4-490b61d4a957,431580be-df8f-4693-a61b-a2d5910223b2,168e2ef5-ab86-444e-ad38-6cbe82465e6a,mobile,5,450.3,0.75,2026-03-08T13:51:21.068933
8adef3fc-0f13-4b9e-99eb-952a51c6f310,a8448f61-5b18-4c98-82b9-083ed705ce61,f1f6542b-4b3f-4e65-8d9a-766c8d57ad72,store,4,1285.92,10.75,2025-06-03T13:51:21.068945
5adf98a9-beb8-40d2-9c8b-5a69ec403004,fcde5f6e-e6d6-4d2d-b864-ca5cfe08fe46,08f682e0-0949-4d7f-9c1a-36bb48342221,store,2,431.1,16.09,2025-05-23T13:51:21.068957
bc5c02a0-1f26-450a-baf3-b96d7fb86943,f6449f19-458b-444b-b1c6-fdab5901ee7d,a47d64f7-a098-44b9-8c64-05a8c978779f,mobile,3,917.46,5.84,2025-09-09T13:51:21.068977
39bb7956-15eb-48b2-b576-bd0a1395f69c,312c0f57-1c60-4283-ae57-d81c0a0b7cdd,0e9c5cdb-187a-4121-93cd-cd24adc53bc4,web,5,563.25,18.3,2025-11-16T13:51:21.069002
fb6b7ad2-45b3-43d7-9d28-9f24434557dd,9d5bc314-79d9-4dee-966f-dba735c7590f,e19c753d-318c-4edb-b565-fc406c99c72c,web,4,785.0,1.33,2025-11-14T13:51:21.069014
b46cbb20-c4e4-433f-84a5-850fc4567b2e,3b8720b7-1934-40c2-a4b6-c15492ac2d17,542e404c-f975-45bf-b793-249b8d15665d,store,5,537.1,4.37,2025-11-03T13:51:21.069026
8bc9a943-76e1-49b8-9db0-37c885b36267,10a2df5c-33d0-4125-922e-bf481cd31fd5,bdea1b76-1208-4a2f-b2e1-1aa8a5626500,store,2,616.92,11.65,2026-02-14T13:51:21.069038
ae95b0c2-fd6f-4884-b7e9-58c189d51529,10a2df5c-33d0-4125-922e-bf481cd31fd5,321b80eb-c6e9-42e0-a6f5-86598247acd3,web,4,1171.56,12.03,2025-04-19T13:51:21.069050
724def14-a70a-4eee-abec-b9b12178ed41,9b66b8f5-ba94-4ffa-9d5d-1385fe996de7,08f682e0-0949-4d7f-9c1a-36bb48342221,web,4,862.2,10.18,2025-12-17T13:51:21.069064
f8282472-d8d6-4742-bab8-198cc9024fe2,72595032-530c-40ee-b0f0-4ba91d52b77a,17c1c99f-c424-420e-8868-5ab21bafe8e5,web,2,284.52,2.73,2025-04-17T13:51:21.069076
623348bb-ec84-48d8-913b-b91cb8abcc32,d34b6e61-d1a7-4387-9cfb-0e7ab4e5d294,1890b36f-a137-41e5-b5ed-1d9d565c4bd0,store,3,76.68,18.44,2025-07-03T13:51:21.069088
4d180fd7-089d-4b4f-8b31-6a597fe82318,cb79bd3b-830a-4465-b220-93a205d659c7,053f89ae-21b6-4267-baf4-f4be573d366f,web,2,142.3,3.5,2025-12-20T13:51:21.069099
4237c3be-da7c-4a1e-9daa-18ad8ac5c87f,8ccd0f15-fc71-4c67-ad0e-2f8a0beac395,1308f602-c166-4cdc-868a-0b4938053d4d,mobile,3,97.32,6.94,2026-03-11T13:51:21.069111
60124ebd-843a-4c5c-82fe-ed9cbbdef753,2433a03f-64b2-4957-94be-f7b57ce9effc,11d7b21d-825c-442e-8c20-a64d4de4dd3c,mobile,5,286.9,8.66,2025-12-10T13:51:21.069123
4992eae5-a001-43ff-95d4-a88ddfea3cf7,29a057d1-7c37-45a4-8af5-5c3dcb4ad8a3,cbf743b9-e903-4a26-825c-7bde33e1d82c,store,4,1493.4,5.83,2025-12-30T13:51:21.069134
5d0ab2a4-a566-4125-b0cc-4dcd3ff3f4ea,b404a8e7-16e4-4439-a553-4fc2473a176b,0e9c5cdb-187a-4121-93cd-cd24adc53bc4,web,3,337.95,14.54,2025-09-28T13:51:21.069150
ef1784d9-a531-43f7-8aa7-bec714afecea,a00a95c9-a5cf-4c8d-8945-2a6b7eddd907,2341a1b6-ca76-4973-ad2e-4a906f9fd51d,store,3,352.8,13.01,2025-07-11T13:51:21.069163
afd33490-424b-42d8-a557-f1ce4117a8a1,39d21055-64ab-4312-b0c0-d7ddc3e6fe12,ca3df109-0f94-4c65-bb50-5e247fa97614,web,3,1061.64,8.49,2025-06-07T13:51:21.069177
902474c6-8193-4bba-a950-3b30d467c692,e55e95ef-f1cb-40bc-bc2a-bed8e28fabad,79634690-8c5c-4240-8205-82b10c85c886,web,3,969.93,17.95,2026-04-09T13:51:21.069189
38a02eeb-e752-4605-9f0a-8c4c61f6716f,ccc80586-f348-4f03-85eb-7da4adedccb4,bdea1b76-1208-4a2f-b2e1-1aa8a5626500,mobile,1,308.46,11.04,2025-09-20T13:51:21.069201
48f0ed5c-7a8a-401d-bb2a-ed22293d3855,325a16f2-810b-43e0-b3fa-e2d5e3c13093,a0de6626-305c-473f-946f-bec5e72fa2b2,store,1,367.56,16.76,2025-12-20T13:51:21.069213
c7e9ea73-c9cb-4011-8258-4e6b3002cdbd,268931fe-8542-4672-96bb-6177eaab9ebb,0e9c5cdb-187a-4121-93cd-cd24adc53bc4,web,4,450.6,14.1,2025-04-23T13:51:21.069225
b357ba9a-9987-40f4-b6a0-e85975773f49,3353b7da-6f12-42f1-9424-fbde65b4b5f8,17c1c99f-c424-420e-8868-5ab21bafe8e5,store,2,284.52,16.22,2025-04-25T13:51:21.069237
9abdf5fc-2bf5-497a-affd-0ae84ac4228c,5b57c74e-573c-4427-abd3-d81ce726c936,cbf743b9-e903-4a26-825c-7bde33e1d82c,mobile,2,746.7,17.19,2025-06-17T13:51:21.069248
0337e2b5-8793-405c-847c-de1346476d12,2bf20add-b53d-4ece-be51-331ebb53ad0c,f6df0b45-6106-42d3-8c75-195d0ad4baee,mobile,3,1166.37,19.94,2025-05-10T13:51:21.069260
4fd935c3-ab3f-42f9-8440-54af98a5d181,370f0855-85f1-477f-8f8e-0f1980e8cfc6,ad1fb5ee-a91c-4991-9341-e395d2beecef,store,1,352.08,19.23,2026-01-28T13:51:21.069272
ab8e2036-cf6b-4ff2-94b3-dda6f2aed8ff,4829a140-3157-48b9-87d5-344eb58b6325,6c37ac7c-22fb-489b-9e12-ba964446997b,mobile,1,443.86,12.92,2025-06-25T13:51:21.069284
5efb5d10-a287-4f7a-bf3e-ef2ca169fc7c,b404a8e7-16e4-4439-a553-4fc2473a176b,24665074-3a11-4fcf-82f7-1d50a0b2580f,web,1,381.81,8.31,2025-07-04T13:51:21.069295
7ab6cd62-e54f-4f7c-ba5f-66c5898c4a83,d27db049-06bb-49d0-9384-1d005fc4197d,7df8e284-e832-44a7-94ef-f17a4e5da9d6,mobile,1,89.69,7.55,2025-06-12T13:51:21.069312
c0b81f07-f89e-44c5-b027-a5e01d7bd71f,dc912c17-7525-4588-998c-505710c01b09,e68cd9b3-0f66-4719-b9c8-10a5e0acfc32,web,4,1716.4,2.79,2026-03-07T13:51:21.069334
0a8eb7e9-de47-4a12-bd5f-5ec87915735e,de68630e-da9e-45bb-9038-1aeb89f735f1,f6df0b45-6106-42d3-8c75-195d0ad4baee,web,2,777.58,16.23,2025-11-24T13:51:21.069360
4e1011a7-a9df-4980-8287-5107638ff3f4,39d21055-64ab-4312-b0c0-d7ddc3e6fe12,944989d7-0474-4130-959f-c793bf62259e,web,2,238.72,13.6,2026-02-09T13:51:21.069378
1d9789ed-6d80-4a1f-8594-87f4fd23c715,0728b6c8-7eab-48c3-a4e0-0f8f8dbf95f8,a47d64f7-a098-44b9-8c64-05a8c978779f,mobile,5,1529.1,0.79,2025-06-18T13:51:21.069390
06d3bf73-a755-4f17-8206-601a168028b4,ab9746c7-803a-4cf1-9ab2-b32655c44619,56ad6e1f-0691-4acd-a3de-c8da072e3963,mobile,4,584.6,4.41,2025-09-11T13:51:21.069402
12db0c37-d229-490b-a6f0-756a7b64d4a1,5346484c-2d6c-4d8b-abc1-1949a60165bb,ca3df109-0f94-4c65-bb50-5e247fa97614,mobile,3,1061.64,0.32,2025-06-03T13:51:21.069413
3a6c58ba-62a0-414f-8e6f-a205ede638ad,5ac0a3cf-2c26-41de-a57f-27a7ff60dd55,f1f6542b-4b3f-4e65-8d9a-766c8d57ad72,store,5,1607.4,2.99,2026-03-10T13:51:21.069425
0ce73fec-5bfc-47a0-9a5c-d6c3cb2e4c4d,0ffa2fd2-7b2b-4401-b033-eccfd8ef021c,a47d64f7-a098-44b9-8c64-05a8c978779f,store,4,1223.28,5.88,2026-02-13T13:51:21.069437
bddd59da-4e30-401a-b45d-6b706ed3314b,ba0f0624-b1c9-4f49-9041-fd7c7b1028a5,9c0e36b8-29dc-48d8-9869-8d952c29dbdb,store,2,597.46,1.25,2025-12-11T13:51:21.069448
25044169-349f-4317-acd8-a149befdcecd,0ffa2fd2-7b2b-4401-b033-eccfd8ef021c,f6df0b45-6106-42d3-8c75-195d0ad4baee,store,3,1166.37,2.8,2025-09-05T13:51:21.069460
25d6e546-6c06-4972-bc6c-c1d524712535,97ef2d8d-9dfa-469c-9ff4-e4f4cfc6f847,1308f602-c166-4cdc-868a-0b4938053d4d,mobile,1,32.44,7.67,2026-02-18T13:51:21.069472
ef00cf97-dcd3-48a6-87e0-3638578b6dc9,358a9a69-4053-46f2-a165-b9bfb7aef8e6,542e404c-f975-45bf-b793-249b8d15665d,web,4,429.68,11.35,2025-12-25T13:51:21.069484
af1f6f78-c372-45b5-98c9-6a5554354fa1,aa5ec596-9d76-401f-aa26-57c32ecec090,6c37ac7c-22fb-489b-9e12-ba964446997b,mobile,4,1775.44,6.7,2025-06-06T13:51:21.069499
db2b1052-af59-4ec7-847b-2c67ae895af2,ecf80b21-a29e-48cc-aeed-993c3d386c46,9c0e36b8-29dc-48d8-9869-8d952c29dbdb,mobile,2,597.46,8.77,2025-08-10T13:51:21.069523
169547e3-0611-4f9f-8aaf-2f4d284ce352,2a6c32ce-d70a-4305-a174-d980455e126f,11d7b21d-825c-442e-8c20-a64d4de4dd3c,mobile,1,57.38,0.9,2025-11-14T13:51:21.069553
42a97d06-99bb-41a7-a64b-9b1a5e9740ca,bfa1faa6-7870-4ab7-b386-25eb3624f4dc,17c1c99f-c424-420e-8868-5ab21bafe8e5,web,3,426.78,14.86,2026-04-14T13:51:21.069572
8e3bf213-ade1-4339-8b7f-6b963b7a9814,414fe86c-ccc0-4e02-8482-569b40e59aaa,457d9d38-588b-41ff-8c67-d7258b51a8e6,store,1,416.4,15.59,2025-12-30T13:51:21.069584
b159a285-e2f5-4a85-842c-4d9fdb520cd0,78db3675-7801-4394-8e2b-4f1fde6f6636,11d7b21d-825c-442e-8c20-a64d4de4dd3c,store,5,286.9,2.81,2025-09-23T13:51:21.069597
d588985a-e6c1-4007-a207-ee01cde6b13f,934582b4-4335-41ae-8710-77f29f6f6c81,168e2ef5-ab86-444e-ad38-6cbe82465e6a,web,2,180.12,6.01,2025-06-26T13:51:21.069611
2f04567d-0ce5-4c21-850e-ea480335156d,b1eda297-b5e3-4a00-a11a-293f57da976d,bff07f43-24a8-4d20-b9e9-6cac1ecce307,store,2,120.14,18.5,2026-03-13T13:51:21.069623
e0e7b770-604e-4d5e-ac43-06f519725bc2,70928f45-8f59-44f3-973d-95a5d8e1a0c7,1308f602-c166-4cdc-868a-0b4938053d4d,mobile,1,32.44,9.64,2025-10-06T13:51:21.069634
cf7a2baa-96ef-4f07-9ee5-b2a8adb541ac,a539424b-3bc3-488a-86dd-c9667b50b118,ad1fb5ee-a91c-4991-9341-e395d2beecef,web,2,704.16,2.29,2025-10-14T13:51:21.069646
8961452c-bdd9-4817-86e3-70c59eac8abb,b3b9c473-d479-4061-9770-ea72c7a0d95c,7df8e284-e832-44a7-94ef-f17a4e5da9d6,store,5,448.45,11.79,2025-07-25T13:51:21.069658
f636fa03-6274-4655-a0cb-22284499cd52,68fcba4b-67dc-40a5-b324-7628db4cddbb,56ad6e1f-0691-4acd-a3de-c8da072e3963,mobile,1,146.15,0.16,2026-02-06T13:51:21.069669
5b7b0af2-86c3-4a23-aadf-b6ea8449c963,b9accf07-4584-4144-9b58-f58271dc0b61,905f2110-caca-46ad-b1fc-61c3fda110f1,store,3,145.8,9.91,2025-12-12T13:51:21.069681
cd0feb7d-96a4-4c54-8b90-ba7c21ad09dd,c49ee3c5-aa37-4df0-bed9-2497197ddbb3,e19c753d-318c-4edb-b565-fc406c99c72c,web,1,196.25,1.04,2025-07-26T13:51:21.069693
b210e94d-b162-4c7a-b541-6f0f3b77566f,a18309c4-a283-406a-9f8a-e402aa32ac66,321b80eb-c6e9-42e0-a6f5-86598247acd3,web,5,1464.45,2.0,2026-03-20T13:51:21.069705
e5953504-1918-4a75-ba4c-a7b5d4364ecb,b3b9c473-d479-4061-9770-ea72c7a0d95c,168e2ef5-ab86-444e-ad38-6cbe82465e6a,web,4,360.24,6.24,2025-12-12T13:51:21.069717
4e78dc91-ffda-4abf-8cb1-7b849c8aae74,ecf80b21-a29e-48cc-aeed-993c3d386c46,1890b36f-a137-41e5-b5ed-1d9d565c4bd0,web,3,76.68,5.0,2026-02-27T13:51:21.069728
0786586e-e5d4-42ee-8c81-419f0c50b19f,d644d7f1-f084-4ec8-a9ef-a0f40649a17b,0e9c5cdb-187a-4121-93cd-cd24adc53bc4,web,5,563.25,12.63,2025-09-16T13:51:21.069740
cf11abc6-2e37-41f8-928f-81d741bf43d9,8e2a7aa8-8e6c-4b41-9ba3-9577be455dc7,79634690-8c5c-4240-8205-82b10c85c886,web,4,1293.24,10.98,2025-07-09T13:51:21.069751
b0316965-5df5-48f8-b4c0-cc6130fcdede,acd34a34-250e-4096-9b7d-6f794c95fa49,944989d7-0474-4130-959f-c793bf62259e,store,5,596.8,12.62,2025-05-07T13:51:21.069762
3e6caae4-3da2-4ab2-a6df-1d5294f36c42,b6bae32c-417a-4606-ab1f-a80de57064d7,e19c753d-318c-4edb-b565-fc406c99c72c,store,3,588.75,15.22,2026-02-09T13:51:21.069774
78b26879-f404-4598-9e9b-b7d5962d7d1a,e599d142-71ea-4ee4-8680-b02ba12c7bd9,69b6bb4a-cfaa-4878-91ae-e146f31c1955,mobile,4,1366.28,13.03,2025-05-22T13:51:21.069785
460fa0d7-f0e5-4c08-ad2f-da176b46b9d5,5e7d9c86-0812-4f35-9b4d-2df0f399a1dd,08f682e0-0949-4d7f-9c1a-36bb48342221,mobile,4,862.2,3.96,2025-06-23T13:51:21.069797
7c00e02d-bbb1-416d-84e0-341a124b25d7,78db3675-7801-4394-8e2b-4f1fde6f6636,d5ee97fe-7203-4277-a432-29e8207ec8be,web,3,157.77,14.13,2025-12-02T13:51:21.069808
9ebdc03d-5f61-460c-8408-1672a6b1151b,1234b85a-6c0e-42b9-8953-1aa40eca3434,79634690-8c5c-4240-8205-82b10c85c886,web,4,1293.24,3.69,2026-03-29T13:51:21.069819
748d7b2c-b96e-485f-ba4d-8abf363ab906,2e1846b9-5efb-4df6-9fa0-b8de321d8ce9,24665074-3a11-4fcf-82f7-1d50a0b2580f,store,5,1909.05,19.54,2025-09-06T13:51:21.069830
40a1139e-8cb0-4ce1-9eca-66fe3c459f3e,c70ee112-9a4d-4c51-ada6-a3963b225e9c,457d9d38-588b-41ff-8c67-d7258b51a8e6,store,1,416.4,18.31,2025-05-05T13:51:21.069844
c0e04189-1d26-4bcc-a00d-7f029c82e9ee,f81bcfa1-39d2-47e8-8236-8071706a6271,9c0e36b8-29dc-48d8-9869-8d952c29dbdb,web,3,896.19,5.79,2026-02-26T13:51:21.069856
1e8cf412-9705-4bc3-a225-5918ebc7b93d,c852846f-39ad-4f90-a373-f27b686cbd6b,cbf743b9-e903-4a26-825c-7bde33e1d82c,store,4,1493.4,0.73,2025-09-18T13:51:21.069870
afce8ef1-2816-4687-879b-a4cef7daeb11,c7a05006-af72-4fe4-af69-4916237acd03,d5ee97fe-7203-4277-a432-29e8207ec8be,mobile,3,157.77,11.78,2025-11-03T13:51:21.069884
3cfbeef0-be92-4094-aeb5-ba605eba7feb,4f8976eb-b7a7-407e-a978-81c6b0ca8ebc,cbf743b9-e903-4a26-825c-7bde33e1d82c,store,1,373.35,17.86,2025-09-22T13:51:21.069896
d9afc141-af52-43d3-a19f-a7a9225bfe73,bdb77e2b-5d39-41d7-8683-b92222eebcd7,1791a541-fe39-430b-9626-a24acd85e08e,web,2,543.44,17.06,2026-02-09T13:51:21.069909
71fd5ab1-5071-4318-82b0-c9976f4b727d,ece47cd8-cb49-4524-9386-ce6691914b6e,944989d7-0474-4130-959f-c793bf62259e,web,1,119.36,17.38,2025-11-03T13:51:21.069920
d054061c-f4f4-4ffc-b458-ae81721989e1,48939967-06c2-444f-bd14-4f7a500ae2cb,542e404c-f975-45bf-b793-249b8d15665d,web,2,214.84,0.94,2025-05-10T13:51:21.069932
f60a8e19-3e39-4d18-b8e4-0e57bc67fb91,d0e41f6c-c8cb-4de6-86a7-55eb1edf917c,542e404c-f975-45bf-b793-249b8d15665d,mobile,1,107.42,14.78,2026-02-26T13:51:21.069943
b948955c-f5e8-42ee-9c08-c23cc3209f1b,228052e8-635e-4302-ace6-72ead42c8602,944989d7-0474-4130-959f-c793bf62259e,web,1,119.36,5.12,2026-02-16T13:51:21.069954
08a2999b-63e9-439a-b03a-5245bf24a423,0cfd5607-d58f-4d81-9835-b178d717b015,56ad6e1f-0691-4acd-a3de-c8da072e3963,web,2,292.3,3.85,2025-06-25T13:51:21.069966
bb8b83e9-729f-4b6c-a2ea-00d1edfc78b6,a22427fa-587c-4ef8-ac58-a71016ef9984,24665074-3a11-4fcf-82f7-1d50a0b2580f,mobile,3,1145.43,7.58,2026-01-13T13:51:21.069977
7347939f-4ff0-48a9-8e64-c577580bc5dd,370e7bb7-6236-43ce-95ca-1a960f6b7194,28de6b67-c5da-4fd9-9ae6-64f199eb885d,web,2,609.96,14.66,2026-01-24T13:51:21.069989
5eb29c74-a377-47c6-b0be-4c64dcad8b22,3353b7da-6f12-42f1-9424-fbde65b4b5f8,457d9d38-588b-41ff-8c67-d7258b51a8e6,store,4,1665.6,6.67,2025-05-03T13:51:21.070000
84b6dd20-0208-4a12-800c-1db7efeb1aef,bfa1faa6-7870-4ab7-b386-25eb3624f4dc,053f89ae-21b6-4267-baf4-f4be573d366f,store,2,142.3,5.97,2025-08-02T13:51:21.070012
eb421cc8-969e-4775-9a6d-e66c724a7a51,755b4c50-4d17-4e79-8c2a-5d83b8972610,053f89ae-21b6-4267-baf4-f4be573d366f,store,5,355.75,15.86,2025-09-01T13:51:21.070024
0bf60bc0-e7cb-4502-b4fc-49b5aa758d50,d8485234-37db-4394-ae90-cbf6891d00c3,11d7b21d-825c-442e-8c20-a64d4de4dd3c,store,5,286.9,8.59,2025-07-27T13:51:21.070041
9f7106eb-eba4-4f93-8f68-0ff05e056d5a,32ffa999-0fab-4f21-8377-940aa0f754eb,24665074-3a11-4fcf-82f7-1d50a0b2580f,store,1,381.81,4.95,2025-06-21T13:51:21.070064
dd81ef8c-af51-48e0-8715-1f6dc5309182,0187210b-941d-4bad-b587-443bb52be2a0,7df8e284-e832-44a7-94ef-f17a4e5da9d6,web,4,358.76,5.53,2025-05-30T13:51:21.070077
c11ed807-9aa5-4c22-9e1a-c73260bd71d2,51b8c361-d3b7-4bfc-a0c5-c15b2fc0a697,17c1c99f-c424-420e-8868-5ab21bafe8e5,mobile,3,426.78,9.44,2026-01-15T13:51:21.070092
c2176324-b4e9-4dcb-8cb0-7f69e3625fc2,9d5bc314-79d9-4dee-966f-dba735c7590f,6c37ac7c-22fb-489b-9e12-ba964446997b,store,4,1775.44,13.77,2026-02-27T13:51:21.070104
5418e427-97f3-44cc-aed6-0157b3d7d610,b404a8e7-16e4-4439-a553-4fc2473a176b,f6df0b45-6106-42d3-8c75-195d0ad4baee,mobile,3,1166.37,16.94,2025-10-27T13:51:21.070124
dab1d011-bcc3-4870-9b0f-d31d7c119260,4978ccb0-1e80-4cf0-b90a-0a40f49394dc,ca3df109-0f94-4c65-bb50-5e247fa97614,store,4,1415.52,15.75,2026-01-25T13:51:21.070141
de2a0dcf-f33b-4abd-ac82-5fc333471fc2,b7aaa865-e5ca-4a1f-8fc6-8ec0e327c3ba,bdea1b76-1208-4a2f-b2e1-1aa8a5626500,store,1,308.46,8.33,2025-06-02T13:51:21.070161
88b87654-3204-419f-a69a-e24d308468ae,fd777368-7e59-48b1-b85b-1619bc87c5dc,a47d64f7-a098-44b9-8c64-05a8c978779f,web,4,1223.28,4.98,2025-10-08T13:51:21.070173
870fd3f6-6705-4b57-9afb-b750b0f96696,740901b0-ea82-459c-b9c4-ebb6e59f3b9c,321b80eb-c6e9-42e0-a6f5-86598247acd3,store,2,585.78,15.55,2025-11-19T13:51:21.070187
d263d8ab-73a8-4b5a-bb0d-2b1fbc85fcf0,1ad8fec9-6f2f-465b-85b5-6d9a98406fce,a47d64f7-a098-44b9-8c64-05a8c978779f,mobile,4,1223.28,6.36,2025-09-05T13:51:21.070198
a7748826-9e71-47b7-a020-7d6b0aff86b1,e25f4035-459a-430c-a3b0-ae644d2ee520,457d9d38-588b-41ff-8c67-d7258b51a8e6,mobile,2,832.8,13.97,2025-07-02T13:51:21.070212
184f9b41-77bf-4f36-897f-4f5c1e70c94b,e08005e5-7c2d-4d4a-b8b0-0dfdef1cc73d,e68cd9b3-0f66-4719-b9c8-10a5e0acfc32,mobile,2,858.2,11.03,2025-05-26T13:51:21.070224
23701d1a-b5bd-48b0-b1a2-f3f0e14ccdd4,d4480b7f-44e3-442c-a15d-0691a9d44d3d,bff07f43-24a8-4d20-b9e9-6cac1ecce307,web,2,120.14,17.55,2025-11-18T13:51:21.070236
01d30b9b-6119-4fcd-b0cb-7ade7864dedf,255cee46-53c9-4156-a455-fc71aaeb939f,1308f602-c166-4cdc-868a-0b4938053d4d,web,4,129.76,5.96,2025-06-16T13:51:21.070248
db3b5f21-5991-453c-ad1e-574410057166,d4480b7f-44e3-442c-a15d-0691a9d44d3d,0e9c5cdb-187a-4121-93cd-cd24adc53bc4,mobile,1,112.65,9.15,2026-01-25T13:51:21.070261
4ebecd6d-ffc9-40fa-a240-56bc6ffbbbe2,325a16f2-810b-43e0-b3fa-e2d5e3c13093,e68cd9b3-0f66-4719-b9c8-10a5e0acfc32,mobile,2,858.2,18.62,2025-05-30T13:51:21.070272
1ad1732f-eb70-4d81-acfb-c60ae501fa5a,a25735b8-5c51-4599-aa6b-d519ac2f083a,a47d64f7-a098-44b9-8c64-05a8c978779f,store,2,611.64,8.22,2025-05-13T13:51:21.070284
c1fa1b4a-ceef-440a-8194-b960f163a82a,aeba8343-1c08-4938-bff0-4056adb1a9f6,bdea1b76-1208-4a2f-b2e1-1aa8a5626500,mobile,4,1233.84,11.56,2025-12-10T13:51:21.070296
0f82d79d-cc1d-4285-a9f2-5d5d86bf8806,029bb607-5a35-4265-a4d3-cf749e6ea3f3,08cb9e44-2170-4369-9ab2-a47e52847e6c,web,4,468.48,5.92,2025-07-14T13:51:21.070310
3a8428b4-9019-490b-a1e8-957f03e77580,62333fd8-0787-4f08-8f24-0bd988d5394f,bff07f43-24a8-4d20-b9e9-6cac1ecce307,mobile,5,300.35,15.75,2025-06-08T13:51:21.070322
168fb9aa-3f3a-4e35-b8ab-cedec93c5c2d,ccc80586-f348-4f03-85eb-7da4adedccb4,e68cd9b3-0f66-4719-b9c8-10a5e0acfc32,web,1,429.1,13.48,2025-10-16T13:51:21.070336
6219fe67-f5d4-4f7b-9cc7-63f3f119e4dc,94b600f4-25f6-4f09-953a-1f6a8db7a88f,1890b36f-a137-41e5-b5ed-1d9d565c4bd0,mobile,1,25.56,13.12,2025-09-26T13:51:21.070347
392e609a-1f98-47ba-937d-c68730afc4a3,608deb86-6661-4f77-bb41-aecc5e51f64a,7df8e284-e832-44a7-94ef-f17a4e5da9d6,web,1,89.69,0.46,2026-04-01T13:51:21.070361
859d1173-f31a-4516-82d6-72197b1401b2,f36fccea-2534-4b79-a552-2ebb363bad1a,56ad6e1f-0691-4acd-a3de-c8da072e3963,store,4,584.6,1.18,2026-02-08T13:51:21.070372
f4ce1bb3-9e88-4040-aad6-ffa90fd8c9f2,c70ee112-9a4d-4c51-ada6-a3963b225e9c,9c0e36b8-29dc-48d8-9869-8d952c29dbdb,store,1,298.73,10.73,2026-02-26T13:51:21.070384
9ccb0ebf-d577-4b84-9641-cfb0023d5932,48fb6021-8054-4fbb-8b47-87326c61c00b,0e9c5cdb-187a-4121-93cd-cd24adc53bc4,web,5,563.25,11.12,2025-04-16T13:51:21.070397
096a918e-652c-486e-a283-868ae67d831a,45aafc55-589b-4421-813b-4d61aa30747f,1308f602-c166-4cdc-868a-0b4938053d4d,web,3,97.32,2.36,2025-06-26T13:51:21.070413
a1ceabb5-f029-4eb8-b20e-9364885d9d66,d59d067c-81ef-43c0-8749-a85d38c15ba1,a0de6626-305c-473f-946f-bec5e72fa2b2,mobile,4,1470.24,15.36,2026-01-05T13:51:21.070437
34cea6af-fdef-4e61-bb5e-30b9a2554702,aa5ec596-9d76-401f-aa26-57c32ecec090,f1f6542b-4b3f-4e65-8d9a-766c8d57ad72,store,4,1285.92,12.85,2026-01-11T13:51:21.070450
ddd32d9c-b23b-4a31-b5ef-8649813662e1,e599d142-71ea-4ee4-8680-b02ba12c7bd9,08f682e0-0949-4d7f-9c1a-36bb48342221,web,5,1077.75,7.77,2025-05-26T13:51:21.070461
04c4274a-10c3-462c-a439-bed4e6d023b0,9b88430b-2b81-4613-aaae-c095517cd2e4,a0de6626-305c-473f-946f-bec5e72fa2b2,web,3,1102.68,18.34,2025-09-20T13:51:21.070473
3dd96555-0f31-41cc-ac64-1e516e9c7bb4,205c75d8-28e9-4d23-8dcb-9138a6caf086,08cb9e44-2170-4369-9ab2-a47e52847e6c,mobile,4,468.48,18.61,2026-02-03T13:51:21.070484
74eec1a4-f875-42e9-b31c-7ef829e80573,6ca7f72e-570e-4750-8520-e4fb1d8434d1,053f89ae-21b6-4267-baf4-f4be573d366f,store,1,71.15,16.41,2025-12-26T13:51:21.070496
38a30510-9964-42a7-9174-0f11ca9915b6,3446f091-304c-48ee-8228-02b3d1c875dc,bdea1b76-1208-4a2f-b2e1-1aa8a5626500,web,1,308.46,3.63,2025-05-09T13:51:21.070508
633fae9e-583e-4c61-9982-17be6c238e31,029bb607-5a35-4265-a4d3-cf749e6ea3f3,1308f602-c166-4cdc-868a-0b4938053d4d,store,3,97.32,1.77,2025-06-29T13:51:21.070549
3ece3523-4201-4417-9acb-494e76f4f31f,d7e80692-b86e-40b6-b9de-46a15d1df915,f1f6542b-4b3f-4e65-8d9a-766c8d57ad72,mobile,1,321.48,17.78,2025-09-17T13:51:21.070574
145d15f0-010e-4934-85fd-76823562b9c4,71ed938f-c557-407e-b2c5-6db5e002ec6c,56ad6e1f-0691-4acd-a3de-c8da072e3963,mobile,3,438.45,2.22,2025-12-24T13:51:21.070590
820a745b-7e7f-4f43-879c-7721790dd010,fd777368-7e59-48b1-b85b-1619bc87c5dc,1308f602-c166-4cdc-868a-0b4938053d4d,store,1,32.44,15.71,2026-01-19T13:51:21.070602
c3b06313-04cd-42c9-b6aa-4ebcba4ca980,da6a2aa5-e06f-422f-a9d1-fb75cb459423,cbf743b9-e903-4a26-825c-7bde33e1d82c,mobile,1,373.35,4.94,2025-09-22T13:51:21.070613
bdfe113c-0a22-405c-9d22-38eddad7ecba,eb411509-29e2-4223-b53d-22fb38b6fbcf,a47d64f7-a098-44b9-8c64-05a8c978779f,web,5,1529.1,3.89,2026-03-29T13:51:21.070625
5054cd4e-c436-44a9-b1b1-7c20b2ac2d43,9d5bc314-79d9-4dee-966f-dba735c7590f,a47d64f7-a098-44b9-8c64-05a8c978779f,store,3,917.46,18.35,2025-12-26T13:51:21.070637
5e629bf6-972b-41bc-be11-a0ba59be40ce,d5327b4f-92bb-47e0-8591-523fd0425dda,0e9c5cdb-187a-4121-93cd-cd24adc53bc4,store,2,225.3,10.67,2025-04-29T13:51:21.070650
57f4ffa4-da6e-4a57-9d0e-e4b4ec478823,b2f52649-2de7-4158-96f1-800ae16d25f0,a0de6626-305c-473f-946f-bec5e72fa2b2,mobile,1,367.56,15.94,2025-07-01T13:51:21.070662
8395229e-a105-4812-8f11-55241aab71d3,0560a543-8369-4fc5-a080-3704ce1ea87d,1890b36f-a137-41e5-b5ed-1d9d565c4bd0,store,1,25.56,9.87,2026-03-10T13:51:21.070674
21a60e33-37e2-4f5c-bf85-60b120bb00a4,bfa1faa6-7870-4ab7-b386-25eb3624f4dc,944989d7-0474-4130-959f-c793bf62259e,mobile,1,119.36,1.82,2025-12-08T13:51:21.070685
82213f27-f5b6-468a-abb2-0e5c9d6455ab,03cd349e-dd04-4d46-a08f-6b40026ac251,79634690-8c5c-4240-8205-82b10c85c886,mobile,3,969.93,14.21,2025-06-23T13:51:21.070696
44b883f1-b393-4bba-a42a-72a4fec2593f,66008cc3-2699-4807-9a2a-082a6a036e54,1890b36f-a137-41e5-b5ed-1d9d565c4bd0,store,1,25.56,13.12,2026-03-22T13:51:21.070707
b8abda81-561e-40a2-9f66-fc8f1a6a2d28,e8beb2cc-e5de-472d-ba2a-d4017bef1f66,9c0e36b8-29dc-48d8-9869-8d952c29dbdb,mobile,1,298.73,11.24,2026-01-28T13:51:21.070719
f31efaa9-27df-415d-9018-5fd92298a0f5,b8bc9125-abd7-42fa-b7cd-bccbe5922a40,e68cd9b3-0f66-4719-b9c8-10a5e0acfc32,store,4,1716.4,18.32,2026-02-14T13:51:21.070730
579200b0-35cb-4c25-b1f7-ad3e6b084cff,53e0275c-fc42-4900-a0ea-d5048e14d832,d5ee97fe-7203-4277-a432-29e8207ec8be,web,5,262.95,4.93,2025-06-11T13:51:21.070742
b9089f06-05b9-4680-8e4e-4c92a2f7aab1,25f511db-8e77-4fc1-b6e3-9e44765a64bb,28de6b67-c5da-4fd9-9ae6-64f199eb885d,mobile,2,609.96,17.91,2025-12-04T13:51:21.070753
956561cb-d06b-44fb-a3d5-1515a10c8fb2,aa2d2b25-ba43-40c2-9f6d-c4ba45a3fb67,457d9d38-588b-41ff-8c67-d7258b51a8e6,store,3,1249.2,17.76,2025-07-06T13:51:21.070765
5a02602d-3cd8-4e80-b247-1c167ce06693,dd267d37-2603-4b70-afe3-80c93850b1f7,56ad6e1f-0691-4acd-a3de-c8da072e3963,web,3,438.45,8.51,2026-01-04T13:51:21.070776
9d93e83f-acc1-4bdd-a563-0ff2cc817b45,b3b9c473-d479-4061-9770-ea72c7a0d95c,0e9c5cdb-187a-4121-93cd-cd24adc53bc4,web,5,563.25,9.71,2025-05-07T13:51:21.070788
1ecc7faa-ce2d-480f-9bee-b9feab152ddc,952d7f9c-eec2-4cfe-9a22-d67b2438dd4f,08cb9e44-2170-4369-9ab2-a47e52847e6c,store,2,234.24,1.18,2025-07-11T13:51:21.070800
cb6364d1-de33-4e6f-b269-11044096950b,a25735b8-5c51-4599-aa6b-d519ac2f083a,0e9c5cdb-187a-4121-93cd-cd24adc53bc4,web,1,112.65,15.81,2025-04-21T13:51:21.070811
e861dd95-45db-45e9-a7af-11ea2ab2ff6d,26073014-9b38-40c7-bdc5-0108e886fb39,56ad6e1f-0691-4acd-a3de-c8da072e3963,web,2,292.3,11.66,2025-04-19T13:51:21.070823
0c0ab34d-86c1-44d5-8675-075ffe53a246,16e7deb1-5e07-4f9f-b198-5181d24733dd,cbf743b9-e903-4a26-825c-7bde33e1d82c,store,2,746.7,13.38,2025-11-11T13:51:21.070834
bbb1e465-7024-4c7b-a1ff-c0b9367b607d,dfd52764-d937-4a04-bde4-5a02eae154af,9c0e36b8-29dc-48d8-9869-8d952c29dbdb,mobile,5,1493.65,1.77,2025-07-05T13:51:21.070846
fa2d7244-f287-4897-a80e-f5ee0de5adf9,d211948e-8e58-4cae-862a-3e11e5fe3f2d,28de6b67-c5da-4fd9-9ae6-64f199eb885d,store,2,609.96,17.02,2025-07-16T13:51:21.070857
9131fc45-df85-4ac7-8036-9e469410f108,eeba25c3-bc51-40f2-ad4f-d841787e2823,905f2110-caca-46ad-b1fc-61c3fda110f1,mobile,2,97.2,1.5,2025-08-10T13:51:21.070869
51988111-d858-43a9-b96a-fe4a826cf2b9,27cdacc1-7d04-4490-b295-5991e94f9f5e,56ad6e1f-0691-4acd-a3de-c8da072e3963,mobile,4,584.6,7.37,2025-08-15T13:51:21.070886
df5de09d-0252-4357-beb9-710bbace1c3a,eb136255-db39-4861-8dc4-15cb1a767613,a0de6626-305c-473f-946f-bec5e72fa2b2,mobile,4,1470.24,1.43,2026-01-09T13:51:21.070905
90519f5b-dac5-4289-8d1d-7fb205a9af16,cd4bae82-f1c1-4249-b9de-54fb8ee5a56a,1890b36f-a137-41e5-b5ed-1d9d565c4bd0,store,1,25.56,6.03,2025-05-24T13:51:21.070917
b6c32f55-0f24-460e-b5e7-7670280574eb,bc2a15b3-8cd0-4701-8a84-5408610596e6,28de6b67-c5da-4fd9-9ae6-64f199eb885d,mobile,4,1219.92,19.98,2026-02-12T13:51:21.070928
b163409a-a728-490c-ba89-208a26eb72e2,b3f884c2-631e-4f50-8ebb-a704e4cd049d,bff07f43-24a8-4d20-b9e9-6cac1ecce307,store,2,120.14,5.68,2026-02-14T13:51:21.070940
abc05384-db41-489e-9ad5-66f5acd61ccf,bbf4fb26-a349-4c99-9c94-8531baf2a4e2,d5ee97fe-7203-4277-a432-29e8207ec8be,store,2,105.18,4.36,2026-03-04T13:51:21.070951
ae6b8e57-7a4d-4441-934a-dc0b552f9811,edf7364c-5fb5-440f-9742-0f14133ceede,e68cd9b3-0f66-4719-b9c8-10a5e0acfc32,store,5,2145.5,19.32,2025-05-11T13:51:21.070963
9b188efb-6d9c-4f8e-9fa2-e2b26e74f311,0a6dd152-f4e3-4ace-b8a8-88e743549233,1308f602-c166-4cdc-868a-0b4938053d4d,mobile,1,32.44,5.07,2025-09-19T13:51:21.070975
a9b9dc21-643c-4daa-a757-c75579706f1f,a00a95c9-a5cf-4c8d-8945-2a6b7eddd907,457d9d38-588b-41ff-8c67-d7258b51a8e6,web,2,832.8,15.15,2025-11-01T13:51:21.070987
b6cc93d7-bb0a-46d3-9fd5-dd4896380016,675701f2-8821-48a1-b6cd-c7205873c1e2,053f89ae-21b6-4267-baf4-f4be573d366f,web,1,71.15,12.66,2026-04-14T13:51:21.070999
bd1decc9-9614-453e-b55a-de94014053f5,4a048325-8212-43a5-beca-25ad536f4cee,ca3df109-0f94-4c65-bb50-5e247fa97614,store,1,353.88,11.67,2025-04-18T13:51:21.071011
31323a6a-30f7-4f68-be01-96d222fe6b53,4b581a14-30d2-46dc-933e-c3d4fb4a84ea,a47d64f7-a098-44b9-8c64-05a8c978779f,store,5,1529.1,8.52,2025-07-20T13:51:21.071025
86d2c94c-6742-4b91-b8f8-825181aa3ae7,302fe327-d775-409b-8012-a97df34b403d,a0de6626-305c-473f-946f-bec5e72fa2b2,mobile,5,1837.8,4.42,2025-06-28T13:51:21.071037
0762b113-36b7-4ea9-b96e-69bb934f92ea,3e180188-758e-4f82-bfe5-3ce6dbd03f62,cbf743b9-e903-4a26-825c-7bde33e1d82c,mobile,3,1120.05,19.81,2026-02-20T13:51:21.071051
f36b0474-64a0-493d-bcba-d7779edcc456,e08005e5-7c2d-4d4a-b8b0-0dfdef1cc73d,457d9d38-588b-41ff-8c67-d7258b51a8e6,store,4,1665.6,18.78,2025-08-27T13:51:21.071063
75f8f721-7fd2-44be-bc96-6872101e653b,abb8399d-d557-4b20-a585-bdc3cbf9c14d,f6df0b45-6106-42d3-8c75-195d0ad4baee,store,2,777.58,15.57,2025-10-10T13:51:21.071075
cda2e0f5-7491-4b4e-8d32-785cb2c59593,b237f9d5-60b3-45de-bbeb-f64d46377e62,08f682e0-0949-4d7f-9c1a-36bb48342221,mobile,2,431.1,14.49,2025-08-29T13:51:21.071086
48aae9da-1b1b-49d9-bcd0-11202568ccaa,893a1913-8bbc-4c49-821a-1dc2aff85261,08f682e0-0949-4d7f-9c1a-36bb48342221,web,4,862.2,15.21,2025-09-21T13:51:21.071099
514deb65-d0aa-4c89-a25a-fd30e594bae2,ea1872d3-f341-4e4d-ba06-92d09a33fa7a,f6df0b45-6106-42d3-8c75-195d0ad4baee,store,3,1166.37,7.66,2026-04-02T13:51:21.071119
8442bc8e-16a0-461a-b1b4-1380811984e0,edc763b9-98ed-4423-9fa2-d0b98da2d055,0e9c5cdb-187a-4121-93cd-cd24adc53bc4,web,1,112.65,1.66,2025-05-11T13:51:21.071147
43acefa5-e5f3-4d89-a54f-5850534a70d7,9a58294d-b1d7-464a-a310-45a0eccb0b17,a47d64f7-a098-44b9-8c64-05a8c978779f,web,1,305.82,19.74,2025-12-23T13:51:21.071166
0a80ea2c-2f8d-4e56-8d20-57ff6926f568,d0e41f6c-c8cb-4de6-86a7-55eb1edf917c,bdea1b76-1208-4a2f-b2e1-1aa8a5626500,store,4,1233.84,0.81,2026-01-13T13:51:21.071179
afd82b7b-71d8-4c86-a80b-64409e46c03f,e08005e5-7c2d-4d4a-b8b0-0dfdef1cc73d,bdea1b76-1208-4a2f-b2e1-1aa8a5626500,web,4,1233.84,0.07,2026-02-22T13:51:21.071192
fe7ead1b-c88d-4685-8b92-c6314af092e2,fcce4cc1-7186-4f54-85f6-10e497d9899f,e68cd9b3-0f66-4719-b9c8-10a5e0acfc32,mobile,4,1716.4,1.18,2025-07-12T13:51:21.071207
f2b581a3-08ca-4941-ad14-6fa689f92a83,616ee21c-1141-485b-98f2-fdb0e48d66c0,08cb9e44-2170-4369-9ab2-a47e52847e6c,mobile,4,468.48,2.81,2026-02-05T13:51:21.071219
1f06593a-1b5f-4ba9-8c01-704cc7879c7e,7a2c8513-4c58-41e2-a436-bd6a6a91e982,e68cd9b3-0f66-4719-b9c8-10a5e0acfc32,mobile,2,858.2,14.4,2026-01-07T13:51:21.071231
7a0e6558-b1ef-498a-bcb5-ad3ffb75cc99,d59d067c-81ef-43c0-8749-a85d38c15ba1,6c37ac7c-22fb-489b-9e12-ba964446997b,web,2,887.72,2.86,2026-02-03T13:51:21.071246
b0d6d67b-b1ae-425b-b3b2-254778276199,f3a49fd3-455a-4ac4-9d70-9cd8d52b0e4e,24665074-3a11-4fcf-82f7-1d50a0b2580f,web,2,763.62,5.68,2025-07-05T13:51:21.071258
5fb8a322-d576-4d7a-ad62-0a1d0759de57,2bf20add-b53d-4ece-be51-331ebb53ad0c,a47d64f7-a098-44b9-8c64-05a8c978779f,web,4,1223.28,10.52,2025-10-30T13:51:21.071269
7106aeab-70b7-4597-a83e-4f6f9fd0d85b,181f6def-75b2-4650-8010-6b2d2c405278,053f89ae-21b6-4267-baf4-f4be573d366f,store,1,71.15,1.85,2026-04-15T13:51:21.071281
74ce614d-5f08-4eee-93ae-02a6c7cd59cd,9c8a22ec-7e5f-474b-8e85-d6b34aea9e24,17c1c99f-c424-420e-8868-5ab21bafe8e5,mobile,3,426.78,16.05,2025-08-27T13:51:21.071293
a939d749-bfd8-47e0-b7f6-ddd7c78fb591,ff3bc83f-7267-4530-ae44-86792304c864,321b80eb-c6e9-42e0-a6f5-86598247acd3,web,1,292.89,18.72,2025-04-20T13:51:21.071305
5dd55569-8373-482e-9cfc-5349ee3c79d3,032cac28-42f5-4e97-be1e-7846737d3d0c,cbf743b9-e903-4a26-825c-7bde33e1d82c,store,3,1120.05,19.34,2026-01-06T13:51:21.071316
35ab8ac3-c3ab-48f9-b984-73e7ce627348,8e2a7aa8-8e6c-4b41-9ba3-9577be455dc7,f1f6542b-4b3f-4e65-8d9a-766c8d57ad72,mobile,2,642.96,10.61,2026-01-21T13:51:21.071327
29b5e4a8-7194-4082-8b1b-ac0d8b37cf96,0af417b2-c439-4d9b-a97b-9e76de6515ea,79634690-8c5c-4240-8205-82b10c85c886,web,4,1293.24,12.79,2025-11-18T13:51:21.071339
30ea1cd1-9412-4011-ae10-0e266d5a92c1,4169a5b1-d3ce-4a9a-9d4e-f35c958725e4,321b80eb-c6e9-42e0-a6f5-86598247acd3,web,4,1171.56,11.98,2025-07-05T13:51:21.071351
bea6ce82-cf37-4a49-997f-fa5d1fa3797e,9d57b2f2-8959-4ba6-a225-7aae14a7ca35,1791a541-fe39-430b-9626-a24acd85e08e,web,2,543.44,18.53,2026-04-01T13:51:21.071363
80ade55b-1cd3-4cc3-81ed-9e80222fd2a9,3cae7953-c156-471c-9a5f-92f3526f83e4,d5ee97fe-7203-4277-a432-29e8207ec8be,web,1,52.59,12.44,2025-11-13T13:51:21.071374
0326e6c3-03a9-402e-b8e1-8a53819cee4d,4b60a00d-31c4-4bfd-b30d-a2d859396ec2,457d9d38-588b-41ff-8c67-d7258b51a8e6,web,2,832.8,12.27,2025-11-12T13:51:21.071385
d88dc8db-fd0d-4fdc-b367-4215b7feafe1,b7aaa865-e5ca-4a1f-8fc6-8ec0e327c3ba,542e404c-f975-45bf-b793-249b8d15665d,mobile,5,537.1,5.25,2026-02-26T13:51:21.071399
01c017a8-1e32-4a26-a7d4-ae5c062ea30d,62333fd8-0787-4f08-8f24-0bd988d5394f,17c1c99f-c424-420e-8868-5ab21bafe8e5,store,4,569.04,14.66,2025-08-26T13:51:21.071412
339294b7-61d4-4142-97e1-001efed473ec,f6449f19-458b-444b-b1c6-fdab5901ee7d,542e404c-f975-45bf-b793-249b8d15665d,web,5,537.1,1.7,2026-03-28T13:51:21.071423
de10a1d2-16d2-4a4f-bef2-12140f431f31,b9495a6f-5d1f-4934-9ae7-1176dbb78c66,17c1c99f-c424-420e-8868-5ab21bafe8e5,web,5,711.3,7.71,2025-12-22T13:51:21.071435
dc58ecf4-072f-436a-8876-7b7c4e2bf92b,228052e8-635e-4302-ace6-72ead42c8602,6c37ac7c-22fb-489b-9e12-ba964446997b,mobile,4,1775.44,14.21,2025-07-03T13:51:21.071447
a5e8d24b-211a-400a-9a02-91dbbf7cc6a2,d010c452-9bd9-44e7-b595-21b37cd41c07,6eae25b5-bfd1-445a-b0d8-86e5ef9604a3,mobile,4,1916.08,15.46,2025-07-04T13:51:21.071459
92c009c1-27f2-48db-bbf2-030b3a583ebe,268931fe-8542-4672-96bb-6177eaab9ebb,08f682e0-0949-4d7f-9c1a-36bb48342221,mobile,1,215.55,12.41,2025-12-23T13:51:21.071470
fd0f12d0-b9c5-4efb-acdb-e7275bd83bdb,d3dcaad1-9e4d-4862-b064-aa7e02b5f7a7,f1f6542b-4b3f-4e65-8d9a-766c8d57ad72,mobile,3,964.44,8.05,2025-12-14T13:51:21.071488
3e6abc4c-a113-4539-948e-87709350d1ee,045d4675-4ee0-49ec-a9b1-1d1db855e831,79634690-8c5c-4240-8205-82b10c85c886,mobile,3,969.93,6.46,2025-10-28T13:51:21.071533
347b66a8-5832-4c69-8582-af1ed6aa74ab,a00a95c9-a5cf-4c8d-8945-2a6b7eddd907,ca3df109-0f94-4c65-bb50-5e247fa97614,mobile,3,1061.64,6.12,2025-06-16T13:51:21.071566
a29d345e-d824-4fd4-a1b1-ee71c010131b,00e32ae3-176f-46d2-894c-5504a1bdace4,cbf743b9-e903-4a26-825c-7bde33e1d82c,web,5,1866.75,11.52,2025-11-24T13:51:21.071579
66173a05-33a7-44a3-9e23-744dd7545557,0aecb8b1-e5bf-4a41-88ed-1559a7e7a3a1,79634690-8c5c-4240-8205-82b10c85c886,store,4,1293.24,11.33,2025-06-11T13:51:21.071591
5ab996e8-61fc-44de-869b-455dc6e93078,03e7d570-d942-42d5-972f-7ff8aca4fe7e,053f89ae-21b6-4267-baf4-f4be573d366f,mobile,3,213.45,12.15,2026-01-27T13:51:21.071608
ec07b757-afdf-43b9-bcec-0b238e0dbe64,853320e2-2a2e-4c3f-adc1-dda36244a5bf,e19c753d-318c-4edb-b565-fc406c99c72c,web,1,196.25,14.56,2025-10-04T13:51:21.071620
524b3eef-715a-44c7-9f37-01b3b78ff42c,d6ffbccc-f1ed-4c8d-bc34-01a57153c74b,457d9d38-588b-41ff-8c67-d7258b51a8e6,web,4,1665.6,4.67,2025-08-23T13:51:21.071632
1be106ca-3c44-4d77-b971-47e9b17cbb24,228052e8-635e-4302-ace6-72ead42c8602,a47d64f7-a098-44b9-8c64-05a8c978779f,web,3,917.46,1.66,2025-08-31T13:51:21.071644
c000de21-fb80-4bdf-a143-49860029baf7,68fcba4b-67dc-40a5-b324-7628db4cddbb,08f682e0-0949-4d7f-9c1a-36bb48342221,web,4,862.2,18.53,2025-09-15T13:51:21.071655
59701fc8-0768-4960-80a1-5eff5f6d22c6,d5327b4f-92bb-47e0-8591-523fd0425dda,17c1c99f-c424-420e-8868-5ab21bafe8e5,mobile,1,142.26,17.98,2025-11-13T13:51:21.071668
4e53d7be-cbfc-4968-b8ca-69928a141c85,3e180188-758e-4f82-bfe5-3ce6dbd03f62,542e404c-f975-45bf-b793-249b8d15665d,mobile,3,322.26,0.41,2025-12-24T13:51:21.071683
8fad2e7a-c2e1-489f-8e6a-c6cc934e1076,e28f4770-6966-405d-a263-775367525a66,ad1fb5ee-a91c-4991-9341-e395d2beecef,mobile,4,1408.32,12.28,2025-09-23T13:51:21.071706
970b70d9-ad3d-4999-84f7-2835ee99ca8f,a8448f61-5b18-4c98-82b9-083ed705ce61,f6df0b45-6106-42d3-8c75-195d0ad4baee,store,3,1166.37,9.2,2025-11-29T13:51:21.071731
65a5c532-4a2d-42c4-acad-bcb9f6221aa8,b0b5d801-ca6b-405b-820c-269c6367bf13,ca3df109-0f94-4c65-bb50-5e247fa97614,web,2,707.76,10.63,2025-11-01T13:51:21.071744
91a4a4f4-84a7-452c-a523-cee08228f3ac,79f0c9f5-48e2-4825-9d7e-ccca692a8555,24665074-3a11-4fcf-82f7-1d50a0b2580f,store,2,763.62,3.48,2026-02-02T13:51:21.071756
ee6bc3a1-894e-4679-abc7-2113429d3dae,26c7cb26-7ff0-42e0-be22-ca8bac43dfda,bdea1b76-1208-4a2f-b2e1-1aa8a5626500,store,1,308.46,1.6,2026-03-30T13:51:21.071767
13a01362-380b-4b25-8757-29e22d9132e8,0a9d7983-6f35-4787-b27b-e0aca049aff4,542e404c-f975-45bf-b793-249b8d15665d,mobile,3,322.26,6.62,2026-02-18T13:51:21.071779
003b4bea-efdf-4fb5-a10a-6a092a1ce9c5,fd6dddea-61e9-40b1-9ccc-6fa3d1499f25,f6df0b45-6106-42d3-8c75-195d0ad4baee,store,5,1943.95,10.69,2026-02-19T13:51:21.071791
fda2044b-f655-451b-a40a-3f0c1f218e8f,c7a05006-af72-4fe4-af69-4916237acd03,7df8e284-e832-44a7-94ef-f17a4e5da9d6,web,3,269.07,7.68,2025-06-20T13:51:21.071803
499c6ec6-4bcc-4a2d-982a-2d9109597a7b,5e1fa70f-19c4-4eff-8b14-2c1bc4836ad4,ca3df109-0f94-4c65-bb50-5e247fa97614,web,5,1769.4,3.24,2025-10-04T13:51:21.071815
2a95d112-d905-433d-a675-4af21652657e,2d085040-be9a-497e-812b-d0c170b17e58,321b80eb-c6e9-42e0-a6f5-86598247acd3,web,4,1171.56,19.93,2026-03-15T13:51:21.071827
b32bbcb7-b7f9-482d-a7a2-a8f290b4a1e3,b99c3e55-f199-4dc5-b146-d6358e2b84b5,6eae25b5-bfd1-445a-b0d8-86e5ef9604a3,store,2,958.04,13.51,2025-06-02T13:51:21.071839
30648382-ab6a-4639-ad39-0354555efd91,bbc3ffc3-639e-44b8-bab5-4f66ba758fd7,6c37ac7c-22fb-489b-9e12-ba964446997b,web,2,887.72,6.44,2025-12-23T13:51:21.071851
2bd50bdb-2e60-4fcf-a7f6-fc01665fdbd7,c93f2cd4-13a8-4f0f-8d1a-8854990eb1b2,542e404c-f975-45bf-b793-249b8d15665d,web,5,537.1,0.92,2025-09-29T13:51:21.071862
22385bc4-a429-4af4-9463-581346b941f2,a5469fbf-9ff0-42b2-a794-2a287bbc17b1,542e404c-f975-45bf-b793-249b8d15665d,store,5,537.1,3.68,2025-09-05T13:51:21.071874
32386f6b-cd80-4899-af20-4f2d6670b846,b8bc9125-abd7-42fa-b7cd-bccbe5922a40,1890b36f-a137-41e5-b5ed-1d9d565c4bd0,web,4,102.24,9.71,2026-01-25T13:51:21.071885
2f2071ee-5a77-42f9-a74d-60707a0a372f,67da80eb-8c00-4328-9bd2-9b409e254a97,9c0e36b8-29dc-48d8-9869-8d952c29dbdb,web,5,1493.65,0.53,2026-02-03T13:51:21.071898
8c48a65b-cd48-40ce-b01b-d490e7634868,2ec98caa-fbcb-44c8-9be4-a2b9a927b42d,e68cd9b3-0f66-4719-b9c8-10a5e0acfc32,web,4,1716.4,18.1,2025-07-12T13:51:21.071914
08ccf3ef-963c-4bc2-966c-927b4dff679e,181f6def-75b2-4650-8010-6b2d2c405278,bff07f43-24a8-4d20-b9e9-6cac1ecce307,store,5,300.35,7.65,2026-01-15T13:51:21.071926
04127fd0-e4b6-46ac-adc2-40af555a4d04,94d0b5a3-a86a-4abe-816b-c62b05ebe72f,0e9c5cdb-187a-4121-93cd-cd24adc53bc4,web,1,112.65,19.72,2025-09-25T13:51:21.071941
966622dd-f65b-410a-88a0-9729fff610e7,eb42c702-fa41-44fc-bdd9-249a90c13937,6c37ac7c-22fb-489b-9e12-ba964446997b,web,1,443.86,16.78,2025-12-26T13:51:21.071953
dd25e21d-6868-4f48-9e45-5e191ef824b5,48939967-06c2-444f-bd14-4f7a500ae2cb,9c0e36b8-29dc-48d8-9869-8d952c29dbdb,store,5,1493.65,10.63,2026-03-23T13:51:21.071967
3e237e1d-8768-4224-a803-28a4e28965d9,952d7f9c-eec2-4cfe-9a22-d67b2438dd4f,6c37ac7c-22fb-489b-9e12-ba964446997b,web,1,443.86,0.9,2026-01-11T13:51:21.071978
7ac432d1-6c8d-435e-8fe9-64bbf264bbfe,f4a16aad-10c8-456d-a7e3-f8f2fd704455,69b6bb4a-cfaa-4878-91ae-e146f31c1955,web,1,341.57,12.86,2025-06-24T13:51:21.071990
030382a2-9d07-4b8e-b525-f8d1b7fb8781,0dd9e3a0-993b-425d-814d-c34301fb337f,321b80eb-c6e9-42e0-a6f5-86598247acd3,store,5,1464.45,12.08,2025-12-21T13:51:21.072001
0a271fbd-b26d-4c51-a5ea-85b5edc89f57,ae5fe4b9-a9aa-4f59-b42b-46e5f2468402,69b6bb4a-cfaa-4878-91ae-e146f31c1955,mobile,1,341.57,0.43,2026-03-17T13:51:21.072012
d2245595-0b01-4255-aa01-2df068ec8c69,255cee46-53c9-4156-a455-fc71aaeb939f,457d9d38-588b-41ff-8c67-d7258b51a8e6,store,4,1665.6,2.92,2026-02-24T13:51:21.072035
83237c95-e994-4f5a-9148-c79fd7cf822a,539ff2c6-6954-426f-8aac-ef6ce054bfab,457d9d38-588b-41ff-8c67-d7258b51a8e6,store,4,1665.6,14.0,2025-05-04T13:51:21.072046
27320740-0870-4df6-bbea-d6b7b99e91c6,ed6a095f-27ce-4cef-91ef-c21286d7ce21,bdea1b76-1208-4a2f-b2e1-1aa8a5626500,mobile,3,925.38,6.18,2025-10-16T13:51:21.072059
d4d08b9b-9316-4d9d-9cdc-040dc12436a5,a91646c9-5f67-4156-b4d0-21a050b6575c,f1f6542b-4b3f-4e65-8d9a-766c8d57ad72,web,5,1607.4,4.54,2025-06-01T13:51:21.072070
a110fe42-645e-4354-bd49-61bbd45b6e41,46ea7f90-58e8-4782-952d-04f6cbed438e,6c37ac7c-22fb-489b-9e12-ba964446997b,mobile,2,887.72,4.69,2026-02-05T13:51:21.072085
3cbe1bf4-3074-41f0-96ae-d1cf32dd5927,72595032-530c-40ee-b0f0-4ba91d52b77a,1308f602-c166-4cdc-868a-0b4938053d4d,mobile,4,129.76,15.37,2025-08-20T13:51:21.072097
3934db21-f390-4af7-b5bf-8aba5abdb86e,5bf4583e-b845-45d7-884b-2881ba288b9d,457d9d38-588b-41ff-8c67-d7258b51a8e6,store,4,1665.6,14.68,2025-11-18T13:51:21.072109
bca41a75-fb67-420c-9835-21460cbf7062,b0b5d801-ca6b-405b-820c-269c6367bf13,bff07f43-24a8-4d20-b9e9-6cac1ecce307,mobile,4,240.28,2.37,2026-04-09T13:51:21.072120
2e20b63e-3b7c-4992-93ed-758ed3725be4,b237f9d5-60b3-45de-bbeb-f64d46377e62,6c37ac7c-22fb-489b-9e12-ba964446997b,mobile,2,887.72,13.99,2025-05-04T13:51:21.072132
c613ab72-bc32-492b-ac44-2ea9a8cf73d1,fd777368-7e59-48b1-b85b-1619bc87c5dc,1890b36f-a137-41e5-b5ed-1d9d565c4bd0,store,4,102.24,19.38,2025-08-03T13:51:21.072147
a9fdfced-00b6-4205-8d11-67e1daf5f93e,1b23ba1c-10e6-4969-af23-0bc504b3ce59,e19c753d-318c-4edb-b565-fc406c99c72c,store,3,588.75,3.54,2026-03-17T13:51:21.072159
040ce5c8-4634-465b-8b76-6967772c6b28,7a2c8513-4c58-41e2-a436-bd6a6a91e982,e68cd9b3-0f66-4719-b9c8-10a5e0acfc32,web,1,429.1,15.68,2026-02-10T13:51:21.072175
d9792898-a670-442d-ac4e-41a28af7b1b5,d926ac6a-7059-48e3-9158-1d17c4eddd09,17c1c99f-c424-420e-8868-5ab21bafe8e5,mobile,1,142.26,6.42,2025-04-22T13:51:21.072199
619e6659-ff12-4a4c-b800-b577dc68bf42,aec97b20-5ba5-49c5-825e-394baa6577c2,69b6bb4a-cfaa-4878-91ae-e146f31c1955,web,4,1366.28,15.94,2025-05-11T13:51:21.072212
f2ed6b54-fda8-41a5-839c-4d4b4c4c9d94,02653886-b18f-49d1-befb-1360de21e764,69b6bb4a-cfaa-4878-91ae-e146f31c1955,web,2,683.14,1.38,2026-02-07T13:51:21.072226
e0dd5ac3-be2e-41c5-9ea4-df4a73f7dbc6,0405e266-5a01-46aa-8949-ead219b74ace,f6df0b45-6106-42d3-8c75-195d0ad4baee,mobile,4,1555.16,13.6,2025-05-30T13:51:21.072238
6affac3c-e042-45f9-bf5c-077948dae273,e55e95ef-f1cb-40bc-bc2a-bed8e28fabad,cbf743b9-e903-4a26-825c-7bde33e1d82c,store,4,1493.4,12.65,2025-05-28T13:51:21.072250
2ac8abb7-ccfe-478c-a273-73381562e83c,37719c60-2dce-4f9d-ac9f-4aa5da5bbcd8,457d9d38-588b-41ff-8c67-d7258b51a8e6,web,2,832.8,3.97,2026-02-05T13:51:21.072261
b5e874fe-d968-485e-a9d0-738a49ad80ca,cd0f116b-8b06-4970-a39d-a895155e5d42,28de6b67-c5da-4fd9-9ae6-64f199eb885d,mobile,5,1524.9,3.11,2025-10-15T13:51:21.072273
0d87c1fd-3507-483a-a5e6-70013ceb24c5,3e0f0892-3271-4349-a4d6-c5b43dd208f5,542e404c-f975-45bf-b793-249b8d15665d,mobile,4,429.68,14.41,2025-05-25T13:51:21.072286
f3d54887-0795-48bf-9aeb-ed7cc81e90a6,8d828bfe-e76a-4489-8c2c-8660db2e545a,bdea1b76-1208-4a2f-b2e1-1aa8a5626500,web,3,925.38,18.23,2025-09-15T13:51:21.072298
0b2df57f-3164-4c55-8c31-d842add61658,1c13764a-936b-493a-8635-7e1a3faff27d,1890b36f-a137-41e5-b5ed-1d9d565c4bd0,mobile,3,76.68,6.23,2026-01-28T13:51:21.072309
d19bbe47-bd4d-4a5c-8031-07b9a3bc92dc,3a04faf9-10f8-4f16-b97b-8dccde77a777,944989d7-0474-4130-959f-c793bf62259e,store,1,119.36,16.6,2025-12-11T13:51:21.072321
333f3c9a-1917-411a-bf72-ff1a985dd0bd,72383042-728e-4d20-b0bc-201a92009198,bff07f43-24a8-4d20-b9e9-6cac1ecce307,mobile,5,300.35,18.16,2025-07-14T13:51:21.072332
0011d848-97cf-45c1-8b6d-ebd8012a4043,a217c9df-5a7e-43b6-a2e1-a6a71f171b05,bff07f43-24a8-4d20-b9e9-6cac1ecce307,web,1,60.07,5.19,2025-12-30T13:51:21.072344
7fcf2cad-429e-4b42-b58d-7523c1a93cef,a00a95c9-a5cf-4c8d-8945-2a6b7eddd907,bdea1b76-1208-4a2f-b2e1-1aa8a5626500,mobile,4,1233.84,4.17,2025-10-03T13:51:21.072356
7330ebd1-b934-47b8-a4cc-d19a689db4d8,370f0855-85f1-477f-8f8e-0f1980e8cfc6,0e9c5cdb-187a-4121-93cd-cd24adc53bc4,store,5,563.25,2.07,2025-04-15T13:51:21.072368
a90b2e69-34cd-41f7-98f6-e91bc025a958,658f0200-2d82-4370-88f0-570c233853ef,17c1c99f-c424-420e-8868-5ab21bafe8e5,store,2,284.52,8.25,2025-05-01T13:51:21.072380
6c017c84-2198-40a8-b428-73b52b253742,89052c15-2c75-45bd-b849-25d7912e366c,d5ee97fe-7203-4277-a432-29e8207ec8be,mobile,3,157.77,2.79,2025-12-29T13:51:21.072391
a7db3169-6054-4828-a428-b721f9a12f93,f4a16aad-10c8-456d-a7e3-f8f2fd704455,08cb9e44-2170-4369-9ab2-a47e52847e6c,web,3,351.36,16.29,2025-05-09T13:51:21.072402
17d6668d-37fe-41da-b600-64c0e1667586,755b4c50-4d17-4e79-8c2a-5d83b8972610,6c37ac7c-22fb-489b-9e12-ba964446997b,store,2,887.72,7.86,2025-04-22T13:51:21.072414
b19f1ff7-a03a-4814-8903-a68a2d376601,0a6dd152-f4e3-4ace-b8a8-88e743549233,e19c753d-318c-4edb-b565-fc406c99c72c,store,4,785.0,1.27,2025-12-24T13:51:21.072426
22ee91f3-435f-4d78-9080-64163e0d5d5b,25f511db-8e77-4fc1-b6e3-9e44765a64bb,ca3df109-0f94-4c65-bb50-5e247fa97614,store,2,707.76,18.86,2025-11-23T13:51:21.072438
e268a86c-8d6d-498f-b9b7-e320c2c1936f,0728b6c8-7eab-48c3-a4e0-0f8f8dbf95f8,bff07f43-24a8-4d20-b9e9-6cac1ecce307,mobile,4,240.28,7.85,2025-10-10T13:51:21.072449
6b2248a9-aa07-46f8-b57a-00f354d78a62,a92984c0-2022-4ff4-9915-d94264c7fd2a,1308f602-c166-4cdc-868a-0b4938053d4d,store,5,162.2,5.2,2025-08-18T13:51:21.072463
98a4fb2d-68fd-4afc-9e58-c7cff074cc9a,81c9fc48-3729-4936-b13b-53365da461ff,bdea1b76-1208-4a2f-b2e1-1aa8a5626500,store,3,925.38,3.19,2025-06-18T13:51:21.072476
db560ae1-f95a-4b39-b411-569b305c6b72,ece47cd8-cb49-4524-9386-ce6691914b6e,2341a1b6-ca76-4973-ad2e-4a906f9fd51d,store,3,352.8,16.61,2025-04-18T13:51:21.072488
770f8215-f8b1-4402-99b1-673134ec5117,3a04faf9-10f8-4f16-b97b-8dccde77a777,053f89ae-21b6-4267-baf4-f4be573d366f,web,4,284.6,6.3,2025-05-30T13:51:21.072500
7f829b89-1446-4e12-9e9a-e20c140745c3,a7efd861-82e5-43b1-9e1d-0c829bfa825e,e68cd9b3-0f66-4719-b9c8-10a5e0acfc32,mobile,5,2145.5,8.38,2026-02-08T13:51:21.072523
0495d72e-7844-4837-9432-3843bfdbcd61,b404a8e7-16e4-4439-a553-4fc2473a176b,168e2ef5-ab86-444e-ad38-6cbe82465e6a,web,3,270.18,16.37,2026-02-18T13:51:21.072553
183da849-b12a-4417-9993-70c7b79816bb,2e1846b9-5efb-4df6-9fa0-b8de321d8ce9,e68cd9b3-0f66-4719-b9c8-10a5e0acfc32,store,2,858.2,14.22,2025-08-29T13:51:21.072579
58b04aab-a94d-4081-9451-4927ba7c6264,327977bd-0cc0-4e37-a898-be7b1668b132,6eae25b5-bfd1-445a-b0d8-86e5ef9604a3,web,3,1437.06,12.28,2025-04-21T13:51:21.072598
3648435c-8721-42c5-b061-e6383e1d7372,f45b6dd0-1af6-4a35-8377-7ab4e1b51575,56ad6e1f-0691-4acd-a3de-c8da072e3963,store,3,438.45,17.33,2025-04-30T13:51:21.072610
b03b095f-4e41-4082-a98a-3933c8756879,72cb36c3-7d29-445a-be42-baccbe7f0659,542e404c-f975-45bf-b793-249b8d15665d,store,5,537.1,8.74,2026-02-18T13:51:21.072622
22cccbe2-38fb-4a32-bce5-c631dcd60784,aa5ec596-9d76-401f-aa26-57c32ecec090,321b80eb-c6e9-42e0-a6f5-86598247acd3,web,1,292.89,15.75,2026-01-10T13:51:21.072634
949690db-64a6-4d66-93d7-7ba15b92fd81,bbc3ffc3-639e-44b8-bab5-4f66ba758fd7,ca3df109-0f94-4c65-bb50-5e247fa97614,mobile,4,1415.52,18.7,2025-07-08T13:51:21.072650
434aa5cf-ceb8-41fd-a5b1-efd9ea89046f,e08005e5-7c2d-4d4a-b8b0-0dfdef1cc73d,79634690-8c5c-4240-8205-82b10c85c886,store,3,969.93,14.46,2025-10-21T13:51:21.072670
6087df6c-0c81-4aaf-b8af-e084d03b1020,9d57b2f2-8959-4ba6-a225-7aae14a7ca35,542e404c-f975-45bf-b793-249b8d15665d,mobile,3,322.26,5.83,2026-02-15T13:51:21.072682
33930bbf-b399-45f1-ac0d-4a4789227f10,d2d0328c-6454-4cfc-8e07-f86be9061924,69b6bb4a-cfaa-4878-91ae-e146f31c1955,web,4,1366.28,4.6,2026-04-03T13:51:21.072694
78a6d7c6-3e69-4776-9532-6a2269345e9c,cf767ff6-17c9-4be0-a435-939dd95f7f2b,1791a541-fe39-430b-9626-a24acd85e08e,store,2,543.44,9.06,2026-02-27T13:51:21.072707
adc383f3-0966-4e97-8a94-495a3f18ec09,6f9ef49f-8364-495a-bb6c-b6ffa243e355,08f682e0-0949-4d7f-9c1a-36bb48342221,store,2,431.1,12.9,2026-01-07T13:51:21.072719
343c996a-ac8c-436f-94d2-cd788feaddac,c28076f1-629d-4e62-9dae-bd317892740b,08f682e0-0949-4d7f-9c1a-36bb48342221,mobile,1,215.55,14.06,2025-06-29T13:51:21.072731
98c32fe3-04ad-457b-ad9c-5371881091de,68fcba4b-67dc-40a5-b324-7628db4cddbb,d5ee97fe-7203-4277-a432-29e8207ec8be,store,4,210.36,15.32,2025-08-09T13:51:21.072742
4c7bf6b4-01c0-4194-a7bd-1f472ea847fa,8c0729b0-bedb-4edf-a078-95151b63f71e,79634690-8c5c-4240-8205-82b10c85c886,store,4,1293.24,12.6,2026-01-05T13:51:21.072756
761b2982-f49e-48ff-acb7-59c74bf0786f,d47e0aed-9987-4dbc-8089-1f6faacdaacf,542e404c-f975-45bf-b793-249b8d15665d,web,5,537.1,0.09,2025-09-09T13:51:21.072768
e2461afc-67fe-4b60-991b-41c8a84124ec,13827467-0bd2-4e34-876c-8bb8ec7a0c88,542e404c-f975-45bf-b793-249b8d15665d,web,2,214.84,17.83,2026-04-02T13:51:21.072781
224dc21f-f218-4245-9ebe-ceeefe965758,de09c21b-2790-4f59-98f6-c678497d35f8,1791a541-fe39-430b-9626-a24acd85e08e,store,3,815.16,2.53,2025-08-01T13:51:21.072794
f6e7a73f-5e29-49ad-a939-bcea0f596dfe,e4452209-799a-467e-91ee-0fec8aec1d5b,11d7b21d-825c-442e-8c20-a64d4de4dd3c,web,5,286.9,19.86,2026-01-01T13:51:21.072805
3ebe5750-d617-4899-b14a-41017ed25578,0dd9e3a0-993b-425d-814d-c34301fb337f,e19c753d-318c-4edb-b565-fc406c99c72c,mobile,4,785.0,7.62,2025-05-05T13:51:21.072817
3e925a6c-d353-4108-b61e-de0d3f798b8b,dbefa4ac-a450-4b00-adf5-b7bcf634fb24,bdea1b76-1208-4a2f-b2e1-1aa8a5626500,mobile,2,616.92,12.11,2025-04-27T13:51:21.072830
7634cd7b-c79f-46f3-9112-88e4ab80f029,10a2df5c-33d0-4125-922e-bf481cd31fd5,1890b36f-a137-41e5-b5ed-1d9d565c4bd0,web,2,51.12,17.04,2025-10-02T13:51:21.072841
4dbd5fef-1de2-4aee-9209-b3a04a867ee5,a8448f61-5b18-4c98-82b9-083ed705ce61,11d7b21d-825c-442e-8c20-a64d4de4dd3c,store,5,286.9,17.53,2025-11-20T13:51:21.072855
af2a2bce-9f23-4735-a640-4eb361972df8,c55e3b0c-2166-4985-a1d3-11a262d3395d,542e404c-f975-45bf-b793-249b8d15665d,store,1,107.42,18.34,2025-07-02T13:51:21.072867
ac97b87d-ef08-4a8c-9ce8-545338212764,e28f4770-6966-405d-a263-775367525a66,2341a1b6-ca76-4973-ad2e-4a906f9fd51d,web,1,117.6,2.91,2026-02-16T13:51:21.072879
cec4d824-696d-416d-b82a-bd4cf4f7b005,8369c1b7-e066-4496-95c8-c4798a0240e4,321b80eb-c6e9-42e0-a6f5-86598247acd3,web,1,292.89,7.48,2025-07-01T13:51:21.072891
22a0e524-a275-4fe6-882d-2db5a0dbdb58,54e0fdd2-0846-4239-b960-d6e6580496ae,79634690-8c5c-4240-8205-82b10c85c886,store,1,323.31,5.84,2026-02-19T13:51:21.072905
82a4e4fc-63e6-479b-97cc-b90f05036aec,e20398c7-b82b-42e3-9336-71ccbdfea714,0e9c5cdb-187a-4121-93cd-cd24adc53bc4,mobile,3,337.95,13.82,2025-07-18T13:51:21.072917
5d91949b-7844-44e6-ab1a-c277c089bbd1,255cee46-53c9-4156-a455-fc71aaeb939f,69b6bb4a-cfaa-4878-91ae-e146f31c1955,web,5,1707.85,19.03,2026-03-22T13:51:21.072928
22ef5535-d3b3-4abd-8a78-b83b94528f63,207fbd9f-e63c-4a9c-b32d-dd00c57794da,bdea1b76-1208-4a2f-b2e1-1aa8a5626500,mobile,5,1542.3,14.71,2025-05-23T13:51:21.072943
d1678779-28bd-487e-a44b-fd6c126b3964,46ea7f90-58e8-4782-952d-04f6cbed438e,11d7b21d-825c-442e-8c20-a64d4de4dd3c,store,1,57.38,1.23,2026-03-15T13:51:21.072956
56175a25-8599-488b-9c13-4dfe5614aa63,10c5aaaa-16e0-442a-b44c-907f6d455a23,d5ee97fe-7203-4277-a432-29e8207ec8be,store,3,157.77,17.87,2025-09-20T13:51:21.072969
7b5c3a7f-88d5-48fe-bdef-92fb6490b729,6fe8c4f8-6f02-4706-b398-6c3d0653b820,d5ee97fe-7203-4277-a432-29e8207ec8be,web,2,105.18,10.45,2025-10-28T13:51:21.072981
02fdf8d7-4ad4-49e9-83c1-254e1a171f5f,d2d0328c-6454-4cfc-8e07-f86be9061924,08cb9e44-2170-4369-9ab2-a47e52847e6c,mobile,3,351.36,4.34,2025-07-26T13:51:21.072993
53d6a943-a33d-4e81-8ce3-243e220a7acc,16e7deb1-5e07-4f9f-b198-5181d24733dd,7df8e284-e832-44a7-94ef-f17a4e5da9d6,mobile,3,269.07,1.0,2025-10-17T13:51:21.073007
7a836290-daa9-4a81-a988-2772baa53d72,736e89ee-fcda-459e-a2e7-ecbf43f4404b,79634690-8c5c-4240-8205-82b10c85c886,mobile,1,323.31,18.63,2025-09-21T13:51:21.073019
ca53bcbd-0a6d-4e9e-b3c5-3e787aa0a824,8040cbdd-63a5-4643-98aa-2a7670be6024,a0de6626-305c-473f-946f-bec5e72fa2b2,store,4,1470.24,16.82,2026-02-18T13:51:21.073031
58f4dea6-b997-4d90-ad08-2f154ef0aa1c,1730f2ee-7c94-409e-87b9-9e4384fc7de1,17c1c99f-c424-420e-8868-5ab21bafe8e5,web,3,426.78,19.24,2026-03-28T13:51:21.073043
3c5e7129-9738-4685-a941-98273dc6f3c9,1b01f236-b755-4298-ae6c-63febc013b50,944989d7-0474-4130-959f-c793bf62259e,mobile,2,238.72,2.05,2025-08-22T13:51:21.073054
50e3d74b-0893-45af-b092-529701b1ee34,db4623ff-6c9c-4697-a41d-b3a861bc38bd,1791a541-fe39-430b-9626-a24acd85e08e,mobile,5,1358.6,4.08,2025-05-20T13:51:21.073067
2c91622c-357e-4b45-928f-a91a5b4273a5,9b88430b-2b81-4613-aaae-c095517cd2e4,08cb9e44-2170-4369-9ab2-a47e52847e6c,web,4,468.48,7.32,2026-02-27T13:51:21.073078
5eae05a1-99f2-4cf1-9e22-2f1fd456e9ea,27cdacc1-7d04-4490-b295-5991e94f9f5e,1308f602-c166-4cdc-868a-0b4938053d4d,store,4,129.76,2.26,2025-07-25T13:51:21.073089
bf72f56b-e639-436f-9e76-6a938a631a73,89052c15-2c75-45bd-b849-25d7912e366c,2341a1b6-ca76-4973-ad2e-4a906f9fd51d,store,4,470.4,7.12,2025-09-30T13:51:21.073102
80349545-c4e2-441a-b797-3eab2c7b1623,285b0a46-ec54-4ca2-b675-3bcd0a09e21a,1791a541-fe39-430b-9626-a24acd85e08e,web,2,543.44,3.2,2025-05-11T13:51:21.073114
ac136285-cea1-462b-b698-f2ce13bd0d95,ade7f931-425a-4ac1-9ba5-fb56ea154a33,0e9c5cdb-187a-4121-93cd-cd24adc53bc4,web,1,112.65,6.66,2025-11-02T13:51:21.073126
35c6ceb6-9f55-4856-aad8-b2906bf2170d,2bf20add-b53d-4ece-be51-331ebb53ad0c,56ad6e1f-0691-4acd-a3de-c8da072e3963,store,3,438.45,7.13,2026-01-08T13:51:21.073137
3e799b57-fd06-4a4b-9193-3f661f772455,9250bcb7-8e85-4859-9210-77e4d80ea8af,d5ee97fe-7203-4277-a432-29e8207ec8be,store,5,262.95,6.54,2025-10-19T13:51:21.073152
e52ff51a-aa72-43b5-9b1f-77eb7ea9f434,102b9f49-a914-4bb7-9fbf-cd661f9867f3,08f682e0-0949-4d7f-9c1a-36bb48342221,web,5,1077.75,7.29,2025-10-08T13:51:21.073166
0f1f25ed-d696-485a-99bf-91f371c85b9b,124fdab2-2639-4150-91cf-625e1a170d06,bff07f43-24a8-4d20-b9e9-6cac1ecce307,mobile,5,300.35,15.41,2025-05-15T13:51:21.073177
88bd4a21-f22f-439f-b8fc-d40ce81435e5,4b8e09cb-caba-44f2-a067-285da4e537ef,9c0e36b8-29dc-48d8-9869-8d952c29dbdb,store,3,896.19,8.0,2026-01-24T13:51:21.073189
b31c2de3-f3a5-4c9e-ac85-bceff68b58d8,4f8976eb-b7a7-407e-a978-81c6b0ca8ebc,08cb9e44-2170-4369-9ab2-a47e52847e6c,store,4,468.48,6.7,2025-04-22T13:51:21.073200
6ac374a6-cf57-4c87-8fdf-01f59ff1e593,1bf5ec6f-1fb7-41ba-8561-83bd4b958e3f,d5ee97fe-7203-4277-a432-29e8207ec8be,store,3,157.77,18.58,2025-07-13T13:51:21.073212
0ed9b9eb-f9e7-4b2a-8899-bc22b549dc57,967a969f-428a-4ffe-ad7a-fb432d7496a2,17c1c99f-c424-420e-8868-5ab21bafe8e5,web,4,569.04,0.09,2025-06-10T13:51:21.073224
a2767e7e-6f59-400c-b8f4-83bf4e12339e,fcde5f6e-e6d6-4d2d-b864-ca5cfe08fe46,ad1fb5ee-a91c-4991-9341-e395d2beecef,mobile,1,352.08,6.82,2026-01-28T13:51:21.073239
d007e0d0-f6f4-4639-8a98-42da7e13f4df,7973b72a-555e-4256-a39e-9b40be1a259d,7df8e284-e832-44a7-94ef-f17a4e5da9d6,store,2,179.38,8.6,2025-08-13T13:51:21.073267
cc4132f0-2a74-491c-9826-e88423d32e20,2fa382ae-d79d-488d-95e2-61f2338ea04b,6eae25b5-bfd1-445a-b0d8-86e5ef9604a3,web,3,1437.06,12.76,2025-11-04T13:51:21.073286
5b68cbe8-203b-4426-acb7-b504181f682c,a3ace69c-a556-4f4f-8710-866b65feb589,69b6bb4a-cfaa-4878-91ae-e146f31c1955,web,2,683.14,17.5,2025-11-03T13:51:21.073301
d781b469-0203-4632-995f-3e0418ce7ad9,43c92511-959a-4446-90c1-fe53cc07de9f,053f89ae-21b6-4267-baf4-f4be573d366f,web,4,284.6,0.09,2026-02-20T13:51:21.073313
88fa7fed-43bb-4d12-bca1-0d8e39df3fc0,853320e2-2a2e-4c3f-adc1-dda36244a5bf,7df8e284-e832-44a7-94ef-f17a4e5da9d6,mobile,2,179.38,18.32,2026-04-12T13:51:21.073326
d3ddcc13-3038-4fda-99c4-05857d11e35b,78db3675-7801-4394-8e2b-4f1fde6f6636,0e9c5cdb-187a-4121-93cd-cd24adc53bc4,mobile,2,225.3,9.13,2026-04-11T13:51:21.073340
8edb0779-5692-4c9b-86cd-7c6a66dd9038,d34b6e61-d1a7-4387-9cfb-0e7ab4e5d294,6eae25b5-bfd1-445a-b0d8-86e5ef9604a3,store,5,2395.1,15.87,2026-01-20T13:51:21.073352
58fa55c9-c126-4ab3-b4ec-2ed1e4289d22,62333fd8-0787-4f08-8f24-0bd988d5394f,7df8e284-e832-44a7-94ef-f17a4e5da9d6,mobile,1,89.69,5.85,2026-02-13T13:51:21.073364
57c5ba8d-7374-4f05-86b7-6540131696ff,b6bae32c-417a-4606-ab1f-a80de57064d7,542e404c-f975-45bf-b793-249b8d15665d,mobile,4,429.68,18.43,2025-05-16T13:51:21.073375
e6ada258-0872-4fa0-ba1c-b8a6ff571a5c,d7eaed06-94e3-43b5-9ea6-a33d8c0b3122,79634690-8c5c-4240-8205-82b10c85c886,web,5,1616.55,8.85,2026-03-15T13:51:21.073386
04ae1ed3-19e3-4c8a-b17d-902e02bd2c36,1c13764a-936b-493a-8635-7e1a3faff27d,08f682e0-0949-4d7f-9c1a-36bb48342221,web,1,215.55,14.33,2026-03-22T13:51:21.073397
27660ebb-5338-4e49-aba4-f0e9ae38ebb5,ece47cd8-cb49-4524-9386-ce6691914b6e,08f682e0-0949-4d7f-9c1a-36bb48342221,mobile,2,431.1,5.81,2025-11-15T13:51:21.073409
e3a8639b-584e-4cb8-88f7-581b2db0ae94,bfa1faa6-7870-4ab7-b386-25eb3624f4dc,69b6bb4a-cfaa-4878-91ae-e146f31c1955,store,3,1024.71,16.98,2025-05-13T13:51:21.073420
9c436799-de12-4f4e-8195-accd1b012c67,abb09602-3d21-4475-9c51-63cd8e7fa013,f1f6542b-4b3f-4e65-8d9a-766c8d57ad72,mobile,4,1285.92,16.68,2026-02-26T13:51:21.073432
2b64f35c-b8b3-4af3-9699-d364a1b67b91,cd1b11ec-0996-4be8-8902-195674a27e17,e19c753d-318c-4edb-b565-fc406c99c72c,mobile,1,196.25,11.65,2025-05-03T13:51:21.073444
dda40b29-2f3e-4171-9d1b-1e9911ad8629,59734e6c-879e-4a68-86e6-a30c9e01f2a6,08cb9e44-2170-4369-9ab2-a47e52847e6c,mobile,4,468.48,12.2,2025-10-11T13:51:21.073455
6ce99191-a32f-46c0-b819-4b1123ab2db0,3c0ec3bc-82a6-49b7-bc9b-7911b3f741a6,f6df0b45-6106-42d3-8c75-195d0ad4baee,store,4,1555.16,5.92,2025-08-25T13:51:21.073467
306706e9-11f1-4d0d-b605-8f22ca68f621,6e1cf5e7-7914-4d62-b2b0-b64a0772ac65,1308f602-c166-4cdc-868a-0b4938053d4d,web,5,162.2,5.75,2025-12-16T13:51:21.073479
99b9c096-dab6-4756-9854-4fa3820e14c2,4978ccb0-1e80-4cf0-b90a-0a40f49394dc,cbf743b9-e903-4a26-825c-7bde33e1d82c,mobile,1,373.35,7.33,2025-06-05T13:51:21.073493
d6502af7-865c-4fe1-bdc8-7b4e80e2f0b1,7ccb849f-e106-4134-8160-f987f717c7de,a0de6626-305c-473f-946f-bec5e72fa2b2,store,2,735.12,13.64,2025-05-05T13:51:21.073507
0d765861-36b0-41fa-ab9a-36d42edfa458,8de4ba42-f9cc-4561-9d63-a626e4997a50,ad1fb5ee-a91c-4991-9341-e395d2beecef,web,4,1408.32,19.14,2025-05-31T13:51:21.073540
fec4acbd-15f9-4278-92c2-1ed284f45ca7,ea4f8aeb-9ef4-46ca-953e-5e309b9171ca,542e404c-f975-45bf-b793-249b8d15665d,web,1,107.42,15.2,2025-06-23T13:51:21.073557
b53c38aa-965e-430a-80ad-9d929459e1ec,0662b6ce-20a3-4d11-92e7-9ebde7122461,79634690-8c5c-4240-8205-82b10c85c886,store,4,1293.24,13.87,2026-04-05T13:51:21.073569
e4373c3a-b392-4bd6-bfc7-b0e892dcc5f2,46a28351-96db-49e2-8f94-2a1ff20a0c8d,bff07f43-24a8-4d20-b9e9-6cac1ecce307,web,4,240.28,6.69,2026-03-21T13:51:21.073581
d8b8bd2e-06ec-449f-a24a-8f90b5821f1a,706c92b2-4312-41a5-af08-065360ef288d,28de6b67-c5da-4fd9-9ae6-64f199eb885d,web,1,304.98,14.9,2025-10-29T13:51:21.073592
0084cc33-8f62-4ed1-97f1-ff5203280fc9,acd34a34-250e-4096-9b7d-6f794c95fa49,944989d7-0474-4130-959f-c793bf62259e,mobile,1,119.36,16.58,2025-09-24T13:51:21.073607
87076b85-3f6c-49c1-8717-f67766c4ac5c,85614ccc-0949-4a03-a33a-38b2340aaca1,e68cd9b3-0f66-4719-b9c8-10a5e0acfc32,mobile,1,429.1,0.65,2026-03-31T13:51:21.073626
eff98a8f-52ca-423f-90e4-1aa0b6e12bf5,03cd349e-dd04-4d46-a08f-6b40026ac251,6c37ac7c-22fb-489b-9e12-ba964446997b,mobile,5,2219.3,4.18,2025-06-27T13:51:21.073661
139834f8-731c-405b-b547-a15503b7c20d,8731ca65-1e1e-4850-a464-1901c9b19bd4,7df8e284-e832-44a7-94ef-f17a4e5da9d6,store,3,269.07,17.27,2025-06-13T13:51:21.073689
fd27a98d-cf7f-435b-a583-abee69c6dbd1,d44fe8d0-8697-478a-b561-5412b92c3cdd,56ad6e1f-0691-4acd-a3de-c8da072e3963,store,2,292.3,10.15,2025-11-03T13:51:21.073707
1322f244-6fe8-4ac4-b5ed-b6261a5fe4f7,63c5d37e-dcd5-4139-8a69-7e16620a0f45,56ad6e1f-0691-4acd-a3de-c8da072e3963,web,3,438.45,12.0,2025-08-07T13:51:21.073719
0e71fc35-bf35-4cdd-8766-07f5d75ddcaf,a2db16fd-ba72-4f0b-9305-a8b470f9b0fa,a0de6626-305c-473f-946f-bec5e72fa2b2,store,5,1837.8,11.4,2025-09-21T13:51:21.073734
b5a93dd6-7f79-4c12-a979-0c0e5d7b7d26,e4452209-799a-467e-91ee-0fec8aec1d5b,11d7b21d-825c-442e-8c20-a64d4de4dd3c,mobile,4,229.52,10.11,2025-12-12T13:51:21.073746
7210ab83-b841-498b-b765-2d0a3c6fc56d,029bb607-5a35-4265-a4d3-cf749e6ea3f3,1308f602-c166-4cdc-868a-0b4938053d4d,web,3,97.32,16.25,2025-05-03T13:51:21.073758
8d890bd8-cdcc-49de-8a49-7d56fd6d26c1,3a04faf9-10f8-4f16-b97b-8dccde77a777,56ad6e1f-0691-4acd-a3de-c8da072e3963,mobile,1,146.15,2.77,2025-08-05T13:51:21.073769
085dac19-b43d-4625-8028-93a117c287e6,d9b7e479-7962-472f-9f45-ed44bb42d6aa,e68cd9b3-0f66-4719-b9c8-10a5e0acfc32,web,4,1716.4,15.57,2025-10-11T13:51:21.073781
645d8594-592c-40a8-8c21-320a9c0dd777,4f8976eb-b7a7-407e-a978-81c6b0ca8ebc,053f89ae-21b6-4267-baf4-f4be573d366f,store,4,284.6,5.28,2025-07-14T13:51:21.073793
8eaa49ea-d973-4795-86ca-631b9b93fcfa,4ed250ce-f2f6-4095-b960-f4cc057f1d8f,9c0e36b8-29dc-48d8-9869-8d952c29dbdb,web,4,1194.92,5.8,2025-05-08T13:51:21.073805
4c5e29f2-35b6-4b0f-9b55-574722c78783,b0a631a6-9bfd-4a8c-8c49-40dba41cc45c,944989d7-0474-4130-959f-c793bf62259e,mobile,2,238.72,7.82,2026-04-05T13:51:21.073820
88d2d2cb-e890-477f-8092-6886763dcdfa,03e7d570-d942-42d5-972f-7ff8aca4fe7e,1890b36f-a137-41e5-b5ed-1d9d565c4bd0,mobile,3,76.68,7.54,2025-05-09T13:51:21.073832
3ae57c99-22bc-45c0-9792-6a3352921ff5,3cae7953-c156-471c-9a5f-92f3526f83e4,905f2110-caca-46ad-b1fc-61c3fda110f1,web,1,48.6,11.19,2025-06-18T13:51:21.073843
288dcae2-dc64-4eb2-9bf2-83a594182d1b,d4480b7f-44e3-442c-a15d-0691a9d44d3d,a47d64f7-a098-44b9-8c64-05a8c978779f,store,2,611.64,17.55,2026-02-01T13:51:21.073855
e2a08460-061b-4139-9d55-e284adb6ac16,03cd349e-dd04-4d46-a08f-6b40026ac251,ad1fb5ee-a91c-4991-9341-e395d2beecef,mobile,1,352.08,14.51,2025-05-20T13:51:21.073867
2b925977-51a0-45a5-8fa7-bb9d392282e4,a295cf72-e598-4850-963d-6023136619cc,905f2110-caca-46ad-b1fc-61c3fda110f1,web,4,194.4,7.63,2025-05-15T13:51:21.073881
4aec71fa-7d4e-460f-9dd0-9195de0f7d7c,1b23ba1c-10e6-4969-af23-0bc504b3ce59,ad1fb5ee-a91c-4991-9341-e395d2beecef,web,1,352.08,1.14,2026-03-01T13:51:21.073893
254f6194-0cfc-4876-b732-dce58a70b94f,64fd2fb3-4de5-4dec-b89a-7ad24fb60fbf,69b6bb4a-cfaa-4878-91ae-e146f31c1955,mobile,5,1707.85,4.7,2025-06-15T13:51:21.073906
d9dabad4-27fe-4d31-bea2-9869ddc72ce0,cd4bae82-f1c1-4249-b9de-54fb8ee5a56a,f1f6542b-4b3f-4e65-8d9a-766c8d57ad72,mobile,5,1607.4,0.07,2026-02-16T13:51:21.073918
c2fcfe2d-1424-4351-bba1-1ab44bbc126d,01b0c61b-4ff2-4653-a90f-f2336d2cab3a,053f89ae-21b6-4267-baf4-f4be573d366f,web,5,355.75,10.53,2026-03-24T13:51:21.073930
280481a8-401d-4dcf-894c-e22f8daaf007,1ad8fec9-6f2f-465b-85b5-6d9a98406fce,6eae25b5-bfd1-445a-b0d8-86e5ef9604a3,store,3,1437.06,1.29,2025-04-23T13:51:21.073942
a98de3cf-5a2d-4ae1-8c13-2370978d020b,853320e2-2a2e-4c3f-adc1-dda36244a5bf,24665074-3a11-4fcf-82f7-1d50a0b2580f,web,5,1909.05,12.43,2025-05-01T13:51:21.073954
469a258f-ac9e-4511-a4fb-ab40f2ce56b4,0ebb1121-5e3e-4d5b-b10b-61858bcd68c5,69b6bb4a-cfaa-4878-91ae-e146f31c1955,web,3,1024.71,12.67,2025-04-19T13:51:21.073965
0d05c459-0db2-4065-8258-9b9afb7e58ca,38881b64-3e38-4b34-bf33-d8f08e89bdb5,e19c753d-318c-4edb-b565-fc406c99c72c,store,1,196.25,7.88,2025-12-12T13:51:21.073977
136fb020-d428-4809-907c-c98c0e4f709f,934582b4-4335-41ae-8710-77f29f6f6c81,cbf743b9-e903-4a26-825c-7bde33e1d82c,web,5,1866.75,19.7,2026-03-04T13:51:21.073988
ece9009c-b25e-4899-8214-b78e1a40aca4,79f0c9f5-48e2-4825-9d7e-ccca692a8555,e19c753d-318c-4edb-b565-fc406c99c72c,store,5,981.25,17.06,2026-03-12T13:51:21.074001
53347ee7-a172-4661-9d65-4e41ed3b15c8,3a9aea0a-65d8-411d-a515-5239f165ec5d,2341a1b6-ca76-4973-ad2e-4a906f9fd51d,mobile,3,352.8,19.63,2025-08-24T13:51:21.074017
250b94f7-f2b7-48bb-a8db-4ee8929a46ed,00e32ae3-176f-46d2-894c-5504a1bdace4,7df8e284-e832-44a7-94ef-f17a4e5da9d6,mobile,1,89.69,4.41,2025-10-20T13:51:21.074029
acd4eff0-3fa1-4ffb-847f-a788730715e0,d34b6e61-d1a7-4387-9cfb-0e7ab4e5d294,1890b36f-a137-41e5-b5ed-1d9d565c4bd0,mobile,1,25.56,10.97,2025-10-19T13:51:21.074040
f83ff164-73b9-48dd-9bfe-1da36513e30e,0dd9e3a0-993b-425d-814d-c34301fb337f,bff07f43-24a8-4d20-b9e9-6cac1ecce307,store,1,60.07,9.94,2025-06-06T13:51:21.074052
1b17dfed-af64-4b99-8d10-b6e571df681b,c59d268a-6f92-4a9c-9055-5dc476e1c531,f1f6542b-4b3f-4e65-8d9a-766c8d57ad72,store,5,1607.4,19.57,2025-08-01T13:51:21.074067
2ada0b90-0da7-4f0b-99b8-733b9144e411,f4a16aad-10c8-456d-a7e3-f8f2fd704455,17c1c99f-c424-420e-8868-5ab21bafe8e5,mobile,5,711.3,6.17,2026-02-11T13:51:21.074080
1931a59e-12b6-47ca-8e96-df37d6bb7a40,268931fe-8542-4672-96bb-6177eaab9ebb,e19c753d-318c-4edb-b565-fc406c99c72c,store,5,981.25,19.97,2025-12-17T13:51:21.074091
6b9478a6-038e-4a6a-8861-8988d0f37943,207fbd9f-e63c-4a9c-b32d-dd00c57794da,6c37ac7c-22fb-489b-9e12-ba964446997b,store,1,443.86,16.25,2026-02-21T13:51:21.074103
8e1bca92-0ef9-4e18-8630-ebe3edc49b32,5a07bc88-ff0b-4476-965f-f4c8d2922d97,0e9c5cdb-187a-4121-93cd-cd24adc53bc4,store,1,112.65,9.57,2025-07-29T13:51:21.074115
0598facf-2464-4f8c-98da-6a88ef050b17,151c76f0-b52b-44c4-88d8-60c260d72682,542e404c-f975-45bf-b793-249b8d15665d,web,5,537.1,8.18,2025-07-12T13:51:21.074127
df7f486f-71a3-4ee6-9145-31b5fef86f83,a295cf72-e598-4850-963d-6023136619cc,e19c753d-318c-4edb-b565-fc406c99c72c,mobile,5,981.25,13.34,2025-07-20T13:51:21.074140
8fc606a4-a116-4a00-81fc-68b8192aecf0,d010c452-9bd9-44e7-b595-21b37cd41c07,1890b36f-a137-41e5-b5ed-1d9d565c4bd0,web,4,102.24,9.2,2025-05-23T13:51:21.074157
0aa3f4b3-8ba1-45a4-9dd3-372db47286d2,03cd349e-dd04-4d46-a08f-6b40026ac251,24665074-3a11-4fcf-82f7-1d50a0b2580f,web,5,1909.05,8.5,2026-01-24T13:51:21.074169
9deb02b1-86a0-4986-b864-a199991b0ad1,c49ee3c5-aa37-4df0-bed9-2497197ddbb3,f1f6542b-4b3f-4e65-8d9a-766c8d57ad72,mobile,5,1607.4,0.22,2025-04-27T13:51:21.074180
89e82469-547c-40ac-8a1d-c00c5353ea67,e08005e5-7c2d-4d4a-b8b0-0dfdef1cc73d,ad1fb5ee-a91c-4991-9341-e395d2beecef,store,4,1408.32,1.71,2025-05-21T13:51:21.074192
8bbedeea-1a3b-4227-8dc4-b3d5b7c47003,643e9ab7-7f06-4631-b966-7cdf4dff8ad3,905f2110-caca-46ad-b1fc-61c3fda110f1,mobile,2,97.2,18.34,2026-01-10T13:51:21.074204
3bb287be-90b5-4824-a94c-f4c9a3ede9de,eb411509-29e2-4223-b53d-22fb38b6fbcf,168e2ef5-ab86-444e-ad38-6cbe82465e6a,store,5,450.3,5.83,2026-04-15T13:51:21.074216
c95b664e-79e2-4687-a220-f264e558486a,ecf80b21-a29e-48cc-aeed-993c3d386c46,bff07f43-24a8-4d20-b9e9-6cac1ecce307,mobile,3,180.21,2.12,2025-06-30T13:51:21.074228
ea7649e6-01bc-412b-8c55-7652b00a0a8d,a25735b8-5c51-4599-aa6b-d519ac2f083a,457d9d38-588b-41ff-8c67-d7258b51a8e6,store,5,2082.0,9.3,2025-08-14T13:51:21.074239
18475685-85bc-4b6a-8025-2d046f796359,c49ee3c5-aa37-4df0-bed9-2497197ddbb3,905f2110-caca-46ad-b1fc-61c3fda110f1,store,5,243.0,5.93,2025-08-05T13:51:21.074251
c277e5bf-116e-425b-afae-fea01b941a44,ef8b891a-8f31-48c0-87ec-dd90e192da22,ad1fb5ee-a91c-4991-9341-e395d2beecef,mobile,5,1760.4,10.64,2025-10-08T13:51:21.074262
d7dc5abd-7d35-4a07-84a1-41fc420d30c6,68fcba4b-67dc-40a5-b324-7628db4cddbb,cbf743b9-e903-4a26-825c-7bde33e1d82c,store,1,373.35,2.5,2025-04-17T13:51:21.074273
e194bd4c-b29d-4edd-98e7-e01eb72c7aa3,81c9fc48-3729-4936-b13b-53365da461ff,08cb9e44-2170-4369-9ab2-a47e52847e6c,store,4,468.48,11.03,2025-10-29T13:51:21.074285
ebebba95-d039-4596-b186-26c632841810,486e7590-a65d-4b51-90c2-c0656ce8f42e,2341a1b6-ca76-4973-ad2e-4a906f9fd51d,mobile,1,117.6,19.15,2026-02-03T13:51:21.074299
0a559099-49a6-4b6d-a289-357824f1eb34,01345167-d5c6-442f-9e36-7a5740ee4bcf,6c37ac7c-22fb-489b-9e12-ba964446997b,web,4,1775.44,10.69,2025-10-18T13:51:21.074316
02579c45-dce1-4f9e-a558-bdd3483daa54,81c9fc48-3729-4936-b13b-53365da461ff,1890b36f-a137-41e5-b5ed-1d9d565c4bd0,mobile,1,25.56,8.57,2025-11-09T13:51:21.074347
e3721aab-9e42-4fad-8041-07c8ad5a42f3,f4898991-6e86-4b9c-a7fe-2cff54efe3ea,321b80eb-c6e9-42e0-a6f5-86598247acd3,mobile,1,292.89,12.07,2026-04-13T13:51:21.074366
b7da86fd-99e8-4379-a0c3-773052df915f,3446f091-304c-48ee-8228-02b3d1c875dc,a47d64f7-a098-44b9-8c64-05a8c978779f,mobile,5,1529.1,3.62,2025-04-20T13:51:21.074378
abdf72cb-aa99-48ed-98af-f7ab95adf2c8,1ad8fec9-6f2f-465b-85b5-6d9a98406fce,f1f6542b-4b3f-4e65-8d9a-766c8d57ad72,store,5,1607.4,12.79,2025-08-07T13:51:21.074390
f6d3c276-d12f-49d9-a581-3d651fe3484f,03e7d570-d942-42d5-972f-7ff8aca4fe7e,6eae25b5-bfd1-445a-b0d8-86e5ef9604a3,mobile,1,479.02,3.92,2026-02-02T13:51:21.074402
f23771db-cf83-4d12-b7d2-4f3b7287264a,bb4ef3c6-a55d-4ec2-9f3e-ed8bc693d9d5,08cb9e44-2170-4369-9ab2-a47e52847e6c,mobile,2,234.24,0.26,2025-10-23T13:51:21.074413
9aef3743-e812-48a3-b746-0b4ae08a021e,def31f26-998a-4ab5-805e-1a02aac4ed26,bdea1b76-1208-4a2f-b2e1-1aa8a5626500,web,4,1233.84,9.87,2025-05-30T13:51:21.074428
2d2d99be-8b83-4439-bd38-a3a3fa18be63,32528c9b-b758-4757-b73f-1f5e974a7789,2341a1b6-ca76-4973-ad2e-4a906f9fd51d,mobile,1,117.6,12.86,2025-09-22T13:51:21.074440
f84f4b96-20ec-4254-a20e-75fd69588ede,a00a95c9-a5cf-4c8d-8945-2a6b7eddd907,08f682e0-0949-4d7f-9c1a-36bb48342221,web,2,431.1,17.02,2026-01-23T13:51:21.074452
255da243-04c7-43f4-a8c3-b5fabec2d7ca,00f19281-9ad5-4f42-a8c1-0691767a4db1,56ad6e1f-0691-4acd-a3de-c8da072e3963,mobile,1,146.15,0.31,2025-05-26T13:51:21.074463
9061a297-3a81-4818-b182-36cff30688e4,b3f884c2-631e-4f50-8ebb-a704e4cd049d,944989d7-0474-4130-959f-c793bf62259e,mobile,1,119.36,3.91,2025-08-03T13:51:21.074475
896c5e97-0e53-4b77-bca0-cc7a45637a37,01b0c61b-4ff2-4653-a90f-f2336d2cab3a,542e404c-f975-45bf-b793-249b8d15665d,store,3,322.26,13.02,2026-01-17T13:51:21.074489
d94c065c-301f-4e21-bb86-2d9c747762a7,48fb6021-8054-4fbb-8b47-87326c61c00b,542e404c-f975-45bf-b793-249b8d15665d,mobile,3,322.26,9.02,2025-04-21T13:51:21.074501
5b25d418-4a97-4b37-b33f-44294ad2a49a,124fdab2-2639-4150-91cf-625e1a170d06,0e9c5cdb-187a-4121-93cd-cd24adc53bc4,mobile,3,337.95,16.18,2026-04-03T13:51:21.074532
3d76b56a-2217-4378-97f7-1ccb3627f927,17b5440a-a8df-4fd5-997a-0921ee427014,1890b36f-a137-41e5-b5ed-1d9d565c4bd0,store,3,76.68,18.92,2025-11-10T13:51:21.074563
f7e5365d-b9be-42fe-bbde-fcddc1aadaa8,72595032-530c-40ee-b0f0-4ba91d52b77a,321b80eb-c6e9-42e0-a6f5-86598247acd3,store,4,1171.56,5.11,2025-05-03T13:51:21.074583
ef3ff983-cf01-470b-995c-71a1eadfea2c,de09c21b-2790-4f59-98f6-c678497d35f8,1308f602-c166-4cdc-868a-0b4938053d4d,web,5,162.2,7.24,2025-08-06T13:51:21.074595
950f26e3-72bc-4cea-8709-7ce887d0b727,0ffa2fd2-7b2b-4401-b033-eccfd8ef021c,11d7b21d-825c-442e-8c20-a64d4de4dd3c,store,3,172.14,6.61,2025-12-24T13:51:21.074613
7ce9715a-ffb1-4e2c-897f-eda41fc852f6,ade7f931-425a-4ac1-9ba5-fb56ea154a33,a47d64f7-a098-44b9-8c64-05a8c978779f,store,4,1223.28,17.93,2025-05-15T13:51:21.074643
e9e53395-9e35-4731-aca8-777c7cb22763,596f31a6-fa4a-4f78-b82d-1c50602c82ff,168e2ef5-ab86-444e-ad38-6cbe82465e6a,mobile,4,360.24,3.97,2025-10-16T13:51:21.074666
b7ff9bff-effb-47c8-a69e-d0fe85028f2c,0e84ca4e-38ef-4914-9a48-d37c077735d3,a47d64f7-a098-44b9-8c64-05a8c978779f,store,5,1529.1,11.23,2026-01-04T13:51:21.074678
900b1f45-d48a-4f8f-a383-55192a4ef8b1,058c636f-b73c-4bd9-bd6a-134962a13206,6eae25b5-bfd1-445a-b0d8-86e5ef9604a3,mobile,3,1437.06,18.89,2025-05-15T13:51:21.074689
051a9e0d-dd1b-4284-a72c-aece2be176fd,71dd238d-4040-4247-9b73-eff211153a97,9c0e36b8-29dc-48d8-9869-8d952c29dbdb,web,4,1194.92,8.68,2025-08-05T13:51:21.074701
7d9d92ac-de38-4349-9b15-339bf30b988c,6b1fe901-5849-41af-9f5a-20e3dd30b27e,053f89ae-21b6-4267-baf4-f4be573d366f,web,5,355.75,3.09,2025-11-06T13:51:21.074713
f3cf44b3-c027-429f-934d-4b03ea572c51,6ca7f72e-570e-4750-8520-e4fb1d8434d1,7df8e284-e832-44a7-94ef-f17a4e5da9d6,mobile,4,358.76,9.42,2025-10-11T13:51:21.074730
08668ca9-6af4-4d4c-80b3-f703856066d0,78db3675-7801-4394-8e2b-4f1fde6f6636,bdea1b76-1208-4a2f-b2e1-1aa8a5626500,web,5,1542.3,3.18,2025-11-18T13:51:21.074749
4c0fc97d-eb94-4708-93af-aac2451e0d1d,81444fcd-e4cb-4181-9eb5-0f0c87ce0dd7,e68cd9b3-0f66-4719-b9c8-10a5e0acfc32,web,5,2145.5,13.14,2025-07-02T13:51:21.074778
8db9b162-5f28-4c98-837c-59da486b1d1e,008f3c83-68c5-44b4-8a91-226b4738b52d,11d7b21d-825c-442e-8c20-a64d4de4dd3c,mobile,3,172.14,8.61,2025-12-12T13:51:21.074805
3c37c189-3042-492d-a89a-db5588b4e801,4b581a14-30d2-46dc-933e-c3d4fb4a84ea,457d9d38-588b-41ff-8c67-d7258b51a8e6,store,5,2082.0,0.48,2026-03-30T13:51:21.074824
ca54100b-b351-428c-a12e-13ce467967c3,739dee87-b56f-4b08-a7f9-6c85d6818fe3,053f89ae-21b6-4267-baf4-f4be573d366f,store,3,213.45,19.89,2026-03-16T13:51:21.074836
549a896e-5544-4279-b670-20be9c247680,53e0275c-fc42-4900-a0ea-d5048e14d832,24665074-3a11-4fcf-82f7-1d50a0b2580f,store,5,1909.05,9.27,2025-11-29T13:51:21.074847
90e26f1e-e06b-42c1-9ed8-0eda3f2beeaa,207fbd9f-e63c-4a9c-b32d-dd00c57794da,79634690-8c5c-4240-8205-82b10c85c886,web,1,323.31,5.61,2025-08-24T13:51:21.074858
2ded3a3f-ec13-4780-8ae8-49ef6e66d994,abb8399d-d557-4b20-a585-bdc3cbf9c14d,ad1fb5ee-a91c-4991-9341-e395d2beecef,mobile,5,1760.4,9.35,2026-03-23T13:51:21.074869
16f9240a-b1e6-4ab7-bdff-0abf6805a444,ff3bc83f-7267-4530-ae44-86792304c864,ca3df109-0f94-4c65-bb50-5e247fa97614,store,2,707.76,5.39,2025-06-17T13:51:21.074888
dfceb7bd-bf0f-4f60-a24b-08871701bed0,706c92b2-4312-41a5-af08-065360ef288d,6c37ac7c-22fb-489b-9e12-ba964446997b,mobile,1,443.86,18.51,2025-12-13T13:51:21.074902
36912a8b-dfd0-4b24-8d31-c9dda4910184,ed6a095f-27ce-4cef-91ef-c21286d7ce21,e68cd9b3-0f66-4719-b9c8-10a5e0acfc32,mobile,2,858.2,19.86,2025-10-26T13:51:21.074914
fecb6b14-1654-4b84-8f94-2873ae08d8ef,e20398c7-b82b-42e3-9336-71ccbdfea714,6c37ac7c-22fb-489b-9e12-ba964446997b,web,1,443.86,13.78,2025-05-04T13:51:21.074928
61114cdb-09c3-4ce7-8c59-6f2f74356a07,7a17c39e-ac79-4a16-b21a-b842db9df252,79634690-8c5c-4240-8205-82b10c85c886,web,3,969.93,13.16,2025-10-22T13:51:21.074941
da4ad016-7050-4f7f-b97f-53b5e1bc5df3,6d40d013-a9c6-497a-a9a8-a3c69db7cdf1,17c1c99f-c424-420e-8868-5ab21bafe8e5,web,1,142.26,6.87,2025-11-07T13:51:21.074954
a42480ce-5f85-4744-a8ce-db5e39364d14,81444fcd-e4cb-4181-9eb5-0f0c87ce0dd7,d5ee97fe-7203-4277-a432-29e8207ec8be,mobile,2,105.18,5.3,2025-08-21T13:51:21.074965
871f9c6a-8121-4fde-adf6-07c2d4184f7a,6b9384d5-4658-499e-aa0e-261e25506abf,6eae25b5-bfd1-445a-b0d8-86e5ef9604a3,mobile,2,958.04,17.17,2025-08-07T13:51:21.074976
ebdf4650-b60e-475f-a3ab-0a1c17f07618,1317509d-d5f2-4937-b745-e8344d4b202a,457d9d38-588b-41ff-8c67-d7258b51a8e6,mobile,2,832.8,14.5,2026-03-06T13:51:21.074988
4633c76b-c3b7-4736-999c-df1138b75a40,b2f52649-2de7-4158-96f1-800ae16d25f0,28de6b67-c5da-4fd9-9ae6-64f199eb885d,mobile,2,609.96,7.05,2025-12-14T13:51:21.075000
31b8d075-e235-43e2-8071-1a832960565d,65907001-78fd-4e76-8be5-e9a095386e1d,a47d64f7-a098-44b9-8c64-05a8c978779f,store,2,611.64,3.69,2025-09-22T13:51:21.075011
c744bdb9-6cc8-4bf1-a6dc-27dd0b8a2563,84d1dfb4-674d-49fb-b335-c37a563eaa93,11d7b21d-825c-442e-8c20-a64d4de4dd3c,store,2,114.76,16.81,2025-07-07T13:51:21.075022
ef642d51-27af-42ef-8f9e-6025e95953f1,eb136255-db39-4861-8dc4-15cb1a767613,24665074-3a11-4fcf-82f7-1d50a0b2580f,mobile,3,1145.43,1.02,2026-02-18T13:51:21.075034
98e4bb48-af2e-4604-a8e4-a12da9b2d2ad,8de4ba42-f9cc-4561-9d63-a626e4997a50,ca3df109-0f94-4c65-bb50-5e247fa97614,web,2,707.76,11.08,2025-07-19T13:51:21.075046
7ccc88bd-cc7d-4c18-891b-dc87a390bb9c,d6de87d1-6cf1-400d-8b1d-d8af4573a316,6c37ac7c-22fb-489b-9e12-ba964446997b,store,3,1331.58,19.09,2025-11-17T13:51:21.075058
b61127de-2524-49de-b672-9e9bea1f448e,400b741d-0ca0-45d6-8523-573617fee653,e19c753d-318c-4edb-b565-fc406c99c72c,mobile,1,196.25,1.62,2025-06-10T13:51:21.075069
24ba5ab3-41e2-422e-87bd-eee65747bb9c,9d5bc314-79d9-4dee-966f-dba735c7590f,905f2110-caca-46ad-b1fc-61c3fda110f1,store,1,48.6,13.31,2026-03-06T13:51:21.075081
823117e6-4009-4f01-907c-b6ce7174da81,e8beb2cc-e5de-472d-ba2a-d4017bef1f66,053f89ae-21b6-4267-baf4-f4be573d366f,store,3,213.45,15.12,2025-10-14T13:51:21.075093
775f0d07-6b53-4a86-9aa3-07b2427c791b,0728b6c8-7eab-48c3-a4e0-0f8f8dbf95f8,7df8e284-e832-44a7-94ef-f17a4e5da9d6,web,1,89.69,9.48,2025-09-14T13:51:21.075107
a5b0b2ea-0341-43d3-827d-05e5673906aa,853320e2-2a2e-4c3f-adc1-dda36244a5bf,08cb9e44-2170-4369-9ab2-a47e52847e6c,web,4,468.48,4.95,2025-08-25T13:51:21.075118
2b520b9a-4e57-48cd-8cf1-c695dbf538f3,84af72e6-800a-4dd4-88b4-15fe1f894bef,1308f602-c166-4cdc-868a-0b4938053d4d,web,1,32.44,13.36,2026-02-03T13:51:21.075130
c4672a0c-8213-468d-90d2-e571137ab34e,d71e8f1d-919c-4e14-a319-147952812e42,0e9c5cdb-187a-4121-93cd-cd24adc53bc4,mobile,3,337.95,14.44,2025-09-11T13:51:21.075142
2b7d4166-a7f4-401f-880d-a256d8322f4d,151c76f0-b52b-44c4-88d8-60c260d72682,9c0e36b8-29dc-48d8-9869-8d952c29dbdb,web,4,1194.92,3.48,2025-12-05T13:51:21.075158
714ce681-0d8f-4238-ab45-a48089e1a6ec,b5e852ab-dc42-45d2-80ed-061b15e85082,cbf743b9-e903-4a26-825c-7bde33e1d82c,mobile,5,1866.75,2.37,2025-12-05T13:51:21.075169
f115c771-6ece-4fb5-93ad-d8d39a09a5cc,596f31a6-fa4a-4f78-b82d-1c50602c82ff,f1f6542b-4b3f-4e65-8d9a-766c8d57ad72,web,4,1285.92,11.78,2026-01-24T13:51:21.075183
2b60671f-e416-4a1f-a2cd-54269b33c6c5,6c3db998-9cb9-4c30-9190-235dca95b547,69b6bb4a-cfaa-4878-91ae-e146f31c1955,web,4,1366.28,1.68,2025-06-27T13:51:21.075194
53122e98-25a8-4b6e-aa15-056db6c242fa,2720b663-694c-4910-8683-0abccd50e8d7,e19c753d-318c-4edb-b565-fc406c99c72c,web,2,392.5,18.46,2026-04-05T13:51:21.075206
59ba478f-2b2f-469f-9ff9-6ec5488e0a0a,c55e3b0c-2166-4985-a1d3-11a262d3395d,457d9d38-588b-41ff-8c67-d7258b51a8e6,mobile,1,416.4,9.88,2025-09-04T13:51:21.075218
cd3f67da-9a20-4cdb-adc7-7616cde78e1a,dd267d37-2603-4b70-afe3-80c93850b1f7,053f89ae-21b6-4267-baf4-f4be573d366f,mobile,3,213.45,6.6,2026-03-30T13:51:21.075229
a2e45e99-6b10-4262-9bc4-107d958f53ba,ba0f0624-b1c9-4f49-9041-fd7c7b1028a5,168e2ef5-ab86-444e-ad38-6cbe82465e6a,mobile,2,180.12,14.08,2026-02-10T13:51:21.075242
4fb403fa-d822-463e-90e1-02a3528d434b,d5327b4f-92bb-47e0-8591-523fd0425dda,f1f6542b-4b3f-4e65-8d9a-766c8d57ad72,web,2,642.96,18.95,2025-05-04T13:51:21.075254
314adac2-1a31-40b2-964f-41f50412a89f,67da80eb-8c00-4328-9bd2-9b409e254a97,56ad6e1f-0691-4acd-a3de-c8da072e3963,mobile,3,438.45,18.4,2025-12-19T13:51:21.075265
23592e46-691c-4628-9b90-c966757cc94c,82c6b92a-eacb-45ed-b8c3-430b0d490459,944989d7-0474-4130-959f-c793bf62259e,store,3,358.08,17.0,2025-08-01T13:51:21.075277
46324a3c-9f5a-41c5-84b5-241422058347,8ccd0f15-fc71-4c67-ad0e-2f8a0beac395,a0de6626-305c-473f-946f-bec5e72fa2b2,web,2,735.12,7.39,2026-03-17T13:51:21.075289
c97c1025-7e50-4ddf-bef7-86e53d4dcc1e,05936011-9e61-41c0-bc67-638eee4f08eb,bff07f43-24a8-4d20-b9e9-6cac1ecce307,store,4,240.28,0.92,2025-11-14T13:51:21.075300
29da3b27-96b9-4e99-b4b1-56fe0a016625,1a02c0cc-fc75-4896-95e3-13aa5ba34d35,08f682e0-0949-4d7f-9c1a-36bb48342221,mobile,5,1077.75,4.75,2026-01-16T13:51:21.075311
035cee67-8cbf-47ca-ab29-8f5aae359dab,fd6dddea-61e9-40b1-9ccc-6fa3d1499f25,11d7b21d-825c-442e-8c20-a64d4de4dd3c,store,2,114.76,15.34,2025-08-17T13:51:21.075323
7bc3250e-4633-4026-acb9-d5f02bf6c6c1,e55e95ef-f1cb-40bc-bc2a-bed8e28fabad,1308f602-c166-4cdc-868a-0b4938053d4d,mobile,4,129.76,12.19,2026-01-11T13:51:21.075339
723c4c53-3abe-4b76-94a0-410bf662e98c,e20398c7-b82b-42e3-9336-71ccbdfea714,457d9d38-588b-41ff-8c67-d7258b51a8e6,web,3,1249.2,14.97,2025-06-17T13:51:21.075362
114b7948-c454-49c3-8386-0c84d8a9cfc3,f6449f19-458b-444b-b1c6-fdab5901ee7d,11d7b21d-825c-442e-8c20-a64d4de4dd3c,mobile,2,114.76,17.02,2026-03-03T13:51:21.075375
69bdcf3c-e53f-4026-a34a-61f2c27107fa,c59d268a-6f92-4a9c-9055-5dc476e1c531,053f89ae-21b6-4267-baf4-f4be573d366f,mobile,2,142.3,7.45,2025-09-04T13:51:21.075386
5540595d-905a-4720-b11d-4cc46167475e,a52635f8-5d4b-4e50-89d7-7c68f3c83db7,1890b36f-a137-41e5-b5ed-1d9d565c4bd0,mobile,1,25.56,17.12,2025-04-29T13:51:21.075400
0679d95a-b260-440f-91fa-e7493e06745d,9fbdd83e-1473-4d7d-88eb-05463f65126d,0e9c5cdb-187a-4121-93cd-cd24adc53bc4,mobile,4,450.6,12.85,2026-02-14T13:51:21.075413
bbda8b58-911b-4d00-9c66-464dfce3b5dd,d94b6713-3071-40cb-b879-b1983278bef5,cbf743b9-e903-4a26-825c-7bde33e1d82c,mobile,4,1493.4,11.69,2026-01-30T13:51:21.075426
5b1b1b6f-9af4-45c4-8ed9-975667393ab2,1ad8fec9-6f2f-465b-85b5-6d9a98406fce,7df8e284-e832-44a7-94ef-f17a4e5da9d6,store,5,448.45,18.06,2026-02-10T13:51:21.075441
44580dd4-43e6-4834-b757-6a5763dcde70,6d40d013-a9c6-497a-a9a8-a3c69db7cdf1,457d9d38-588b-41ff-8c67-d7258b51a8e6,web,1,416.4,17.14,2025-08-27T13:51:21.075452
330b5c81-389f-4e99-9509-e56880c44061,4b8e09cb-caba-44f2-a067-285da4e537ef,28de6b67-c5da-4fd9-9ae6-64f199eb885d,mobile,4,1219.92,12.29,2026-02-02T13:51:21.075464
f8be5554-13f5-4f23-b211-bb299095f4e6,78ef8c5e-d740-4e3d-aa65-2c822c418b3c,69b6bb4a-cfaa-4878-91ae-e146f31c1955,web,5,1707.85,16.4,2025-08-08T13:51:21.075479
b6e8c8a3-78bc-444e-9549-472829048799,04ecb97a-42da-4546-96ee-d1ae2e3400b2,9c0e36b8-29dc-48d8-9869-8d952c29dbdb,mobile,1,298.73,4.92,2025-06-16T13:51:21.075495
e85fd881-9ea3-4600-be96-629979046158,4d5be6ed-605b-4d3a-83b2-7f62be7a5259,d5ee97fe-7203-4277-a432-29e8207ec8be,web,3,157.77,13.59,2025-09-01T13:51:21.075507
c5a8da0d-2bae-46f8-8c55-0c14480c1b2b,c49ee3c5-aa37-4df0-bed9-2497197ddbb3,0e9c5cdb-187a-4121-93cd-cd24adc53bc4,store,1,112.65,2.74,2026-04-02T13:51:21.075539
51637599-264f-4995-99f4-0c98475fe634,69eef18a-207f-452e-a30d-7136e30bde79,f1f6542b-4b3f-4e65-8d9a-766c8d57ad72,store,4,1285.92,12.87,2026-04-15T13:51:21.075574
d8213f8a-239f-498a-b46e-2f6cb4a78644,032cac28-42f5-4e97-be1e-7846737d3d0c,1890b36f-a137-41e5-b5ed-1d9d565c4bd0,web,3,76.68,5.09,2026-01-05T13:51:21.075586
081392c4-628e-4421-aea0-ada205d64f21,68fcba4b-67dc-40a5-b324-7628db4cddbb,69b6bb4a-cfaa-4878-91ae-e146f31c1955,web,1,341.57,2.62,2026-01-15T13:51:21.075598
bc1ef1f1-95a0-4969-bfbc-368ae3bc2c37,325a16f2-810b-43e0-b3fa-e2d5e3c13093,1308f602-c166-4cdc-868a-0b4938053d4d,mobile,5,162.2,9.89,2025-12-12T13:51:21.075613
4043b95d-341f-456b-9765-f59c9375642b,00824cc7-caaa-457e-9328-c8b8556afc23,944989d7-0474-4130-959f-c793bf62259e,mobile,2,238.72,6.92,2025-11-08T13:51:21.075624
6119184a-0acc-4ef6-9d94-21ede02f4ec6,f4898991-6e86-4b9c-a7fe-2cff54efe3ea,9c0e36b8-29dc-48d8-9869-8d952c29dbdb,mobile,5,1493.65,8.0,2025-11-05T13:51:21.075636
b92497c9-79c8-4bf1-bf5e-4c7c73eacdaa,fa848a5c-ec51-4164-a85d-f28025f41073,f6df0b45-6106-42d3-8c75-195d0ad4baee,mobile,1,388.79,15.58,2025-12-15T13:51:21.075648
6146ebed-94d4-4fa4-8963-d4657535dc94,616ee21c-1141-485b-98f2-fdb0e48d66c0,79634690-8c5c-4240-8205-82b10c85c886,store,5,1616.55,8.16,2025-12-31T13:51:21.075659
70db2fba-d9bf-4ac9-9d31-1c70c17324f7,c70ee112-9a4d-4c51-ada6-a3963b225e9c,7df8e284-e832-44a7-94ef-f17a4e5da9d6,mobile,3,269.07,1.38,2025-11-14T13:51:21.075674
6d56e35e-a477-4504-a208-9531ba55b3fb,1b23ba1c-10e6-4969-af23-0bc504b3ce59,08f682e0-0949-4d7f-9c1a-36bb48342221,mobile,2,431.1,10.1,2025-09-10T13:51:21.075693
d80404f9-4f3d-42fa-a6a5-adec8997c1b1,1bf5ec6f-1fb7-41ba-8561-83bd4b958e3f,d5ee97fe-7203-4277-a432-29e8207ec8be,mobile,2,105.18,2.64,2025-07-08T13:51:21.075719
d0b8983c-f318-4e20-8c6a-d8db50142f3b,d8485234-37db-4394-ae90-cbf6891d00c3,d5ee97fe-7203-4277-a432-29e8207ec8be,web,1,52.59,4.87,2025-11-06T13:51:21.075731
43a5ac29-efe5-4a17-9a74-4329929599b5,e28f4770-6966-405d-a263-775367525a66,1308f602-c166-4cdc-868a-0b4938053d4d,mobile,1,32.44,6.21,2026-02-23T13:51:21.075745
610665ea-a2ab-46c6-b7d6-b8c7e07823b2,a217c9df-5a7e-43b6-a2e1-a6a71f171b05,79634690-8c5c-4240-8205-82b10c85c886,mobile,1,323.31,13.15,2025-12-16T13:51:21.075756
342db916-e08c-4bed-9bed-690a8415fff5,b3f884c2-631e-4f50-8ebb-a704e4cd049d,321b80eb-c6e9-42e0-a6f5-86598247acd3,web,2,585.78,15.42,2026-01-17T13:51:21.075768
73d4dbac-d591-4122-90e2-1983d3648f37,2433a03f-64b2-4957-94be-f7b57ce9effc,ad1fb5ee-a91c-4991-9341-e395d2beecef,store,1,352.08,10.46,2025-05-06T13:51:21.075780
fe4bfbe4-cfe4-4d35-a8b1-4a640194c0a6,739dee87-b56f-4b08-a7f9-6c85d6818fe3,e68cd9b3-0f66-4719-b9c8-10a5e0acfc32,web,2,858.2,4.75,2025-09-15T13:51:21.075792
7492bb81-00b8-4d05-973f-c42639148b69,cfa50b22-dd88-4144-a163-40e5f68f236a,1890b36f-a137-41e5-b5ed-1d9d565c4bd0,mobile,4,102.24,7.61,2025-12-11T13:51:21.075804
8c1e56b2-0e30-4dbb-81f8-e18cdbf2c3ba,ce2cc2b4-d6d0-413b-9a29-38c333953cb9,7df8e284-e832-44a7-94ef-f17a4e5da9d6,mobile,5,448.45,6.13,2025-06-16T13:51:21.075826
c7a878aa-769c-4872-9d3d-556be3504266,cd0f116b-8b06-4970-a39d-a895155e5d42,e19c753d-318c-4edb-b565-fc406c99c72c,web,4,785.0,0.85,2026-01-11T13:51:21.075855
a2550fce-bc84-4d8a-8f4e-ebdb357ee5ea,4bc1996f-9825-4f06-85da-2b0db239e855,542e404c-f975-45bf-b793-249b8d15665d,mobile,1,107.42,14.35,2025-12-05T13:51:21.075882
a46db08c-387e-490d-9a69-d728f3fe1608,3aa173fb-07c2-4854-8619-e70a310930dd,69b6bb4a-cfaa-4878-91ae-e146f31c1955,store,4,1366.28,2.28,2026-04-11T13:51:21.075895
c13f774a-b47b-404b-ac07-90b0d108ea66,10c5aaaa-16e0-442a-b44c-907f6d455a23,a47d64f7-a098-44b9-8c64-05a8c978779f,web,5,1529.1,15.89,2025-10-11T13:51:21.075910
06ab16a7-e81f-4a89-b44f-880b501c04de,d47e0aed-9987-4dbc-8089-1f6faacdaacf,168e2ef5-ab86-444e-ad38-6cbe82465e6a,web,5,450.3,3.61,2025-11-02T13:51:21.075922
435fcac7-c93d-402e-806f-552febe52391,f034c227-4c36-4efd-aaf6-21c60e1aa1f6,79634690-8c5c-4240-8205-82b10c85c886,web,5,1616.55,15.29,2025-10-07T13:51:21.075933
ca52686c-ff65-4a49-9da2-44d26555a910,b8bc9125-abd7-42fa-b7cd-bccbe5922a40,1890b36f-a137-41e5-b5ed-1d9d565c4bd0,mobile,5,127.8,6.08,2025-12-01T13:51:21.075944
88b77cac-cf76-46e3-94fd-8b99e3e35849,400b741d-0ca0-45d6-8523-573617fee653,321b80eb-c6e9-42e0-a6f5-86598247acd3,store,4,1171.56,2.84,2025-06-09T13:51:21.075956
3791417b-9757-40c4-9449-ff1b11e3e28b,643e9ab7-7f06-4631-b966-7cdf4dff8ad3,6c37ac7c-22fb-489b-9e12-ba964446997b,web,3,1331.58,12.0,2025-09-28T13:51:21.075968
b87c9172-9cdc-45d2-8a51-9db9bdd58431,8290b56a-c317-4563-a6ed-d3324c017372,e19c753d-318c-4edb-b565-fc406c99c72c,web,4,785.0,8.78,2026-03-06T13:51:21.075980
90957c66-faa1-46f9-aae9-da6ec13f2e2c,207fbd9f-e63c-4a9c-b32d-dd00c57794da,28de6b67-c5da-4fd9-9ae6-64f199eb885d,store,5,1524.9,15.0,2025-08-02T13:51:21.075991
0a5bae06-0a2a-4c9b-b07d-f5bc0228ef04,a177a8f2-78cc-4b69-8423-50b9e3c5cb7e,e19c753d-318c-4edb-b565-fc406c99c72c,store,2,392.5,8.02,2025-06-20T13:51:21.076003
7c33a643-14b6-4dad-a419-bf7be741ca4e,ef8225e3-4aeb-459c-8242-fae62541926d,f6df0b45-6106-42d3-8c75-195d0ad4baee,mobile,4,1555.16,4.38,2025-09-02T13:51:21.076018
ef4103bc-15ff-4b3e-8209-8ab5b77f0fe1,d010c452-9bd9-44e7-b595-21b37cd41c07,321b80eb-c6e9-42e0-a6f5-86598247acd3,web,3,878.67,9.18,2025-08-05T13:51:21.076031
73452b5b-edce-4393-b0bf-2a4a7d5e3a08,1234b85a-6c0e-42b9-8953-1aa40eca3434,168e2ef5-ab86-444e-ad38-6cbe82465e6a,mobile,5,450.3,5.73,2025-08-14T13:51:21.076043
1005a0fe-aa0f-4d1b-ac0c-6be2286c09cc,eeece404-f5ee-44d3-8c8e-509650cb644a,9c0e36b8-29dc-48d8-9869-8d952c29dbdb,mobile,2,597.46,13.11,2025-12-25T13:51:21.076054
59dc4ed9-b0df-4425-9292-fe1f311d49c3,c0f89555-5fe2-4ced-8b60-e35e96e39987,a0de6626-305c-473f-946f-bec5e72fa2b2,store,4,1470.24,5.94,2026-03-11T13:51:21.076066
07a86fcb-6bab-4f6f-9a1a-2320f8d21767,6b1fe901-5849-41af-9f5a-20e3dd30b27e,1308f602-c166-4cdc-868a-0b4938053d4d,store,2,64.88,4.1,2025-08-05T13:51:21.076077
d493c32c-2105-4c71-893e-eb2e0fa96a81,3b8720b7-1934-40c2-a4b6-c15492ac2d17,79634690-8c5c-4240-8205-82b10c85c886,web,3,969.93,1.43,2025-05-02T13:51:21.076089
22853c14-fa3c-4130-8399-cfeb7b913cfd,f034c227-4c36-4efd-aaf6-21c60e1aa1f6,e68cd9b3-0f66-4719-b9c8-10a5e0acfc32,store,1,429.1,3.48,2025-04-30T13:51:21.076100
b7afd034-dda4-43f6-88d2-16da6fb490e9,d47e0aed-9987-4dbc-8089-1f6faacdaacf,08cb9e44-2170-4369-9ab2-a47e52847e6c,store,3,351.36,10.23,2026-01-10T13:51:21.076112
76a30465-cb5a-4720-8258-2b5805e3bef8,5811146f-e353-4d97-be9b-134b231bf480,f6df0b45-6106-42d3-8c75-195d0ad4baee,web,5,1943.95,17.74,2025-09-12T13:51:21.076124
9a21cc95-ab68-49e0-84c3-0f714755be19,dc912c17-7525-4588-998c-505710c01b09,11d7b21d-825c-442e-8c20-a64d4de4dd3c,store,4,229.52,7.77,2026-04-02T13:51:21.076135
b5a04ce3-2e50-4a92-8340-8fbcac2d425b,d0e41f6c-c8cb-4de6-86a7-55eb1edf917c,168e2ef5-ab86-444e-ad38-6cbe82465e6a,mobile,5,450.3,10.21,2025-09-29T13:51:21.076152
3a5c92b6-ff79-42c4-b448-177807c50005,c7d6cbcc-8efc-429b-a460-4d3d2147967b,cbf743b9-e903-4a26-825c-7bde33e1d82c,mobile,2,746.7,11.17,2025-10-04T13:51:21.076172
417ebe83-8923-40a8-b038-a21c92e28236,72595032-530c-40ee-b0f0-4ba91d52b77a,6eae25b5-bfd1-445a-b0d8-86e5ef9604a3,store,1,479.02,10.83,2026-04-01T13:51:21.076184
458c60c8-1780-44d8-86e5-d12319454f40,7854426f-3ba2-4c07-8849-e06fc12c1b12,6eae25b5-bfd1-445a-b0d8-86e5ef9604a3,mobile,4,1916.08,16.86,2025-12-20T13:51:21.076196
664ac1a2-3f53-448b-a2a1-147ea12f4f24,cd7c00ee-783f-44f3-9c7f-80c043255ce5,6c37ac7c-22fb-489b-9e12-ba964446997b,mobile,5,2219.3,19.04,2026-01-13T13:51:21.076207
f803b473-153a-4b5f-9711-c45279d6266b,3aa173fb-07c2-4854-8619-e70a310930dd,28de6b67-c5da-4fd9-9ae6-64f199eb885d,web,2,609.96,7.67,2025-08-11T13:51:21.076219
00f4ec21-a692-4a34-81f8-e27d28505377,c55e3b0c-2166-4985-a1d3-11a262d3395d,6eae25b5-bfd1-445a-b0d8-86e5ef9604a3,web,3,1437.06,18.16,2026-03-14T13:51:21.076230
54a5d545-8e47-4aa6-bc3b-a628974de0b3,03e7d570-d942-42d5-972f-7ff8aca4fe7e,1308f602-c166-4cdc-868a-0b4938053d4d,web,2,64.88,1.64,2025-06-23T13:51:21.076242
43537f74-5f53-414d-b80a-b7b3b0fd1703,d27db049-06bb-49d0-9384-1d005fc4197d,9c0e36b8-29dc-48d8-9869-8d952c29dbdb,web,2,597.46,5.62,2025-07-27T13:51:21.076253
77948c0d-9336-42ff-84f3-3f1778679fe5,bb4ef3c6-a55d-4ec2-9f3e-ed8bc693d9d5,1791a541-fe39-430b-9626-a24acd85e08e,web,2,543.44,10.73,2026-04-05T13:51:21.076267
4133c704-0af3-4773-8bac-3417f1831175,6f391870-9416-4da1-a5a1-4a2f0be76e0e,f6df0b45-6106-42d3-8c75-195d0ad4baee,store,1,388.79,13.54,2025-08-13T13:51:21.076279
d38d7e24-1e17-4b26-99e5-17ccdf7827de,4c7f58a8-13fa-4e51-9b68-67a6d7e2f59e,1791a541-fe39-430b-9626-a24acd85e08e,store,3,815.16,17.89,2025-06-24T13:51:21.076292
4e95446f-3dab-458a-918c-a31273d138cc,a539424b-3bc3-488a-86dd-c9667b50b118,f1f6542b-4b3f-4e65-8d9a-766c8d57ad72,web,5,1607.4,6.31,2025-06-12T13:51:21.076306
c70e6f9f-6fa5-4eb4-be9a-cf865417557c,a92984c0-2022-4ff4-9915-d94264c7fd2a,542e404c-f975-45bf-b793-249b8d15665d,web,1,107.42,2.21,2025-08-07T13:51:21.076317
59fa97ce-778e-4af9-918c-2c3bec25f382,a297e636-369b-47d2-b6d9-e19bf136f198,e68cd9b3-0f66-4719-b9c8-10a5e0acfc32,store,3,1287.3,10.34,2025-09-14T13:51:21.076329
9be1ac33-a29e-40cd-bf0c-d0e10a42099c,f4a16aad-10c8-456d-a7e3-f8f2fd704455,17c1c99f-c424-420e-8868-5ab21bafe8e5,mobile,5,711.3,2.04,2025-07-16T13:51:21.076341
b88bc5a1-70e8-472d-b15b-8b3bf6998c86,01b0c61b-4ff2-4653-a90f-f2336d2cab3a,79634690-8c5c-4240-8205-82b10c85c886,store,4,1293.24,4.23,2026-03-07T13:51:21.076352
9e75fcf9-444d-49ce-9a25-4ab10b2523aa,efea988a-5ab4-4061-a010-1c03b054328b,905f2110-caca-46ad-b1fc-61c3fda110f1,web,4,194.4,19.86,2025-12-12T13:51:21.076364
382c7e8b-fb53-477e-8bec-4ea563ac0d4e,039c9b20-dd1e-4d98-ac25-be384c76f160,08cb9e44-2170-4369-9ab2-a47e52847e6c,store,2,234.24,19.62,2025-06-14T13:51:21.076375
017f7a19-7773-4c9d-987f-aa4d2a04cc84,52b779bf-b219-4f6a-bf6d-facce6fa6900,6c37ac7c-22fb-489b-9e12-ba964446997b,mobile,4,1775.44,17.33,2026-01-14T13:51:21.076387
10e14d66-1eed-4668-a4fa-b0f00f48852e,dc912c17-7525-4588-998c-505710c01b09,08cb9e44-2170-4369-9ab2-a47e52847e6c,store,4,468.48,12.18,2025-06-14T13:51:21.076398
1d388f87-7549-400a-a9b0-bfc3049b2120,3b8720b7-1934-40c2-a4b6-c15492ac2d17,ca3df109-0f94-4c65-bb50-5e247fa97614,web,5,1769.4,1.77,2025-07-30T13:51:21.076416
480b1b18-e18f-482d-a303-a67c27664f2b,e599d142-71ea-4ee4-8680-b02ba12c7bd9,56ad6e1f-0691-4acd-a3de-c8da072e3963,mobile,5,730.75,11.8,2025-04-27T13:51:21.076438
f1541a6f-8581-4d61-b7b9-e2e4699246e6,a539424b-3bc3-488a-86dd-c9667b50b118,69b6bb4a-cfaa-4878-91ae-e146f31c1955,web,4,1366.28,13.95,2025-07-18T13:51:21.076450
7a5467d3-4def-4e57-a437-b40d9972d01a,0405e266-5a01-46aa-8949-ead219b74ace,56ad6e1f-0691-4acd-a3de-c8da072e3963,web,1,146.15,8.52,2025-08-03T13:51:21.076462
c730c993-a475-4b8f-a00c-0ae0e9bb0998,77a1f19a-1cff-43c5-b777-99dc030e28ab,6c37ac7c-22fb-489b-9e12-ba964446997b,mobile,2,887.72,3.43,2025-05-01T13:51:21.076474
85d7f1be-9cff-47d6-9d10-e3f0c4498d1b,29a057d1-7c37-45a4-8af5-5c3dcb4ad8a3,6eae25b5-bfd1-445a-b0d8-86e5ef9604a3,web,2,958.04,16.05,2025-09-12T13:51:21.076489
d45b00b7-7e76-4dac-9ff9-efc65f97f176,10c5aaaa-16e0-442a-b44c-907f6d455a23,d5ee97fe-7203-4277-a432-29e8207ec8be,mobile,4,210.36,6.59,2025-06-05T13:51:21.076507
33127db2-c161-4c36-abcf-7dee9172e63c,0020e35e-aa5d-4890-a121-d2a1de6df4ca,944989d7-0474-4130-959f-c793bf62259e,mobile,1,119.36,12.04,2025-11-08T13:51:21.076550
2d187176-c79d-49f9-ae5e-296636e52c69,f4898991-6e86-4b9c-a7fe-2cff54efe3ea,bff07f43-24a8-4d20-b9e9-6cac1ecce307,web,4,240.28,12.03,2025-05-06T13:51:21.076578
7c25c523-b21c-44d6-92b0-7fa935a1afec,660774c2-3e9a-4fb9-8a1d-efc23461f660,a0de6626-305c-473f-946f-bec5e72fa2b2,store,3,1102.68,10.07,2025-07-25T13:51:21.076590
453f3db2-4578-43b4-9f26-bd02b6adcea3,6fe8c4f8-6f02-4706-b398-6c3d0653b820,e68cd9b3-0f66-4719-b9c8-10a5e0acfc32,mobile,2,858.2,18.34,2025-05-02T13:51:21.076606
ab9dd9cc-e11f-43a2-b39f-40e7837eb638,aec97b20-5ba5-49c5-825e-394baa6577c2,28de6b67-c5da-4fd9-9ae6-64f199eb885d,store,2,609.96,19.98,2025-08-12T13:51:21.076617
c13a34aa-1c48-46da-aac4-c0217d82ef3b,3b8720b7-1934-40c2-a4b6-c15492ac2d17,08f682e0-0949-4d7f-9c1a-36bb48342221,store,2,431.1,2.12,2025-11-02T13:51:21.076629
9c1e0195-b889-4918-aa14-0f0d2b11c30d,97ef2d8d-9dfa-469c-9ff4-e4f4cfc6f847,a47d64f7-a098-44b9-8c64-05a8c978779f,mobile,1,305.82,14.8,2025-06-12T13:51:21.076640
b9f2a2a1-bd3c-4308-900f-4ad40652ed81,a25735b8-5c51-4599-aa6b-d519ac2f083a,17c1c99f-c424-420e-8868-5ab21bafe8e5,mobile,1,142.26,16.86,2025-05-28T13:51:21.076653
9983cfad-22be-449d-952b-1193bc998c07,98847063-7710-4c83-929c-e743a391e78c,11d7b21d-825c-442e-8c20-a64d4de4dd3c,web,4,229.52,18.09,2025-09-12T13:51:21.076664
9bcfe6e9-a2f5-43a6-ba9b-36c53673c523,706a122a-0673-42d0-ab4d-15b133b4527f,24665074-3a11-4fcf-82f7-1d50a0b2580f,web,2,763.62,2.43,2025-09-20T13:51:21.076676
24fbdaf9-3a35-49aa-8f97-93110c150614,c69c213c-78e1-4bab-9a52-334bd420ad6d,f6df0b45-6106-42d3-8c75-195d0ad4baee,mobile,2,777.58,5.22,2025-06-27T13:51:21.076688
0f19d824-2f83-436b-a7e2-99fdee44731d,400b741d-0ca0-45d6-8523-573617fee653,08cb9e44-2170-4369-9ab2-a47e52847e6c,store,2,234.24,6.37,2025-07-05T13:51:21.076699
7d43cf7b-bf55-4346-be7f-89ab19518f79,f4a16aad-10c8-456d-a7e3-f8f2fd704455,905f2110-caca-46ad-b1fc-61c3fda110f1,web,4,194.4,12.06,2025-12-25T13:51:21.076711
08792e96-21b0-4ca2-827d-1394a51255b2,edc763b9-98ed-4423-9fa2-d0b98da2d055,0e9c5cdb-187a-4121-93cd-cd24adc53bc4,mobile,5,563.25,13.23,2025-09-23T13:51:21.076723
c39a3f1f-2608-42a7-86b0-4633e050bece,897ea419-5205-4856-81b1-ab4a07c658a1,944989d7-0474-4130-959f-c793bf62259e,mobile,5,596.8,13.23,2025-09-08T13:51:21.076734
c8ac92d4-1233-4a7a-99b6-f9f5a6749da1,ea1872d3-f341-4e4d-ba06-92d09a33fa7a,168e2ef5-ab86-444e-ad38-6cbe82465e6a,mobile,4,360.24,5.55,2026-02-05T13:51:21.076754
e32dd92d-f02e-44c6-80ca-15a07792ce01,b1b3cebd-4a2a-433a-8058-12a34df6a3b3,944989d7-0474-4130-959f-c793bf62259e,mobile,5,596.8,17.32,2025-06-07T13:51:21.076778
bd02b045-5f5d-419d-b89d-f8500f51ff3d,9b88430b-2b81-4613-aaae-c095517cd2e4,08cb9e44-2170-4369-9ab2-a47e52847e6c,mobile,4,468.48,15.53,2025-08-11T13:51:21.076790
5af437fb-e388-4266-beab-741c8d6f4b38,486e7590-a65d-4b51-90c2-c0656ce8f42e,457d9d38-588b-41ff-8c67-d7258b51a8e6,store,1,416.4,10.16,2025-09-13T13:51:21.076802
593ca9cf-6e0b-4f38-941c-196d9c5db6ad,13827467-0bd2-4e34-876c-8bb8ec7a0c88,56ad6e1f-0691-4acd-a3de-c8da072e3963,store,2,292.3,3.84,2025-06-01T13:51:21.076813
87deb301-2753-4d87-8ec2-dad299175bc2,967a969f-428a-4ffe-ad7a-fb432d7496a2,f1f6542b-4b3f-4e65-8d9a-766c8d57ad72,mobile,1,321.48,2.72,2025-08-14T13:51:21.076828
8c1e2313-ef48-46a2-b271-a133efddd9e6,da991ae8-4eeb-4b2d-821b-05b27c818222,6eae25b5-bfd1-445a-b0d8-86e5ef9604a3,mobile,3,1437.06,18.4,2026-04-10T13:51:21.076840
dd90af75-a586-4034-8057-e4d8bf53c346,ac9e9fa2-9a9f-4abb-bf77-bce10aeed1be,542e404c-f975-45bf-b793-249b8d15665d,web,2,214.84,14.7,2025-05-20T13:51:21.076852
dface6f2-9194-437a-a62e-88064cee72e1,8e2a7aa8-8e6c-4b41-9ba3-9577be455dc7,a47d64f7-a098-44b9-8c64-05a8c978779f,mobile,1,305.82,10.5,2025-04-28T13:51:21.076863
f6e3e7ab-5b24-4f82-af9c-d3ee1afb6b68,5ea34c47-e02d-45ce-bbe2-3ae31540f714,6eae25b5-bfd1-445a-b0d8-86e5ef9604a3,mobile,1,479.02,18.25,2025-09-17T13:51:21.076875
0b3a3ae3-541c-4ec2-93fe-ca86d6b3bed9,0a6dd152-f4e3-4ace-b8a8-88e743549233,bff07f43-24a8-4d20-b9e9-6cac1ecce307,store,4,240.28,18.04,2025-11-06T13:51:21.076895
04e6b152-26ef-4e23-9e2a-337a39903e41,f4a16aad-10c8-456d-a7e3-f8f2fd704455,168e2ef5-ab86-444e-ad38-6cbe82465e6a,store,1,90.06,5.8,2025-05-18T13:51:21.076927
b81799db-c271-469e-a1b7-fb05b86243ab,b3f884c2-631e-4f50-8ebb-a704e4cd049d,a0de6626-305c-473f-946f-bec5e72fa2b2,web,5,1837.8,13.39,2025-11-28T13:51:21.076953
a8daa2f6-8ff2-46c7-b70a-03d5d9688ec3,b1e46fa8-728f-4df2-8c6c-eada87873a60,cbf743b9-e903-4a26-825c-7bde33e1d82c,store,2,746.7,4.89,2025-04-26T13:51:21.076974
57986bfe-1d60-4ad0-9ed9-190fc6584ac9,b0b5d801-ca6b-405b-820c-269c6367bf13,321b80eb-c6e9-42e0-a6f5-86598247acd3,mobile,1,292.89,6.15,2025-04-23T13:51:21.076987
76a60ba3-49a6-4993-8525-fe7853fe10cb,312c0f57-1c60-4283-ae57-d81c0a0b7cdd,6c37ac7c-22fb-489b-9e12-ba964446997b,mobile,1,443.86,14.72,2026-02-14T13:51:21.076999
9283a696-fb26-4433-9390-75347246a5a1,5a07bc88-ff0b-4476-965f-f4c8d2922d97,d5ee97fe-7203-4277-a432-29e8207ec8be,store,3,157.77,0.16,2025-09-14T13:51:21.077010
72efa6e3-0a5d-4f5e-bdc3-6c6670db58ed,efea988a-5ab4-4061-a010-1c03b054328b,2341a1b6-ca76-4973-ad2e-4a906f9fd51d,store,3,352.8,9.9,2026-02-22T13:51:21.077023
483e679b-552d-43b9-871f-bb43cd435879,6348aef4-0c22-4f32-82aa-af99e49beca1,168e2ef5-ab86-444e-ad38-6cbe82465e6a,web,5,450.3,17.95,2025-04-19T13:51:21.077035
65331819-e469-4b84-b96e-232df6fc5dd3,8dffa9f2-549a-4fcc-bc8a-89381a4325e6,944989d7-0474-4130-959f-c793bf62259e,mobile,3,358.08,2.68,2025-11-07T13:51:21.077046
c9d70cb4-99a4-448e-a139-6c763e27dbcf,e599d142-71ea-4ee4-8680-b02ba12c7bd9,905f2110-caca-46ad-b1fc-61c3fda110f1,mobile,1,48.6,12.47,2025-04-30T13:51:21.077058
ca98aa4c-e837-4e9b-b435-e1fb20aa4980,4b8e09cb-caba-44f2-a067-285da4e537ef,24665074-3a11-4fcf-82f7-1d50a0b2580f,mobile,4,1527.24,18.04,2026-03-08T13:51:21.077070
afb7798c-283b-4a98-a213-35e6ce6677fd,3aa173fb-07c2-4854-8619-e70a310930dd,d5ee97fe-7203-4277-a432-29e8207ec8be,web,1,52.59,6.37,2025-05-21T13:51:21.077081
4e6b5f91-3ef9-4dad-836e-9da31fcd14d8,b6bae32c-417a-4606-ab1f-a80de57064d7,a47d64f7-a098-44b9-8c64-05a8c978779f,mobile,2,611.64,19.8,2025-06-24T13:51:21.077093
648db26d-db5e-425a-a98f-e526d0e38319,bdab1d19-8ba7-4bfc-a5ad-61087bba98d6,24665074-3a11-4fcf-82f7-1d50a0b2580f,store,2,763.62,14.22,2025-08-13T13:51:21.077107
7b703f5b-5460-434b-9923-301b0666e9af,d644d7f1-f084-4ec8-a9ef-a0f40649a17b,e19c753d-318c-4edb-b565-fc406c99c72c,web,5,981.25,11.4,2026-01-17T13:51:21.077120
00930f10-451c-4b4f-a5a7-463753e89d59,e25f4035-459a-430c-a3b0-ae644d2ee520,6eae25b5-bfd1-445a-b0d8-86e5ef9604a3,web,5,2395.1,11.37,2025-10-01T13:51:21.077131
7412fdb3-5287-4dc3-8767-70f110fe08e5,d211948e-8e58-4cae-862a-3e11e5fe3f2d,d5ee97fe-7203-4277-a432-29e8207ec8be,mobile,5,262.95,13.54,2026-01-07T13:51:21.077143
30c49828-2993-424c-8af6-0e1614db49e2,5e1fa70f-19c4-4eff-8b14-2c1bc4836ad4,6eae25b5-bfd1-445a-b0d8-86e5ef9604a3,store,3,1437.06,13.07,2026-02-10T13:51:21.077160
5781992d-a49d-49c3-a95e-8fec0d3e19e4,9a58294d-b1d7-464a-a310-45a0eccb0b17,08f682e0-0949-4d7f-9c1a-36bb48342221,store,3,646.65,8.49,2026-04-14T13:51:21.077172
1f61fba8-6432-4c21-9db7-4476e87c401d,fe8004db-ae57-4bee-a0a8-df5308934a24,bdea1b76-1208-4a2f-b2e1-1aa8a5626500,store,2,616.92,3.83,2025-11-28T13:51:21.077184
77bfd880-c780-4f09-b165-84f9667eeeb6,f36fccea-2534-4b79-a552-2ebb363bad1a,053f89ae-21b6-4267-baf4-f4be573d366f,mobile,5,355.75,4.6,2025-07-14T13:51:21.077195
d73209de-e09d-4daf-96e9-bfd035d61b7b,42739148-1263-40e6-8a79-44cde3b55420,11d7b21d-825c-442e-8c20-a64d4de4dd3c,store,2,114.76,2.05,2025-08-17T13:51:21.077207
1c8092b6-57be-4405-a5f3-43b9c0456c6f,a7efd861-82e5-43b1-9e1d-0c829bfa825e,1791a541-fe39-430b-9626-a24acd85e08e,mobile,4,1086.88,5.09,2025-09-04T13:51:21.077221
c854ac94-e058-4ed4-8858-9dc635684740,64fd2fb3-4de5-4dec-b89a-7ad24fb60fbf,bdea1b76-1208-4a2f-b2e1-1aa8a5626500,store,4,1233.84,3.51,2025-10-12T13:51:21.077233
10f445c0-458b-4bab-8633-3782cb87042b,5b737127-dd4b-42d2-8e51-24ce5e175dba,17c1c99f-c424-420e-8868-5ab21bafe8e5,mobile,2,284.52,18.89,2025-10-01T13:51:21.077248
834d23a8-05fa-4038-9214-8363fa4fbe2d,cd4bae82-f1c1-4249-b9de-54fb8ee5a56a,457d9d38-588b-41ff-8c67-d7258b51a8e6,store,3,1249.2,5.38,2026-04-05T13:51:21.077261
37692f46-8278-440c-bd5b-b255768c19b2,6fe8c4f8-6f02-4706-b398-6c3d0653b820,cbf743b9-e903-4a26-825c-7bde33e1d82c,web,5,1866.75,19.48,2025-10-20T13:51:21.077272
e939141d-ba5e-4197-9ff6-b22eec05945c,3f9dc824-91b5-4ab4-b84d-905a7500ef6d,17c1c99f-c424-420e-8868-5ab21bafe8e5,store,5,711.3,12.18,2025-06-01T13:51:21.077285
e29ad8ad-21ee-41ac-8fd1-3737b1ef45e2,c28076f1-629d-4e62-9dae-bd317892740b,0e9c5cdb-187a-4121-93cd-cd24adc53bc4,mobile,1,112.65,8.54,2025-12-09T13:51:21.077297
cda517a9-ce8f-42cf-9660-9c8b317e83dd,d3dcaad1-9e4d-4862-b064-aa7e02b5f7a7,e19c753d-318c-4edb-b565-fc406c99c72c,web,3,588.75,6.45,2025-10-30T13:51:21.077309
edbbd514-d503-4bd7-98d3-29c0cb831c78,acd34a34-250e-4096-9b7d-6f794c95fa49,0e9c5cdb-187a-4121-93cd-cd24adc53bc4,web,4,450.6,5.17,2025-10-29T13:51:21.077321
1f3d954a-b041-469e-8c07-b806a05fb13f,bb4ef3c6-a55d-4ec2-9f3e-ed8bc693d9d5,17c1c99f-c424-420e-8868-5ab21bafe8e5,web,5,711.3,0.75,2026-01-02T13:51:21.077333
9bbce90f-ce27-4e95-8be0-c82e068b5648,8c0ec5af-151e-4280-ab18-606cae2ad64a,457d9d38-588b-41ff-8c67-d7258b51a8e6,mobile,3,1249.2,10.17,2026-02-05T13:51:21.077344
cf4554a9-9b10-49ef-9f7a-7d57a04c2b17,893a1913-8bbc-4c49-821a-1dc2aff85261,56ad6e1f-0691-4acd-a3de-c8da072e3963,mobile,3,438.45,14.59,2025-11-21T13:51:21.077358
e154e726-3fd9-46ad-8def-8fc3606fa068,325a16f2-810b-43e0-b3fa-e2d5e3c13093,f6df0b45-6106-42d3-8c75-195d0ad4baee,store,4,1555.16,8.59,2025-07-25T13:51:21.077372
a60084e9-d384-4bf8-a1c2-738dc48f701f,ac9d43e7-e4a4-4d8f-b14c-e805d4976edf,168e2ef5-ab86-444e-ad38-6cbe82465e6a,store,5,450.3,9.14,2025-06-23T13:51:21.077385
fe07474a-33e0-480c-abc8-f32113750776,d7e80692-b86e-40b6-b9de-46a15d1df915,08cb9e44-2170-4369-9ab2-a47e52847e6c,mobile,4,468.48,0.44,2025-04-22T13:51:21.077396
76f7b878-7f6a-4fca-8f84-73e364d9beb5,3a9aea0a-65d8-411d-a515-5239f165ec5d,e19c753d-318c-4edb-b565-fc406c99c72c,web,5,981.25,16.93,2026-03-20T13:51:21.077408
ca340b92-b31a-4a97-9cfc-9350d6efad0d,8369c1b7-e066-4496-95c8-c4798a0240e4,f1f6542b-4b3f-4e65-8d9a-766c8d57ad72,web,1,321.48,19.27,2026-03-05T13:51:21.077420
596691d1-41ce-4c93-9194-e9006b1df8d1,bfa1faa6-7870-4ab7-b386-25eb3624f4dc,1791a541-fe39-430b-9626-a24acd85e08e,web,3,815.16,6.73,2025-08-29T13:51:21.077432
b15288ff-a508-4c61-8ea2-9ec421c8bf00,da991ae8-4eeb-4b2d-821b-05b27c818222,6c37ac7c-22fb-489b-9e12-ba964446997b,mobile,4,1775.44,6.52,2025-09-06T13:51:21.077444
0ac7e0b1-25c0-4acd-9251-d876398bdc7b,fbce644f-c034-451d-a9da-e01919623f87,457d9d38-588b-41ff-8c67-d7258b51a8e6,mobile,1,416.4,10.1,2025-07-12T13:51:21.077455
a8af309f-f4a2-404b-8846-8ca3fc2320c5,8e2a7aa8-8e6c-4b41-9ba3-9577be455dc7,cbf743b9-e903-4a26-825c-7bde33e1d82c,store,1,373.35,13.24,2025-10-01T13:51:21.077467
2240e90e-24c0-485d-a136-8fc25e02974a,8731ca65-1e1e-4850-a464-1901c9b19bd4,2341a1b6-ca76-4973-ad2e-4a906f9fd51d,store,2,235.2,13.89,2026-01-01T13:51:21.077482
3cb0816a-f938-4a0c-9628-2d327fcfa3e8,bc2a15b3-8cd0-4701-8a84-5408610596e6,321b80eb-c6e9-42e0-a6f5-86598247acd3,store,5,1464.45,11.51,2025-05-23T13:51:21.077508
6db770b3-6fc2-48c5-afba-3c00254a6301,e83d5e91-42bc-417b-be08-af280ea86d5d,cbf743b9-e903-4a26-825c-7bde33e1d82c,web,3,1120.05,12.91,2025-11-01T13:51:21.077547
160302e3-d9bd-4334-b4d9-c2d2bc5c4c9f,aa5ec596-9d76-401f-aa26-57c32ecec090,e68cd9b3-0f66-4719-b9c8-10a5e0acfc32,mobile,4,1716.4,15.82,2025-04-18T13:51:21.077567
d6860265-af2e-427f-b0d8-793157b92a81,0ebb1121-5e3e-4d5b-b10b-61858bcd68c5,ca3df109-0f94-4c65-bb50-5e247fa97614,web,3,1061.64,2.71,2025-11-07T13:51:21.077579
fd9717ef-ad47-4d7f-a044-52b10289b634,1b23ba1c-10e6-4969-af23-0bc504b3ce59,11d7b21d-825c-442e-8c20-a64d4de4dd3c,store,2,114.76,1.44,2025-07-02T13:51:21.077591
a713690f-5262-4085-a879-479d5f84981a,d71e8f1d-919c-4e14-a319-147952812e42,168e2ef5-ab86-444e-ad38-6cbe82465e6a,store,5,450.3,16.03,2026-01-20T13:51:21.077607
cc10f0cf-d64f-4a2c-9ca6-8dc80e27a1a6,bb4ef3c6-a55d-4ec2-9f3e-ed8bc693d9d5,053f89ae-21b6-4267-baf4-f4be573d366f,store,1,71.15,1.11,2026-02-08T13:51:21.077628
5dac88f6-6f8e-4e09-adb5-c5e3abfe3b37,01345167-d5c6-442f-9e36-7a5740ee4bcf,bff07f43-24a8-4d20-b9e9-6cac1ecce307,mobile,5,300.35,19.98,2025-11-01T13:51:21.077640
0510db6d-65ff-405e-8c20-ee3be247f1ab,967a969f-428a-4ffe-ad7a-fb432d7496a2,24665074-3a11-4fcf-82f7-1d50a0b2580f,mobile,4,1527.24,19.85,2025-11-12T13:51:21.077654
bcfc66b3-b539-4785-a0de-5be5d9677a2f,09ea9b77-2776-4869-9b5d-0cfcb5dee3eb,e68cd9b3-0f66-4719-b9c8-10a5e0acfc32,mobile,2,858.2,5.75,2025-07-25T13:51:21.077666
2ed875ae-a970-4414-9c3b-18c239bd1bd3,8757f80d-81ed-4e4f-a7d0-dd997cfdac05,e68cd9b3-0f66-4719-b9c8-10a5e0acfc32,mobile,5,2145.5,7.71,2026-03-20T13:51:21.077678
2ca15540-00a4-4513-882f-8412260314cc,a25735b8-5c51-4599-aa6b-d519ac2f083a,bdea1b76-1208-4a2f-b2e1-1aa8a5626500,web,3,925.38,14.4,2025-12-23T13:51:21.077690
7897e9d3-3e53-4fdb-afa0-2f0b111cf6e1,ae5fe4b9-a9aa-4f59-b42b-46e5f2468402,cbf743b9-e903-4a26-825c-7bde33e1d82c,store,1,373.35,10.99,2026-02-02T13:51:21.077701
3d3bbef3-574e-4ddb-9596-83fb14210f28,d0e41f6c-c8cb-4de6-86a7-55eb1edf917c,457d9d38-588b-41ff-8c67-d7258b51a8e6,mobile,1,416.4,4.17,2025-06-07T13:51:21.077713
6ae7a0e7-ab59-4172-bda0-a3a9c2573bbf,1317509d-d5f2-4937-b745-e8344d4b202a,a0de6626-305c-473f-946f-bec5e72fa2b2,web,5,1837.8,18.13,2025-10-09T13:51:21.077724
50e43f41-05ff-4dfa-9e86-28b621a64d4f,98847063-7710-4c83-929c-e743a391e78c,ca3df109-0f94-4c65-bb50-5e247fa97614,mobile,4,1415.52,7.52,2025-10-18T13:51:21.077736
fe79e2a6-b71d-4b86-bd7c-8d1ee82407e3,59734e6c-879e-4a68-86e6-a30c9e01f2a6,69b6bb4a-cfaa-4878-91ae-e146f31c1955,store,2,683.14,8.3,2025-09-29T13:51:21.077747
79998256-c86d-440d-996b-2b4baeec0779,edf7364c-5fb5-440f-9742-0f14133ceede,ad1fb5ee-a91c-4991-9341-e395d2beecef,store,4,1408.32,6.08,2025-12-26T13:51:21.077759
669e7bd5-8508-4cab-acba-588c88ed7801,4a048325-8212-43a5-beca-25ad536f4cee,56ad6e1f-0691-4acd-a3de-c8da072e3963,store,5,730.75,10.17,2025-12-04T13:51:21.077770
cddd3f4a-999a-4de8-ae6e-c2dca6634b68,c55e3b0c-2166-4985-a1d3-11a262d3395d,1308f602-c166-4cdc-868a-0b4938053d4d,web,2,64.88,10.74,2025-12-17T13:51:21.077781
